# channel,epoch_s,x_m,y_m,z_m
nav,1700000000.000,-59.848,-40.520,-1457.125
nav,1700000000.100,-59.330,-40.976,-1458.104
nav,1700000000.200,-59.536,-40.158,-1457.414
nav,1700000000.300,-59.827,-39.560,-1456.970
nav,1700000000.400,-59.167,-39.436,-1457.078
nav,1700000000.500,-59.430,-39.816,-1457.744
nav,1700000000.600,-58.361,-40.025,-1457.310
nav,1700000000.700,-58.940,-39.389,-1457.247
nav,1700000000.800,-58.614,-40.176,-1456.857
nav,1700000000.900,-58.017,-39.794,-1456.860
nav,1700000001.000,-56.929,-40.203,-1457.285
nav,1700000001.100,-58.207,-39.692,-1456.417
nav,1700000001.200,-57.657,-40.420,-1457.347
nav,1700000001.300,-57.075,-39.628,-1456.616
nav,1700000001.400,-57.533,-39.884,-1456.782
nav,1700000001.500,-56.891,-39.564,-1456.681
nav,1700000001.600,-56.461,-39.966,-1456.602
nav,1700000001.700,-56.284,-40.729,-1456.859
nav,1700000001.800,-56.635,-40.319,-1456.790
nav,1700000001.900,-55.453,-40.433,-1456.121
nav,1700000002.000,-56.841,-40.167,-1456.476
nav,1700000002.100,-55.507,-39.644,-1456.114
nav,1700000002.200,-55.774,-40.231,-1456.035
nav,1700000002.300,-55.496,-40.638,-1456.983
nav,1700000002.400,-55.660,-39.751,-1456.298
nav,1700000002.500,-54.655,-40.214,-1456.243
nav,1700000002.600,-54.487,-40.155,-1456.047
nav,1700000002.700,-54.931,-40.182,-1456.419
nav,1700000002.800,-54.998,-39.757,-1456.416
nav,1700000002.900,-54.194,-39.760,-1455.911
nav,1700000003.000,-53.667,-40.049,-1456.299
nav,1700000003.100,-53.840,-40.844,-1456.764
nav,1700000003.200,-54.261,-40.499,-1455.793
nav,1700000003.300,-53.853,-40.189,-1455.297
nav,1700000003.400,-53.378,-39.631,-1456.366
nav,1700000003.500,-53.103,-40.475,-1456.022
nav,1700000003.600,-52.380,-40.864,-1455.588
nav,1700000003.700,-52.481,-40.297,-1456.481
nav,1700000003.800,-52.364,-40.265,-1455.595
nav,1700000003.900,-52.189,-39.199,-1455.784
nav,1700000004.000,-52.512,-39.910,-1455.507
nav,1700000004.100,-51.120,-39.582,-1455.392
nav,1700000004.200,-50.868,-40.594,-1455.843
nav,1700000004.300,-51.863,-40.195,-1456.165
nav,1700000004.400,-50.882,-40.111,-1456.165
nav,1700000004.500,-51.508,-39.843,-1454.963
nav,1700000004.600,-49.802,-38.543,-1455.128
nav,1700000004.700,-51.095,-41.066,-1455.155
nav,1700000004.800,-50.806,-40.208,-1455.548
nav,1700000004.900,-50.270,-39.467,-1455.116
nav,1700000005.000,-50.079,-40.518,-1455.985
nav,1700000005.100,-50.043,-40.027,-1454.217
nav,1700000005.200,-49.535,-39.509,-1455.304
nav,1700000005.300,-49.992,-40.483,-1455.370
nav,1700000005.400,-48.136,-40.411,-1454.541
nav,1700000005.500,-49.451,-39.534,-1454.721
nav,1700000005.600,-48.878,-40.020,-1455.195
nav,1700000005.700,-48.377,-40.227,-1455.433
nav,1700000005.800,-49.039,-39.914,-1453.984
nav,1700000005.900,-48.120,-40.059,-1454.584
nav,1700000006.000,-47.347,-39.890,-1454.885
nav,1700000006.100,-47.247,-39.786,-1453.865
nav,1700000006.200,-47.508,-40.612,-1455.271
nav,1700000006.300,-46.575,-39.138,-1454.630
nav,1700000006.400,-47.392,-39.269,-1455.047
nav,1700000006.500,-47.447,-39.678,-1454.644
nav,1700000006.600,-46.803,-40.082,-1454.231
nav,1700000006.700,-45.896,-39.955,-1454.031
nav,1700000006.800,-47.425,-40.024,-1454.728
nav,1700000006.900,-46.809,-40.439,-1454.427
nav,1700000007.000,-45.542,-40.663,-1454.198
nav,1700000007.100,-46.042,-40.164,-1453.665
nav,1700000007.200,-45.331,-39.331,-1454.197
nav,1700000007.300,-45.748,-40.112,-1453.952
nav,1700000007.400,-45.112,-40.542,-1453.982
nav,1700000007.500,-44.886,-38.741,-1453.042
nav,1700000007.600,-45.227,-40.144,-1454.665
nav,1700000007.700,-44.895,-39.842,-1453.284
nav,1700000007.800,-44.765,-40.327,-1454.914
nav,1700000007.900,-44.281,-40.531,-1454.059
nav,1700000008.000,-44.438,-40.047,-1454.627
nav,1700000008.100,-44.534,-38.935,-1454.345
nav,1700000008.200,-44.148,-39.082,-1452.202
nav,1700000008.300,-43.986,-40.184,-1453.438
nav,1700000008.400,-42.336,-40.493,-1453.685
nav,1700000008.500,-42.611,-39.783,-1453.704
nav,1700000008.600,-42.867,-40.687,-1453.588
nav,1700000008.700,-42.733,-39.884,-1453.701
nav,1700000008.800,-42.164,-39.494,-1453.299
nav,1700000008.900,-42.024,-39.973,-1453.330
nav,1700000009.000,-42.361,-39.842,-1453.333
nav,1700000009.100,-40.753,-39.213,-1453.045
nav,1700000009.200,-41.982,-40.556,-1452.596
nav,1700000009.300,-41.269,-39.760,-1454.017
nav,1700000009.400,-40.736,-39.773,-1453.654
nav,1700000009.500,-41.236,-39.868,-1453.026
nav,1700000009.600,-40.946,-40.052,-1453.133
nav,1700000009.700,-40.524,-39.264,-1454.244
nav,1700000009.800,-40.518,-39.912,-1452.766
nav,1700000009.900,-40.386,-40.878,-1452.704
nav,1700000010.000,-39.136,-40.767,-1452.390
nav,1700000010.100,-39.964,-40.031,-1453.302
nav,1700000010.200,-39.767,-39.350,-1452.439
nav,1700000010.300,-38.534,-39.411,-1452.464
nav,1700000010.400,-38.328,-39.781,-1452.224
nav,1700000010.500,-39.148,-39.967,-1452.940
nav,1700000010.600,-38.305,-40.589,-1452.155
nav,1700000010.700,-38.695,-39.414,-1452.124
nav,1700000010.800,-37.490,-39.635,-1453.240
nav,1700000010.900,-38.233,-40.586,-1452.667
nav,1700000011.000,-37.244,-39.681,-1452.712
nav,1700000011.100,-38.307,-39.984,-1452.925
nav,1700000011.200,-37.936,-39.844,-1451.693
nav,1700000011.300,-37.096,-41.146,-1452.072
nav,1700000011.400,-37.164,-39.793,-1451.371
nav,1700000011.500,-38.032,-40.296,-1451.838
nav,1700000011.600,-37.591,-39.262,-1451.903
nav,1700000011.700,-36.177,-40.285,-1451.635
nav,1700000011.800,-35.866,-39.884,-1451.879
nav,1700000011.900,-36.065,-40.432,-1452.024
nav,1700000012.000,-36.076,-39.808,-1451.405
nav,1700000012.100,-36.329,-40.063,-1451.118
nav,1700000012.200,-35.972,-40.411,-1451.712
nav,1700000012.300,-34.978,-39.994,-1451.103
nav,1700000012.400,-34.772,-39.579,-1451.445
nav,1700000012.500,-33.836,-40.103,-1452.678
nav,1700000012.600,-33.998,-40.229,-1451.577
nav,1700000012.700,-33.945,-40.801,-1452.211
nav,1700000012.800,-35.201,-40.397,-1451.320
nav,1700000012.900,-33.938,-39.862,-1452.201
nav,1700000013.000,-35.155,-39.973,-1451.685
nav,1700000013.100,-33.570,-39.649,-1451.335
nav,1700000013.200,-33.220,-39.885,-1451.094
nav,1700000013.300,-33.752,-40.090,-1451.215
nav,1700000013.400,-32.790,-40.197,-1451.007
nav,1700000013.500,-33.133,-40.059,-1450.808
nav,1700000013.600,-33.797,-40.648,-1451.919
nav,1700000013.700,-33.767,-40.339,-1450.758
nav,1700000013.800,-32.542,-39.901,-1450.542
nav,1700000013.900,-31.536,-40.035,-1450.365
nav,1700000014.000,-31.954,-40.419,-1451.294
nav,1700000014.100,-32.540,-40.444,-1451.131
nav,1700000014.200,-31.198,-39.140,-1451.598
nav,1700000014.300,-31.204,-40.520,-1450.624
nav,1700000014.400,-31.266,-40.915,-1450.352
nav,1700000014.500,-31.303,-40.267,-1451.306
nav,1700000014.600,-31.127,-39.786,-1450.821
nav,1700000014.700,-30.436,-39.819,-1450.021
nav,1700000014.800,-30.571,-40.738,-1450.103
nav,1700000014.900,-30.366,-39.443,-1450.400
nav,1700000015.000,-30.066,-39.826,-1449.572
nav,1700000015.100,-28.762,-39.965,-1450.422
nav,1700000015.200,-29.062,-40.423,-1450.291
nav,1700000015.300,-29.413,-39.843,-1450.829
nav,1700000015.400,-29.995,-41.036,-1450.927
nav,1700000015.500,-29.229,-40.147,-1449.355
nav,1700000015.600,-28.247,-40.481,-1450.105
nav,1700000015.700,-28.804,-40.142,-1450.141
nav,1700000015.800,-28.090,-40.170,-1449.658
nav,1700000015.900,-28.771,-39.997,-1448.846
nav,1700000016.000,-27.888,-39.283,-1450.055
nav,1700000016.100,-27.510,-40.028,-1450.141
nav,1700000016.200,-27.990,-39.785,-1450.437
nav,1700000016.300,-27.067,-39.457,-1449.784
nav,1700000016.400,-27.343,-39.773,-1450.077
nav,1700000016.500,-26.532,-40.916,-1450.046
nav,1700000016.600,-27.795,-40.748,-1449.152
nav,1700000016.700,-26.152,-40.360,-1450.541
nav,1700000016.800,-27.882,-40.272,-1448.535
nav,1700000016.900,-25.983,-40.280,-1449.469
nav,1700000017.000,-26.780,-40.149,-1449.607
nav,1700000017.100,-25.843,-39.605,-1449.441
nav,1700000017.200,-25.266,-40.344,-1449.120
nav,1700000017.300,-24.586,-40.485,-1449.969
nav,1700000017.400,-24.532,-40.096,-1448.779
nav,1700000017.500,-25.221,-39.272,-1449.371
nav,1700000017.600,-24.671,-39.218,-1449.574
nav,1700000017.700,-25.071,-40.224,-1449.123
nav,1700000017.800,-25.183,-39.681,-1449.574
nav,1700000017.900,-23.626,-41.197,-1449.654
nav,1700000018.000,-24.843,-40.413,-1449.093
nav,1700000018.100,-23.890,-40.127,-1449.253
nav,1700000018.200,-23.498,-40.504,-1448.776
nav,1700000018.300,-23.069,-39.807,-1448.808
nav,1700000018.400,-23.052,-38.982,-1449.086
nav,1700000018.500,-23.154,-40.377,-1449.515
nav,1700000018.600,-23.422,-40.444,-1448.990
nav,1700000018.700,-22.433,-39.974,-1449.294
nav,1700000018.800,-21.950,-39.630,-1448.948
nav,1700000018.900,-22.526,-39.726,-1448.730
nav,1700000019.000,-22.724,-40.034,-1448.650
nav,1700000019.100,-22.250,-39.905,-1449.465
nav,1700000019.200,-20.932,-39.376,-1448.820
nav,1700000019.300,-21.218,-41.205,-1449.229
nav,1700000019.400,-21.347,-40.536,-1448.250
nav,1700000019.500,-20.001,-40.588,-1448.983
nav,1700000019.600,-20.682,-39.194,-1449.132
nav,1700000019.700,-20.475,-39.089,-1449.304
nav,1700000019.800,-21.041,-40.212,-1448.695
nav,1700000019.900,-19.794,-39.879,-1449.279
nav,1700000020.000,-19.742,-40.289,-1447.711
nav,1700000020.100,-20.114,-40.318,-1448.035
nav,1700000020.200,-19.219,-39.776,-1449.105
nav,1700000020.300,-19.131,-40.517,-1448.102
nav,1700000020.400,-19.912,-39.777,-1448.580
nav,1700000020.500,-19.641,-39.643,-1448.013
nav,1700000020.600,-19.107,-39.274,-1448.311
nav,1700000020.700,-18.584,-39.866,-1448.358
nav,1700000020.800,-18.164,-40.267,-1448.211
nav,1700000020.900,-17.519,-40.520,-1449.169
nav,1700000021.000,-17.195,-38.725,-1448.123
nav,1700000021.100,-18.768,-40.155,-1448.020
nav,1700000021.200,-17.695,-40.557,-1447.545
nav,1700000021.300,-17.138,-40.747,-1447.443
nav,1700000021.400,-16.174,-39.914,-1447.918
nav,1700000021.500,-17.071,-39.692,-1448.573
nav,1700000021.600,-16.718,-40.195,-1446.741
nav,1700000021.700,-16.687,-39.166,-1448.174
nav,1700000021.800,-16.106,-39.840,-1448.015
nav,1700000021.900,-16.111,-39.394,-1447.700
nav,1700000022.000,-16.846,-40.009,-1447.947
nav,1700000022.100,-15.971,-40.041,-1448.306
nav,1700000022.200,-16.408,-39.759,-1447.673
nav,1700000022.300,-16.682,-39.608,-1447.233
nav,1700000022.400,-15.557,-40.658,-1446.909
nav,1700000022.500,-14.825,-38.809,-1447.075
nav,1700000022.600,-14.606,-40.083,-1446.835
nav,1700000022.700,-14.287,-39.374,-1447.462
nav,1700000022.800,-14.618,-40.240,-1446.764
nav,1700000022.900,-13.451,-40.229,-1447.330
nav,1700000023.000,-13.843,-40.123,-1446.600
nav,1700000023.100,-14.926,-40.413,-1447.425
nav,1700000023.200,-14.760,-40.482,-1447.450
nav,1700000023.300,-13.501,-39.444,-1447.073
nav,1700000023.400,-13.715,-40.028,-1446.385
nav,1700000023.500,-13.488,-40.455,-1446.588
nav,1700000023.600,-12.911,-39.676,-1446.833
nav,1700000023.700,-12.249,-40.518,-1446.791
nav,1700000023.800,-12.505,-40.608,-1447.525
nav,1700000023.900,-11.857,-40.175,-1447.213
nav,1700000024.000,-12.048,-39.436,-1447.801
nav,1700000024.100,-12.548,-40.461,-1445.889
nav,1700000024.200,-11.459,-39.616,-1447.148
nav,1700000024.300,-11.960,-39.776,-1446.508
nav,1700000024.400,-10.926,-40.094,-1446.357
nav,1700000024.500,-10.921,-39.611,-1446.051
nav,1700000024.600,-11.610,-41.124,-1445.913
nav,1700000024.700,-10.006,-40.510,-1447.303
nav,1700000024.800,-10.350,-39.535,-1445.433
nav,1700000024.900,-9.942,-40.186,-1446.737
nav,1700000025.000,-9.994,-40.150,-1446.758
nav,1700000025.100,-8.776,-39.107,-1445.641
nav,1700000025.200,-10.060,-39.572,-1445.849
nav,1700000025.300,-9.179,-39.375,-1445.810
nav,1700000025.400,-8.830,-39.682,-1445.917
nav,1700000025.500,-9.892,-39.958,-1446.325
nav,1700000025.600,-9.440,-39.159,-1445.142
nav,1700000025.700,-7.920,-39.872,-1445.290
nav,1700000025.800,-8.394,-39.899,-1446.472
nav,1700000025.900,-8.002,-39.970,-1446.536
nav,1700000026.000,-8.026,-40.040,-1444.946
nav,1700000026.100,-7.353,-39.994,-1445.680
nav,1700000026.200,-7.578,-40.101,-1446.305
nav,1700000026.300,-7.476,-40.373,-1446.349
nav,1700000026.400,-6.944,-39.804,-1446.577
nav,1700000026.500,-7.061,-39.502,-1445.114
nav,1700000026.600,-6.287,-39.981,-1446.026
nav,1700000026.700,-7.142,-39.828,-1445.374
nav,1700000026.800,-5.756,-39.450,-1445.590
nav,1700000026.900,-6.822,-40.160,-1445.375
nav,1700000027.000,-6.101,-40.289,-1445.317
nav,1700000027.100,-6.052,-40.314,-1445.248
nav,1700000027.200,-5.801,-39.878,-1445.228
nav,1700000027.300,-5.970,-40.241,-1444.606
nav,1700000027.400,-5.781,-41.058,-1446.216
nav,1700000027.500,-4.985,-39.985,-1445.304
nav,1700000027.600,-4.193,-41.336,-1445.008
nav,1700000027.700,-3.819,-40.564,-1445.357
nav,1700000027.800,-4.776,-40.447,-1445.290
nav,1700000027.900,-3.486,-39.081,-1445.256
nav,1700000028.000,-3.047,-39.982,-1444.172
nav,1700000028.100,-3.847,-39.934,-1444.827
nav,1700000028.200,-2.011,-39.574,-1445.324
nav,1700000028.300,-2.916,-40.181,-1445.176
nav,1700000028.400,-2.746,-39.984,-1444.753
nav,1700000028.500,-2.993,-39.832,-1444.641
nav,1700000028.600,-3.768,-39.667,-1445.305
nav,1700000028.700,-3.321,-40.029,-1444.733
nav,1700000028.800,-2.747,-39.584,-1445.408
nav,1700000028.900,-2.403,-40.292,-1444.721
nav,1700000029.000,-1.861,-40.504,-1444.297
nav,1700000029.100,-1.768,-40.946,-1445.600
nav,1700000029.200,-1.606,-40.110,-1444.633
nav,1700000029.300,-1.414,-39.887,-1444.069
nav,1700000029.400,-1.756,-40.586,-1445.051
nav,1700000029.500,-0.856,-39.378,-1444.682
nav,1700000029.600,-2.051,-40.852,-1444.844
nav,1700000029.700,-0.879,-40.204,-1444.370
nav,1700000029.800,-0.556,-39.475,-1444.689
nav,1700000029.900,-0.631,-39.761,-1445.081
nav,1700000030.000,0.195,-39.949,-1444.349
nav,1700000030.100,0.994,-40.311,-1443.207
nav,1700000030.200,0.287,-40.639,-1444.164
nav,1700000030.300,0.062,-40.376,-1443.962
nav,1700000030.400,1.078,-40.311,-1443.629
nav,1700000030.500,1.579,-39.282,-1443.820
nav,1700000030.600,1.882,-40.940,-1444.206
nav,1700000030.700,0.966,-39.940,-1444.295
nav,1700000030.800,1.517,-39.059,-1444.057
nav,1700000030.900,2.007,-40.116,-1443.896
nav,1700000031.000,2.003,-39.776,-1443.314
nav,1700000031.100,3.024,-39.845,-1443.564
nav,1700000031.200,1.825,-40.044,-1443.351
nav,1700000031.300,3.033,-39.894,-1443.341
nav,1700000031.400,3.045,-39.400,-1443.602
nav,1700000031.500,2.822,-39.832,-1445.175
nav,1700000031.600,3.391,-41.824,-1444.534
nav,1700000031.700,3.626,-39.761,-1444.216
nav,1700000031.800,3.244,-39.315,-1443.840
nav,1700000031.900,4.921,-40.001,-1443.357
nav,1700000032.000,4.808,-39.934,-1444.025
nav,1700000032.100,4.145,-40.018,-1444.170
nav,1700000032.200,4.272,-40.371,-1442.988
nav,1700000032.300,4.617,-40.141,-1443.467
nav,1700000032.400,4.912,-39.692,-1443.877
nav,1700000032.500,4.479,-39.448,-1443.546
nav,1700000032.600,4.492,-39.778,-1443.072
nav,1700000032.700,4.635,-39.885,-1442.899
nav,1700000032.800,5.787,-39.684,-1443.933
nav,1700000032.900,5.966,-40.151,-1443.436
nav,1700000033.000,6.435,-39.260,-1442.261
nav,1700000033.100,6.857,-40.055,-1442.945
nav,1700000033.200,6.783,-39.939,-1443.020
nav,1700000033.300,7.012,-40.030,-1443.414
nav,1700000033.400,6.593,-39.683,-1443.012
nav,1700000033.500,7.170,-39.665,-1443.165
nav,1700000033.600,7.578,-39.811,-1443.559
nav,1700000033.700,8.121,-40.250,-1443.733
nav,1700000033.800,7.077,-40.511,-1442.843
nav,1700000033.900,7.663,-40.168,-1442.524
nav,1700000034.000,8.170,-39.842,-1442.593
nav,1700000034.100,8.508,-41.054,-1442.945
nav,1700000034.200,7.310,-39.982,-1442.729
nav,1700000034.300,9.123,-39.406,-1442.590
nav,1700000034.400,8.550,-39.757,-1442.920
nav,1700000034.500,8.999,-39.507,-1442.899
nav,1700000034.600,9.603,-39.661,-1443.063
nav,1700000034.700,9.887,-39.651,-1442.499
nav,1700000034.800,9.219,-40.430,-1442.784
nav,1700000034.900,10.071,-40.478,-1442.261
nav,1700000035.000,9.379,-40.102,-1442.390
nav,1700000035.100,11.423,-40.689,-1441.674
nav,1700000035.200,10.475,-39.794,-1442.315
nav,1700000035.300,10.822,-40.077,-1441.613
nav,1700000035.400,10.572,-39.434,-1442.627
nav,1700000035.500,10.970,-40.536,-1442.043
nav,1700000035.600,11.923,-40.039,-1442.334
nav,1700000035.700,10.843,-40.115,-1442.997
nav,1700000035.800,11.144,-39.887,-1441.507
nav,1700000035.900,13.205,-40.293,-1441.414
nav,1700000036.000,12.122,-40.076,-1441.881
nav,1700000036.100,12.231,-39.945,-1442.268
nav,1700000036.200,11.701,-40.772,-1441.702
nav,1700000036.300,12.462,-40.298,-1441.991
nav,1700000036.400,13.197,-39.910,-1442.289
nav,1700000036.500,13.613,-39.210,-1441.680
nav,1700000036.600,13.687,-39.379,-1441.328
nav,1700000036.700,13.707,-39.701,-1441.599
nav,1700000036.800,13.051,-39.650,-1442.503
nav,1700000036.900,13.403,-39.348,-1441.371
nav,1700000037.000,14.744,-40.136,-1442.334
nav,1700000037.100,14.080,-39.949,-1441.684
nav,1700000037.200,14.967,-40.181,-1441.514
nav,1700000037.300,14.106,-39.775,-1441.655
nav,1700000037.400,14.425,-40.118,-1441.716
nav,1700000037.500,14.865,-39.114,-1441.639
nav,1700000037.600,15.078,-41.049,-1442.004
nav,1700000037.700,15.268,-40.343,-1440.833
nav,1700000037.800,15.518,-39.356,-1441.460
nav,1700000037.900,15.819,-40.044,-1441.455
nav,1700000038.000,16.859,-41.160,-1442.425
nav,1700000038.100,15.928,-39.993,-1441.046
nav,1700000038.200,16.637,-40.192,-1440.849
nav,1700000038.300,17.115,-39.908,-1440.844
nav,1700000038.400,16.936,-40.281,-1440.944
nav,1700000038.500,17.055,-39.999,-1440.524
nav,1700000038.600,15.975,-40.709,-1441.821
nav,1700000038.700,17.218,-40.127,-1441.949
nav,1700000038.800,17.107,-40.430,-1439.934
nav,1700000038.900,18.701,-40.206,-1441.312
nav,1700000039.000,17.425,-40.954,-1441.157
nav,1700000039.100,17.701,-40.042,-1441.866
nav,1700000039.200,18.019,-39.926,-1440.851
nav,1700000039.300,18.809,-40.660,-1440.574
nav,1700000039.400,18.400,-39.684,-1440.975
nav,1700000039.500,18.312,-40.158,-1440.755
nav,1700000039.600,19.506,-40.070,-1440.140
nav,1700000039.700,19.904,-40.128,-1440.499
nav,1700000039.800,20.567,-39.020,-1441.456
nav,1700000039.900,19.337,-39.258,-1441.340
nav,1700000040.000,19.339,-40.243,-1440.569
nav,1700000040.100,20.149,-40.325,-1441.085
nav,1700000040.200,20.044,-40.440,-1439.576
nav,1700000040.300,20.749,-39.557,-1440.930
nav,1700000040.400,20.707,-40.357,-1441.980
nav,1700000040.500,20.311,-40.905,-1441.747
nav,1700000040.600,20.602,-39.338,-1440.614
nav,1700000040.700,22.045,-39.795,-1440.169
nav,1700000040.800,21.150,-39.738,-1440.165
nav,1700000040.900,21.512,-39.720,-1440.215
nav,1700000041.000,21.725,-40.561,-1441.060
nav,1700000041.100,22.243,-39.836,-1440.833
nav,1700000041.200,22.413,-39.715,-1440.097
nav,1700000041.300,23.376,-39.362,-1440.876
nav,1700000041.400,23.642,-40.265,-1439.823
nav,1700000041.500,23.034,-40.206,-1441.218
nav,1700000041.600,23.114,-40.780,-1439.801
nav,1700000041.700,24.158,-40.398,-1440.103
nav,1700000041.800,23.237,-40.314,-1439.836
nav,1700000041.900,23.781,-39.130,-1440.435
nav,1700000042.000,24.500,-39.951,-1439.766
nav,1700000042.100,23.976,-40.025,-1440.191
nav,1700000042.200,23.982,-39.669,-1439.778
nav,1700000042.300,24.897,-39.232,-1439.349
nav,1700000042.400,24.613,-39.813,-1440.356
nav,1700000042.500,25.012,-40.300,-1439.204
nav,1700000042.600,25.382,-40.109,-1439.388
nav,1700000042.700,24.315,-41.007,-1439.557
nav,1700000042.800,25.630,-39.875,-1440.589
nav,1700000042.900,25.788,-38.998,-1439.484
nav,1700000043.000,26.085,-40.220,-1440.064
nav,1700000043.100,25.135,-39.871,-1439.415
nav,1700000043.200,25.612,-40.331,-1440.387
nav,1700000043.300,26.117,-39.973,-1440.822
nav,1700000043.400,27.107,-39.623,-1439.876
nav,1700000043.500,25.760,-40.498,-1439.105
nav,1700000043.600,25.811,-40.174,-1440.283
nav,1700000043.700,27.802,-40.338,-1439.462
nav,1700000043.800,27.883,-39.082,-1439.737
nav,1700000043.900,27.988,-40.743,-1439.011
nav,1700000044.000,27.620,-40.280,-1439.589
nav,1700000044.100,27.419,-39.886,-1439.066
nav,1700000044.200,28.546,-40.794,-1439.583
nav,1700000044.300,28.971,-40.939,-1440.030
nav,1700000044.400,29.238,-39.865,-1439.259
nav,1700000044.500,29.930,-39.766,-1439.108
nav,1700000044.600,30.555,-40.107,-1439.807
nav,1700000044.700,29.614,-39.781,-1439.644
nav,1700000044.800,29.084,-38.845,-1439.189
nav,1700000044.900,29.434,-39.542,-1439.379
nav,1700000045.000,29.874,-39.719,-1439.943
nav,1700000045.100,30.376,-39.044,-1439.036
nav,1700000045.200,30.212,-40.254,-1439.447
nav,1700000045.300,30.473,-40.189,-1438.756
nav,1700000045.400,29.933,-39.569,-1439.377
nav,1700000045.500,31.188,-40.563,-1438.495
nav,1700000045.600,31.823,-39.520,-1439.890
nav,1700000045.700,31.815,-39.798,-1439.908
nav,1700000045.800,31.588,-39.818,-1438.800
nav,1700000045.900,31.889,-39.854,-1438.314
nav,1700000046.000,32.613,-41.434,-1439.183
nav,1700000046.100,32.118,-40.876,-1438.950
nav,1700000046.200,33.024,-40.543,-1438.802
nav,1700000046.300,32.142,-40.336,-1438.205
nav,1700000046.400,32.529,-39.769,-1439.853
nav,1700000046.500,33.931,-39.699,-1438.982
nav,1700000046.600,33.488,-40.705,-1438.273
nav,1700000046.700,33.238,-40.102,-1439.084
nav,1700000046.800,33.310,-39.653,-1438.684
nav,1700000046.900,34.126,-40.004,-1438.529
nav,1700000047.000,33.791,-38.885,-1439.543
nav,1700000047.100,34.830,-39.316,-1439.159
nav,1700000047.200,35.515,-39.502,-1438.222
nav,1700000047.300,34.614,-40.109,-1438.786
nav,1700000047.400,34.995,-39.299,-1438.565
nav,1700000047.500,34.544,-39.588,-1438.169
nav,1700000047.600,35.527,-39.627,-1438.740
nav,1700000047.700,34.936,-40.434,-1439.396
nav,1700000047.800,35.718,-40.042,-1438.773
nav,1700000047.900,34.322,-40.624,-1437.967
nav,1700000048.000,35.668,-39.820,-1439.198
nav,1700000048.100,36.919,-40.072,-1438.332
nav,1700000048.200,37.563,-39.242,-1438.606
nav,1700000048.300,36.303,-40.163,-1438.172
nav,1700000048.400,36.747,-40.198,-1437.669
nav,1700000048.500,36.943,-38.850,-1438.332
nav,1700000048.600,38.093,-39.821,-1437.871
nav,1700000048.700,37.038,-40.427,-1438.098
nav,1700000048.800,38.094,-39.980,-1438.946
nav,1700000048.900,37.120,-40.714,-1439.163
nav,1700000049.000,38.055,-39.437,-1438.261
nav,1700000049.100,37.070,-40.095,-1438.311
nav,1700000049.200,39.448,-40.729,-1438.401
nav,1700000049.300,39.453,-39.775,-1437.900
nav,1700000049.400,38.857,-39.835,-1437.769
nav,1700000049.500,38.595,-39.561,-1438.820
nav,1700000049.600,39.364,-39.911,-1438.418
nav,1700000049.700,39.389,-40.311,-1438.621
nav,1700000049.800,39.423,-40.552,-1437.900
nav,1700000049.900,39.225,-39.644,-1438.629
nav,1700000050.000,39.717,-40.312,-1437.352
nav,1700000050.100,40.365,-40.106,-1437.742
nav,1700000050.200,39.346,-40.022,-1436.969
nav,1700000050.300,40.666,-39.966,-1437.670
nav,1700000050.400,41.248,-40.999,-1438.762
nav,1700000050.500,41.105,-40.357,-1437.242
nav,1700000050.600,41.042,-40.967,-1438.509
nav,1700000050.700,40.025,-40.117,-1437.946
nav,1700000050.800,41.388,-39.461,-1437.229
nav,1700000050.900,41.715,-41.067,-1437.497
nav,1700000051.000,42.278,-39.845,-1437.292
nav,1700000051.100,41.618,-38.996,-1438.240
nav,1700000051.200,42.775,-40.844,-1438.203
nav,1700000051.300,43.358,-40.130,-1437.295
nav,1700000051.400,42.918,-40.052,-1437.011
nav,1700000051.500,42.882,-40.890,-1438.072
nav,1700000051.600,43.476,-39.802,-1438.432
nav,1700000051.700,43.038,-40.291,-1437.809
nav,1700000051.800,42.912,-40.314,-1437.969
nav,1700000051.900,44.186,-39.595,-1437.655
nav,1700000052.000,43.804,-39.930,-1437.969
nav,1700000052.100,43.627,-40.470,-1437.856
nav,1700000052.200,43.818,-39.919,-1437.152
nav,1700000052.300,43.806,-39.987,-1437.605
nav,1700000052.400,44.971,-40.006,-1438.201
nav,1700000052.500,44.369,-39.985,-1436.938
nav,1700000052.600,44.093,-39.827,-1436.836
nav,1700000052.700,45.323,-39.725,-1437.761
nav,1700000052.800,45.540,-40.810,-1438.561
nav,1700000052.900,46.271,-40.492,-1437.595
nav,1700000053.000,45.307,-40.705,-1437.433
nav,1700000053.100,45.835,-39.811,-1437.099
nav,1700000053.200,46.560,-39.881,-1436.516
nav,1700000053.300,46.066,-40.027,-1436.718
nav,1700000053.400,47.432,-40.711,-1437.420
nav,1700000053.500,47.679,-39.746,-1437.145
nav,1700000053.600,47.091,-40.192,-1437.078
nav,1700000053.700,47.274,-40.021,-1437.163
nav,1700000053.800,47.261,-39.734,-1435.725
nav,1700000053.900,46.912,-39.838,-1437.542
nav,1700000054.000,48.289,-39.977,-1436.760
nav,1700000054.100,48.788,-39.904,-1436.555
nav,1700000054.200,47.228,-39.205,-1436.914
nav,1700000054.300,49.139,-40.610,-1437.497
nav,1700000054.400,48.873,-40.009,-1436.920
nav,1700000054.500,49.542,-40.883,-1436.555
nav,1700000054.600,49.204,-40.102,-1437.758
nav,1700000054.700,49.652,-41.207,-1436.679
nav,1700000054.800,48.854,-39.973,-1437.043
nav,1700000054.900,50.385,-40.089,-1437.312
nav,1700000055.000,49.747,-39.364,-1436.677
nav,1700000055.100,50.007,-40.118,-1437.710
nav,1700000055.200,50.594,-40.880,-1436.531
nav,1700000055.300,50.664,-38.807,-1437.438
nav,1700000055.400,50.749,-39.101,-1436.274
nav,1700000055.500,50.652,-39.888,-1436.850
nav,1700000055.600,51.341,-40.349,-1436.877
nav,1700000055.700,50.601,-39.932,-1436.588
nav,1700000055.800,51.486,-40.808,-1436.301
nav,1700000055.900,51.982,-40.363,-1436.917
nav,1700000056.000,51.250,-40.513,-1437.027
nav,1700000056.100,52.814,-40.320,-1436.420
nav,1700000056.200,52.131,-39.876,-1436.792
nav,1700000056.300,53.037,-40.267,-1437.490
nav,1700000056.400,52.109,-40.266,-1437.310
nav,1700000056.500,53.205,-40.233,-1435.481
nav,1700000056.600,52.331,-39.898,-1437.214
nav,1700000056.700,53.153,-39.929,-1437.795
nav,1700000056.800,53.718,-39.049,-1436.842
nav,1700000056.900,53.930,-39.488,-1436.679
nav,1700000057.000,53.710,-41.138,-1436.260
nav,1700000057.100,54.143,-40.506,-1436.499
nav,1700000057.200,54.108,-40.264,-1436.242
nav,1700000057.300,53.931,-39.476,-1437.227
nav,1700000057.400,54.469,-39.039,-1435.948
nav,1700000057.500,55.049,-40.470,-1436.759
nav,1700000057.600,55.237,-39.981,-1436.523
nav,1700000057.700,55.385,-40.107,-1437.182
nav,1700000057.800,55.342,-39.543,-1437.128
nav,1700000057.900,55.705,-40.410,-1436.372
nav,1700000058.000,55.806,-39.261,-1436.158
nav,1700000058.100,55.544,-39.664,-1436.782
nav,1700000058.200,56.112,-39.843,-1436.624
nav,1700000058.300,57.046,-40.387,-1436.672
nav,1700000058.400,56.472,-40.283,-1435.797
nav,1700000058.500,57.314,-39.145,-1435.196
nav,1700000058.600,56.685,-39.965,-1436.902
nav,1700000058.700,57.011,-40.315,-1436.827
nav,1700000058.800,57.074,-40.072,-1436.891
nav,1700000058.900,58.221,-40.459,-1434.862
nav,1700000059.000,57.774,-39.964,-1436.899
nav,1700000059.100,59.053,-39.440,-1436.088
nav,1700000059.200,57.727,-39.895,-1436.781
nav,1700000059.300,59.331,-39.595,-1436.158
nav,1700000059.400,57.582,-40.492,-1435.846
nav,1700000059.500,59.606,-39.445,-1436.971
nav,1700000059.600,59.351,-39.492,-1436.989
nav,1700000059.700,59.396,-39.863,-1436.296
nav,1700000059.800,58.674,-40.163,-1436.294
nav,1700000059.900,59.726,-40.282,-1436.337
nav,1700000060.000,59.980,-39.779,-1436.253
nav,1700000060.100,59.595,-39.954,-1437.047
nav,1700000060.200,59.839,-40.000,-1436.052
nav,1700000060.300,59.880,-40.976,-1437.045
nav,1700000060.400,59.337,-40.004,-1435.959
nav,1700000060.500,58.769,-39.668,-1435.563
nav,1700000060.600,59.042,-40.130,-1437.069
nav,1700000060.700,58.985,-39.389,-1435.679
nav,1700000060.800,57.960,-39.663,-1435.557
nav,1700000060.900,58.979,-40.438,-1436.087
nav,1700000061.000,58.374,-39.971,-1436.519
nav,1700000061.100,58.007,-39.711,-1435.903
nav,1700000061.200,57.710,-40.129,-1435.194
nav,1700000061.300,56.950,-40.294,-1435.914
nav,1700000061.400,57.639,-40.749,-1436.562
nav,1700000061.500,55.981,-39.984,-1436.453
nav,1700000061.600,56.608,-39.669,-1436.201
nav,1700000061.700,56.716,-40.150,-1435.531
nav,1700000061.800,56.638,-40.346,-1435.939
nav,1700000061.900,56.722,-39.803,-1436.540
nav,1700000062.000,56.328,-40.542,-1435.123
nav,1700000062.100,56.312,-39.855,-1435.738
nav,1700000062.200,55.495,-39.661,-1435.989
nav,1700000062.300,55.518,-39.564,-1436.072
nav,1700000062.400,54.892,-40.597,-1436.311
nav,1700000062.500,54.086,-39.635,-1434.862
nav,1700000062.600,55.513,-40.813,-1435.392
nav,1700000062.700,55.311,-40.228,-1435.692
nav,1700000062.800,53.396,-39.867,-1436.262
nav,1700000062.900,54.300,-40.781,-1435.447
nav,1700000063.000,54.512,-40.392,-1436.275
nav,1700000063.100,52.722,-40.133,-1435.986
nav,1700000063.200,52.824,-39.773,-1435.909
nav,1700000063.300,52.862,-40.277,-1435.136
nav,1700000063.400,53.501,-40.065,-1435.351
nav,1700000063.500,52.420,-39.984,-1435.576
nav,1700000063.600,52.565,-39.782,-1436.029
nav,1700000063.700,52.855,-39.724,-1437.086
nav,1700000063.800,52.995,-41.524,-1435.924
nav,1700000063.900,52.713,-40.159,-1436.338
nav,1700000064.000,51.453,-39.487,-1436.555
nav,1700000064.100,52.364,-40.028,-1436.180
nav,1700000064.200,51.308,-40.509,-1435.140
nav,1700000064.300,51.766,-40.860,-1435.764
nav,1700000064.400,50.768,-39.353,-1436.227
nav,1700000064.500,51.802,-40.017,-1436.123
nav,1700000064.600,50.461,-40.401,-1436.169
nav,1700000064.700,50.647,-40.614,-1436.612
nav,1700000064.800,50.210,-40.901,-1435.888
nav,1700000064.900,49.745,-40.436,-1434.501
nav,1700000065.000,50.028,-39.877,-1436.380
nav,1700000065.100,49.473,-39.892,-1435.994
nav,1700000065.200,50.054,-40.601,-1435.615
nav,1700000065.300,49.107,-39.918,-1435.783
nav,1700000065.400,49.065,-40.118,-1435.820
nav,1700000065.500,49.243,-39.881,-1435.488
nav,1700000065.600,48.585,-39.602,-1435.553
nav,1700000065.700,48.447,-39.948,-1434.577
nav,1700000065.800,47.730,-39.615,-1436.363
nav,1700000065.900,48.309,-39.212,-1435.163
nav,1700000066.000,48.085,-40.280,-1435.383
nav,1700000066.100,47.674,-40.393,-1435.535
nav,1700000066.200,47.699,-40.384,-1435.784
nav,1700000066.300,46.720,-39.805,-1435.100
nav,1700000066.400,47.316,-39.517,-1435.320
nav,1700000066.500,47.196,-39.848,-1435.401
nav,1700000066.600,46.535,-38.893,-1435.573
nav,1700000066.700,46.267,-39.783,-1435.213
nav,1700000066.800,45.698,-39.439,-1435.378
nav,1700000066.900,45.645,-39.406,-1435.010
nav,1700000067.000,45.368,-39.111,-1434.986
nav,1700000067.100,45.795,-39.205,-1435.228
nav,1700000067.200,45.586,-40.330,-1435.009
nav,1700000067.300,45.638,-39.993,-1435.687
nav,1700000067.400,45.265,-40.035,-1435.951
nav,1700000067.500,44.264,-39.717,-1436.578
nav,1700000067.600,44.903,-40.239,-1434.616
nav,1700000067.700,44.353,-39.670,-1435.461
nav,1700000067.800,44.457,-39.632,-1435.487
nav,1700000067.900,44.698,-40.497,-1435.101
nav,1700000068.000,44.461,-39.670,-1434.283
nav,1700000068.100,43.418,-40.690,-1435.732
nav,1700000068.200,43.930,-39.751,-1435.177
nav,1700000068.300,42.839,-39.617,-1435.834
nav,1700000068.400,43.779,-38.571,-1435.031
nav,1700000068.500,43.292,-40.246,-1436.113
nav,1700000068.600,42.499,-40.546,-1435.925
nav,1700000068.700,43.461,-39.864,-1435.006
nav,1700000068.800,42.245,-40.086,-1434.707
nav,1700000068.900,42.184,-39.735,-1435.281
nav,1700000069.000,41.829,-40.703,-1436.166
nav,1700000069.100,41.669,-39.972,-1435.815
nav,1700000069.200,41.583,-39.973,-1436.244
nav,1700000069.300,40.942,-39.796,-1434.967
nav,1700000069.400,40.623,-39.921,-1434.643
nav,1700000069.500,41.389,-40.048,-1435.383
nav,1700000069.600,40.485,-39.766,-1435.046
nav,1700000069.700,40.915,-39.934,-1434.729
nav,1700000069.800,40.447,-39.608,-1434.698
nav,1700000069.900,39.798,-40.904,-1434.356
nav,1700000070.000,40.128,-40.857,-1435.480
nav,1700000070.100,40.186,-40.140,-1435.374
nav,1700000070.200,40.300,-40.524,-1435.513
nav,1700000070.300,39.506,-39.805,-1434.861
nav,1700000070.400,39.656,-39.901,-1434.860
nav,1700000070.500,38.870,-39.969,-1435.046
nav,1700000070.600,38.908,-39.614,-1434.818
nav,1700000070.700,38.622,-40.405,-1435.057
nav,1700000070.800,38.386,-39.903,-1433.984
nav,1700000070.900,37.938,-39.789,-1434.549
nav,1700000071.000,38.049,-38.831,-1435.268
nav,1700000071.100,37.962,-40.399,-1435.251
nav,1700000071.200,37.724,-39.577,-1434.912
nav,1700000071.300,38.030,-40.047,-1435.234
nav,1700000071.400,38.552,-39.803,-1435.424
nav,1700000071.500,36.653,-40.471,-1434.592
nav,1700000071.600,36.618,-39.936,-1435.089
nav,1700000071.700,36.966,-40.423,-1435.592
nav,1700000071.800,36.512,-39.700,-1434.884
nav,1700000071.900,35.795,-39.661,-1435.419
nav,1700000072.000,35.739,-40.472,-1434.394
nav,1700000072.100,36.117,-39.698,-1434.418
nav,1700000072.200,37.006,-40.855,-1435.408
nav,1700000072.300,35.092,-40.425,-1435.575
nav,1700000072.400,35.050,-40.608,-1434.866
nav,1700000072.500,35.026,-39.759,-1434.777
nav,1700000072.600,35.102,-40.187,-1433.968
nav,1700000072.700,34.717,-40.931,-1435.527
nav,1700000072.800,33.530,-39.991,-1435.085
nav,1700000072.900,33.966,-38.995,-1434.747
nav,1700000073.000,34.363,-40.466,-1435.519
nav,1700000073.100,33.818,-39.913,-1435.946
nav,1700000073.200,33.510,-39.993,-1435.124
nav,1700000073.300,32.993,-40.270,-1435.103
nav,1700000073.400,33.245,-39.698,-1434.472
nav,1700000073.500,32.853,-40.228,-1434.792
nav,1700000073.600,33.105,-40.217,-1434.614
nav,1700000073.700,33.090,-39.354,-1434.119
nav,1700000073.800,31.967,-39.993,-1435.001
nav,1700000073.900,32.151,-40.325,-1435.749
nav,1700000074.000,32.046,-40.384,-1434.962
nav,1700000074.100,31.403,-40.550,-1434.887
nav,1700000074.200,31.675,-39.710,-1433.910
nav,1700000074.300,31.539,-39.757,-1435.541
nav,1700000074.400,30.557,-39.209,-1435.464
nav,1700000074.500,30.478,-40.020,-1435.046
nav,1700000074.600,30.349,-40.152,-1434.386
nav,1700000074.700,30.197,-40.697,-1434.529
nav,1700000074.800,30.646,-40.310,-1435.791
nav,1700000074.900,29.828,-40.027,-1434.417
nav,1700000075.000,29.482,-40.042,-1434.662
nav,1700000075.100,28.609,-39.483,-1435.591
nav,1700000075.200,29.766,-39.877,-1434.458
nav,1700000075.300,29.675,-41.189,-1435.393
nav,1700000075.400,29.269,-40.097,-1434.762
nav,1700000075.500,29.395,-39.696,-1435.108
nav,1700000075.600,27.877,-40.228,-1434.794
nav,1700000075.700,28.055,-39.684,-1434.548
nav,1700000075.800,28.463,-41.532,-1435.642
nav,1700000075.900,29.143,-40.273,-1435.996
nav,1700000076.000,28.618,-39.993,-1434.452
nav,1700000076.100,27.938,-39.771,-1434.824
nav,1700000076.200,27.949,-38.861,-1434.522
nav,1700000076.300,26.610,-39.777,-1434.438
nav,1700000076.400,27.801,-40.213,-1434.427
nav,1700000076.500,27.464,-38.714,-1435.386
nav,1700000076.600,26.546,-40.153,-1435.258
nav,1700000076.700,26.155,-41.381,-1435.232
nav,1700000076.800,26.585,-40.247,-1434.048
nav,1700000076.900,26.207,-39.354,-1434.887
nav,1700000077.000,26.413,-39.860,-1434.335
nav,1700000077.100,25.828,-39.752,-1434.839
nav,1700000077.200,25.456,-39.798,-1433.907
nav,1700000077.300,25.265,-39.790,-1434.397
nav,1700000077.400,25.770,-39.994,-1436.220
nav,1700000077.500,25.258,-41.110,-1434.296
nav,1700000077.600,24.885,-39.500,-1435.484
nav,1700000077.700,23.824,-39.870,-1435.053
nav,1700000077.800,24.154,-39.958,-1433.655
nav,1700000077.900,24.617,-39.475,-1434.620
nav,1700000078.000,24.740,-40.095,-1436.072
nav,1700000078.100,23.706,-39.594,-1435.532
nav,1700000078.200,23.512,-40.346,-1434.299
nav,1700000078.300,23.775,-39.674,-1434.743
nav,1700000078.400,23.181,-39.901,-1435.650
nav,1700000078.500,21.907,-39.925,-1434.898
nav,1700000078.600,23.405,-39.214,-1434.279
nav,1700000078.700,22.101,-40.176,-1434.827
nav,1700000078.800,23.666,-39.260,-1434.512
nav,1700000078.900,22.006,-40.442,-1434.681
nav,1700000079.000,21.450,-40.119,-1435.136
nav,1700000079.100,22.596,-40.177,-1436.303
nav,1700000079.200,21.852,-40.350,-1435.066
nav,1700000079.300,21.357,-40.137,-1434.696
nav,1700000079.400,20.434,-40.259,-1434.753
nav,1700000079.500,20.693,-40.804,-1434.766
nav,1700000079.600,21.362,-40.022,-1436.085
nav,1700000079.700,20.953,-40.830,-1434.955
nav,1700000079.800,19.956,-40.580,-1435.335
nav,1700000079.900,20.108,-40.322,-1434.824
nav,1700000080.000,19.777,-39.510,-1434.983
nav,1700000080.100,19.451,-40.433,-1435.952
nav,1700000080.200,19.745,-40.177,-1436.319
nav,1700000080.300,19.132,-40.451,-1434.351
nav,1700000080.400,18.349,-40.721,-1434.589
nav,1700000080.500,19.678,-40.372,-1435.465
nav,1700000080.600,19.108,-41.164,-1436.085
nav,1700000080.700,18.460,-39.225,-1435.378
nav,1700000080.800,18.450,-39.433,-1434.112
nav,1700000080.900,17.912,-40.008,-1434.261
nav,1700000081.000,17.239,-39.486,-1435.687
nav,1700000081.100,17.851,-40.121,-1435.662
nav,1700000081.200,17.108,-39.862,-1434.692
nav,1700000081.300,17.335,-39.965,-1434.910
nav,1700000081.400,16.714,-39.630,-1434.792
nav,1700000081.500,18.302,-40.188,-1435.437
nav,1700000081.600,17.184,-39.590,-1435.482
nav,1700000081.700,16.398,-39.729,-1435.635
nav,1700000081.800,16.195,-39.955,-1434.730
nav,1700000081.900,15.898,-40.921,-1436.193
nav,1700000082.000,15.370,-40.657,-1435.319
nav,1700000082.100,15.206,-40.351,-1435.635
nav,1700000082.200,15.380,-39.339,-1434.924
nav,1700000082.300,15.408,-40.231,-1435.479
nav,1700000082.400,15.364,-39.708,-1435.723
nav,1700000082.500,15.018,-41.016,-1435.171
nav,1700000082.600,15.181,-40.140,-1434.376
nav,1700000082.700,14.159,-39.891,-1435.310
nav,1700000082.800,14.350,-40.057,-1435.246
nav,1700000082.900,14.624,-39.311,-1435.308
nav,1700000083.000,14.408,-40.351,-1434.932
nav,1700000083.100,13.419,-39.455,-1434.218
nav,1700000083.200,13.539,-41.096,-1435.605
nav,1700000083.300,14.016,-39.723,-1435.215
nav,1700000083.400,13.704,-39.758,-1434.738
nav,1700000083.500,13.460,-39.239,-1435.176
nav,1700000083.600,13.253,-40.154,-1435.665
nav,1700000083.700,13.453,-39.892,-1434.970
nav,1700000083.800,12.462,-40.293,-1435.376
nav,1700000083.900,12.918,-39.722,-1436.245
nav,1700000084.000,11.892,-39.109,-1435.505
nav,1700000084.100,10.900,-39.053,-1435.066
nav,1700000084.200,11.565,-40.186,-1434.875
nav,1700000084.300,11.129,-39.426,-1435.154
nav,1700000084.400,11.322,-39.927,-1435.522
nav,1700000084.500,11.523,-40.433,-1436.255
nav,1700000084.600,11.107,-39.684,-1435.213
nav,1700000084.700,10.804,-40.160,-1435.069
nav,1700000084.800,10.377,-40.244,-1435.628
nav,1700000084.900,11.210,-40.867,-1435.232
nav,1700000085.000,9.160,-40.054,-1435.708
nav,1700000085.100,8.757,-39.805,-1435.692
nav,1700000085.200,8.550,-39.580,-1434.794
nav,1700000085.300,10.145,-39.821,-1435.498
nav,1700000085.400,9.864,-39.159,-1434.965
nav,1700000085.500,8.529,-39.899,-1435.322
nav,1700000085.600,7.895,-39.765,-1434.416
nav,1700000085.700,8.920,-39.263,-1435.471
nav,1700000085.800,8.363,-39.809,-1435.981
nav,1700000085.900,7.718,-39.367,-1434.898
nav,1700000086.000,7.504,-39.516,-1435.638
nav,1700000086.100,7.970,-39.770,-1435.108
nav,1700000086.200,7.641,-39.295,-1435.461
nav,1700000086.300,7.712,-40.417,-1434.548
nav,1700000086.400,7.435,-39.644,-1436.442
nav,1700000086.500,6.589,-39.381,-1435.506
nav,1700000086.600,5.843,-39.481,-1435.933
nav,1700000086.700,7.306,-40.044,-1435.570
nav,1700000086.800,6.989,-40.449,-1436.180
nav,1700000086.900,6.102,-39.586,-1436.361
nav,1700000087.000,5.166,-39.588,-1436.008
nav,1700000087.100,5.604,-40.928,-1436.058
nav,1700000087.200,5.596,-39.535,-1436.116
nav,1700000087.300,6.229,-40.342,-1436.084
nav,1700000087.400,5.969,-39.894,-1436.031
nav,1700000087.500,4.922,-39.323,-1435.034
nav,1700000087.600,4.392,-40.021,-1435.734
nav,1700000087.700,4.107,-40.028,-1435.789
nav,1700000087.800,4.970,-39.396,-1435.968
nav,1700000087.900,4.093,-39.668,-1436.109
nav,1700000088.000,4.294,-40.044,-1436.314
nav,1700000088.100,3.322,-39.276,-1435.920
nav,1700000088.200,4.420,-40.257,-1435.709
nav,1700000088.300,4.596,-40.529,-1436.816
nav,1700000088.400,3.843,-40.413,-1435.891
nav,1700000088.500,2.707,-39.866,-1436.369
nav,1700000088.600,2.710,-39.775,-1436.411
nav,1700000088.700,2.250,-40.174,-1436.634
nav,1700000088.800,2.189,-39.941,-1436.133
nav,1700000088.900,2.064,-40.010,-1436.275
nav,1700000089.000,2.346,-39.282,-1436.193
nav,1700000089.100,2.043,-40.120,-1435.791
nav,1700000089.200,2.383,-39.746,-1436.874
nav,1700000089.300,1.627,-39.384,-1436.112
nav,1700000089.400,1.698,-40.345,-1436.758
nav,1700000089.500,1.071,-40.878,-1436.149
nav,1700000089.600,1.443,-40.955,-1436.683
nav,1700000089.700,0.084,-40.032,-1436.241
nav,1700000089.800,1.100,-39.523,-1435.825
nav,1700000089.900,0.273,-39.803,-1436.518
nav,1700000090.000,0.429,-40.556,-1435.684
nav,1700000090.100,0.393,-39.895,-1436.204
nav,1700000090.200,-0.200,-41.431,-1435.979
nav,1700000090.300,-0.657,-40.025,-1435.792
nav,1700000090.400,-0.837,-40.570,-1436.231
nav,1700000090.500,-0.966,-39.943,-1436.094
nav,1700000090.600,-0.680,-40.543,-1436.102
nav,1700000090.700,-0.755,-40.867,-1436.116
nav,1700000090.800,-1.893,-40.185,-1436.673
nav,1700000090.900,-1.885,-39.079,-1436.868
nav,1700000091.000,-2.585,-40.651,-1435.388
nav,1700000091.100,-2.431,-40.013,-1436.468
nav,1700000091.200,-2.872,-40.118,-1435.054
nav,1700000091.300,-1.904,-40.426,-1435.975
nav,1700000091.400,-3.216,-40.888,-1435.805
nav,1700000091.500,-2.420,-39.477,-1436.565
nav,1700000091.600,-3.283,-39.625,-1436.150
nav,1700000091.700,-3.597,-40.810,-1436.305
nav,1700000091.800,-3.060,-40.599,-1436.059
nav,1700000091.900,-3.634,-39.625,-1435.959
nav,1700000092.000,-4.347,-40.808,-1436.678
nav,1700000092.100,-3.755,-40.271,-1436.775
nav,1700000092.200,-5.311,-39.124,-1436.031
nav,1700000092.300,-4.215,-39.516,-1436.172
nav,1700000092.400,-4.922,-40.082,-1436.691
nav,1700000092.500,-3.683,-39.722,-1436.726
nav,1700000092.600,-4.967,-40.505,-1435.759
nav,1700000092.700,-5.731,-39.749,-1435.995
nav,1700000092.800,-5.408,-39.953,-1436.540
nav,1700000092.900,-5.828,-40.288,-1436.787
nav,1700000093.000,-5.260,-40.054,-1436.973
nav,1700000093.100,-6.458,-39.450,-1436.260
nav,1700000093.200,-6.120,-40.129,-1436.328
nav,1700000093.300,-6.922,-40.130,-1436.148
nav,1700000093.400,-6.363,-40.491,-1437.078
nav,1700000093.500,-6.946,-39.137,-1437.626
nav,1700000093.600,-7.061,-40.688,-1437.003
nav,1700000093.700,-7.582,-40.210,-1436.971
nav,1700000093.800,-7.596,-40.268,-1437.453
nav,1700000093.900,-7.410,-39.624,-1436.318
nav,1700000094.000,-8.770,-39.851,-1436.420
nav,1700000094.100,-8.716,-39.995,-1436.835
nav,1700000094.200,-7.479,-39.038,-1437.627
nav,1700000094.300,-7.353,-40.458,-1436.323
nav,1700000094.400,-8.315,-40.498,-1436.585
nav,1700000094.500,-9.054,-39.723,-1436.735
nav,1700000094.600,-8.602,-39.962,-1436.953
nav,1700000094.700,-8.852,-39.710,-1436.522
nav,1700000094.800,-9.932,-40.523,-1437.191
nav,1700000094.900,-10.110,-39.607,-1436.438
nav,1700000095.000,-10.078,-39.285,-1436.261
nav,1700000095.100,-10.078,-40.411,-1436.177
nav,1700000095.200,-10.431,-39.937,-1437.154
nav,1700000095.300,-11.045,-40.734,-1436.687
nav,1700000095.400,-11.192,-38.470,-1437.566
nav,1700000095.500,-11.629,-39.745,-1436.278
nav,1700000095.600,-11.168,-39.714,-1437.984
nav,1700000095.700,-11.739,-40.537,-1438.029
nav,1700000095.800,-11.542,-41.121,-1437.763
nav,1700000095.900,-12.069,-40.416,-1436.923
nav,1700000096.000,-11.847,-39.553,-1436.765
nav,1700000096.100,-11.630,-40.001,-1437.010
nav,1700000096.200,-12.144,-39.929,-1437.380
nav,1700000096.300,-12.766,-40.409,-1436.991
nav,1700000096.400,-12.847,-40.332,-1437.553
nav,1700000096.500,-13.605,-39.511,-1437.204
nav,1700000096.600,-13.631,-39.596,-1437.544
nav,1700000096.700,-14.103,-39.489,-1437.553
nav,1700000096.800,-13.804,-39.979,-1436.733
nav,1700000096.900,-13.790,-40.600,-1437.054
nav,1700000097.000,-14.242,-39.056,-1437.347
nav,1700000097.100,-15.318,-39.821,-1436.395
nav,1700000097.200,-13.612,-39.085,-1437.898
nav,1700000097.300,-14.144,-40.361,-1437.298
nav,1700000097.400,-15.436,-40.322,-1437.769
nav,1700000097.500,-14.551,-39.600,-1437.314
nav,1700000097.600,-15.875,-40.156,-1437.847
nav,1700000097.700,-14.965,-39.411,-1436.967
nav,1700000097.800,-15.978,-41.370,-1438.400
nav,1700000097.900,-15.089,-40.201,-1437.914
nav,1700000098.000,-15.179,-39.367,-1437.548
nav,1700000098.100,-16.347,-40.066,-1437.469
nav,1700000098.200,-15.600,-39.789,-1437.241
nav,1700000098.300,-16.015,-40.585,-1437.249
nav,1700000098.400,-16.947,-41.258,-1438.713
nav,1700000098.500,-17.509,-39.734,-1437.614
nav,1700000098.600,-17.108,-39.025,-1438.328
nav,1700000098.700,-17.414,-39.848,-1438.084
nav,1700000098.800,-17.586,-40.800,-1437.033
nav,1700000098.900,-18.141,-38.984,-1437.777
nav,1700000099.000,-17.486,-40.027,-1437.798
nav,1700000099.100,-18.492,-39.940,-1437.647
nav,1700000099.200,-18.792,-40.063,-1438.134
nav,1700000099.300,-17.450,-40.045,-1437.079
nav,1700000099.400,-18.898,-39.870,-1438.535
nav,1700000099.500,-19.224,-39.895,-1437.105
nav,1700000099.600,-19.089,-39.308,-1437.601
nav,1700000099.700,-18.586,-40.030,-1436.749
nav,1700000099.800,-19.843,-40.383,-1438.573
nav,1700000099.900,-18.634,-39.590,-1438.158
nav,1700000100.000,-19.375,-39.656,-1437.031
nav,1700000100.100,-20.974,-40.133,-1438.269
nav,1700000100.200,-21.387,-39.470,-1438.197
nav,1700000100.300,-20.230,-38.820,-1438.262
nav,1700000100.400,-21.011,-39.941,-1437.616
nav,1700000100.500,-21.283,-40.315,-1437.605
nav,1700000100.600,-21.011,-41.022,-1438.770
nav,1700000100.700,-20.649,-39.799,-1438.563
nav,1700000100.800,-21.685,-39.993,-1437.838
nav,1700000100.900,-22.479,-40.420,-1438.093
nav,1700000101.000,-22.050,-39.714,-1438.869
nav,1700000101.100,-22.021,-39.454,-1438.035
nav,1700000101.200,-22.330,-40.048,-1438.721
nav,1700000101.300,-22.636,-39.370,-1438.387
nav,1700000101.400,-23.245,-40.246,-1438.252
nav,1700000101.500,-23.187,-39.757,-1438.116
nav,1700000101.600,-22.756,-39.288,-1437.904
nav,1700000101.700,-23.867,-40.452,-1438.465
nav,1700000101.800,-23.826,-40.569,-1438.673
nav,1700000101.900,-24.037,-40.336,-1438.635
nav,1700000102.000,-23.411,-39.900,-1437.267
nav,1700000102.100,-24.115,-40.145,-1438.526
nav,1700000102.200,-24.272,-39.782,-1437.515
nav,1700000102.300,-25.023,-39.570,-1438.475
nav,1700000102.400,-25.586,-39.615,-1437.970
nav,1700000102.500,-25.429,-40.004,-1439.493
nav,1700000102.600,-25.829,-39.476,-1438.889
nav,1700000102.700,-25.954,-39.885,-1438.943
nav,1700000102.800,-25.835,-39.630,-1439.288
nav,1700000102.900,-26.253,-39.923,-1438.249
nav,1700000103.000,-25.381,-40.333,-1438.291
nav,1700000103.100,-26.592,-39.087,-1439.352
nav,1700000103.200,-25.736,-40.328,-1437.805
nav,1700000103.300,-26.304,-40.508,-1439.099
nav,1700000103.400,-26.409,-39.474,-1438.900
nav,1700000103.500,-26.978,-39.621,-1438.825
nav,1700000103.600,-27.847,-40.406,-1438.800
nav,1700000103.700,-26.792,-39.192,-1438.554
nav,1700000103.800,-27.456,-39.626,-1439.304
nav,1700000103.900,-27.877,-40.412,-1439.622
nav,1700000104.000,-27.833,-39.907,-1438.680
nav,1700000104.100,-27.927,-39.879,-1438.773
nav,1700000104.200,-28.421,-39.794,-1439.441
nav,1700000104.300,-28.415,-39.666,-1439.440
nav,1700000104.400,-28.774,-40.312,-1439.396
nav,1700000104.500,-29.562,-39.367,-1438.627
nav,1700000104.600,-28.931,-39.014,-1439.282
nav,1700000104.700,-27.884,-40.114,-1439.087
nav,1700000104.800,-29.799,-39.814,-1438.824
nav,1700000104.900,-29.857,-39.112,-1439.150
nav,1700000105.000,-29.865,-40.454,-1439.088
nav,1700000105.100,-30.267,-40.304,-1439.713
nav,1700000105.200,-29.064,-40.132,-1440.081
nav,1700000105.300,-30.949,-40.026,-1439.107
nav,1700000105.400,-30.523,-39.662,-1439.731
nav,1700000105.500,-30.830,-40.438,-1439.746
nav,1700000105.600,-31.659,-40.594,-1438.933
nav,1700000105.700,-31.056,-39.512,-1439.473
nav,1700000105.800,-31.212,-40.881,-1439.090
nav,1700000105.900,-31.711,-39.686,-1439.360
nav,1700000106.000,-32.494,-40.749,-1439.934
nav,1700000106.100,-31.918,-39.655,-1440.291
nav,1700000106.200,-32.891,-40.362,-1439.814
nav,1700000106.300,-33.281,-40.711,-1440.075
nav,1700000106.400,-32.757,-40.590,-1439.751
nav,1700000106.500,-32.471,-40.651,-1439.825
nav,1700000106.600,-32.688,-40.209,-1440.037
nav,1700000106.700,-32.818,-40.153,-1439.227
nav,1700000106.800,-33.386,-40.171,-1439.569
nav,1700000106.900,-33.640,-39.490,-1440.112
nav,1700000107.000,-33.979,-40.031,-1439.515
nav,1700000107.100,-34.713,-39.492,-1439.663
nav,1700000107.200,-35.058,-39.396,-1438.809
nav,1700000107.300,-34.099,-39.287,-1439.912
nav,1700000107.400,-35.631,-40.922,-1439.857
nav,1700000107.500,-35.296,-40.457,-1440.046
nav,1700000107.600,-34.892,-40.726,-1440.268
nav,1700000107.700,-34.645,-40.538,-1439.639
nav,1700000107.800,-35.842,-39.727,-1439.555
nav,1700000107.900,-35.429,-39.545,-1440.709
nav,1700000108.000,-35.443,-40.426,-1440.034
nav,1700000108.100,-36.071,-39.757,-1440.025
nav,1700000108.200,-36.822,-40.675,-1439.788
nav,1700000108.300,-36.507,-39.425,-1440.276
nav,1700000108.400,-37.503,-39.517,-1440.469
nav,1700000108.500,-36.829,-40.324,-1439.492
nav,1700000108.600,-37.638,-40.169,-1440.291
nav,1700000108.700,-37.946,-39.835,-1439.570
nav,1700000108.800,-37.845,-39.802,-1441.781
nav,1700000108.900,-37.819,-40.157,-1440.846
nav,1700000109.000,-37.459,-40.163,-1440.556
nav,1700000109.100,-38.389,-40.958,-1441.064
nav,1700000109.200,-37.919,-41.055,-1440.913
nav,1700000109.300,-38.800,-39.128,-1440.176
nav,1700000109.400,-39.079,-39.348,-1440.962
nav,1700000109.500,-38.495,-40.679,-1440.086
nav,1700000109.600,-39.403,-40.514,-1440.762
nav,1700000109.700,-39.261,-40.247,-1440.408
nav,1700000109.800,-39.891,-39.690,-1440.495
nav,1700000109.900,-39.830,-40.221,-1440.672
nav,1700000110.000,-39.725,-38.969,-1440.310
nav,1700000110.100,-39.712,-38.456,-1440.553
nav,1700000110.200,-40.158,-39.648,-1441.347
nav,1700000110.300,-40.822,-40.253,-1440.550
nav,1700000110.400,-40.887,-39.931,-1440.362
nav,1700000110.500,-40.568,-40.081,-1441.273
nav,1700000110.600,-40.632,-39.613,-1441.773
nav,1700000110.700,-41.557,-39.917,-1440.612
nav,1700000110.800,-41.145,-39.858,-1440.741
nav,1700000110.900,-41.768,-40.337,-1441.197
nav,1700000111.000,-41.991,-40.017,-1442.041
nav,1700000111.100,-42.399,-39.972,-1441.271
nav,1700000111.200,-42.523,-39.756,-1441.702
nav,1700000111.300,-43.414,-40.174,-1440.813
nav,1700000111.400,-41.956,-39.609,-1441.962
nav,1700000111.500,-43.116,-39.872,-1441.172
nav,1700000111.600,-42.930,-40.459,-1441.261
nav,1700000111.700,-43.190,-39.587,-1441.729
nav,1700000111.800,-43.773,-41.352,-1441.669
nav,1700000111.900,-44.062,-40.510,-1441.309
nav,1700000112.000,-44.028,-41.130,-1441.317
nav,1700000112.100,-44.664,-39.757,-1442.098
nav,1700000112.200,-44.385,-40.142,-1441.339
nav,1700000112.300,-44.538,-40.128,-1442.292
nav,1700000112.400,-45.539,-40.292,-1441.561
nav,1700000112.500,-45.304,-39.687,-1441.730
nav,1700000112.600,-45.683,-40.139,-1441.511
nav,1700000112.700,-45.238,-39.061,-1441.991
nav,1700000112.800,-45.637,-39.787,-1441.702
nav,1700000112.900,-46.050,-40.775,-1441.979
nav,1700000113.000,-46.537,-40.863,-1442.155
nav,1700000113.100,-46.724,-39.708,-1441.491
nav,1700000113.200,-46.852,-40.130,-1442.754
nav,1700000113.300,-46.847,-39.801,-1441.446
nav,1700000113.400,-47.157,-39.474,-1442.651
nav,1700000113.500,-47.624,-39.645,-1441.091
nav,1700000113.600,-46.953,-40.020,-1443.058
nav,1700000113.700,-48.411,-39.935,-1442.174
nav,1700000113.800,-48.153,-39.967,-1441.972
nav,1700000113.900,-47.328,-39.932,-1441.449
nav,1700000114.000,-47.996,-40.058,-1441.566
nav,1700000114.100,-48.689,-38.593,-1441.944
nav,1700000114.200,-48.210,-39.737,-1441.228
nav,1700000114.300,-48.204,-40.803,-1441.499
nav,1700000114.400,-48.970,-39.946,-1442.875
nav,1700000114.500,-48.737,-40.326,-1442.220
nav,1700000114.600,-49.342,-39.037,-1441.314
nav,1700000114.700,-49.377,-39.968,-1442.527
nav,1700000114.800,-49.047,-40.164,-1442.585
nav,1700000114.900,-49.311,-40.269,-1442.428
nav,1700000115.000,-50.791,-39.648,-1441.474
nav,1700000115.100,-49.839,-39.269,-1442.903
nav,1700000115.200,-50.282,-40.472,-1442.629
nav,1700000115.300,-50.214,-39.949,-1443.256
nav,1700000115.400,-51.458,-40.691,-1442.339
nav,1700000115.500,-49.968,-39.319,-1443.568
nav,1700000115.600,-50.489,-39.532,-1443.429
nav,1700000115.700,-51.552,-39.452,-1442.416
nav,1700000115.800,-52.255,-39.695,-1443.796
nav,1700000115.900,-51.911,-39.431,-1442.753
nav,1700000116.000,-52.249,-39.555,-1442.311
nav,1700000116.100,-51.545,-39.563,-1442.293
nav,1700000116.200,-52.034,-39.867,-1442.825
nav,1700000116.300,-52.719,-40.606,-1443.383
nav,1700000116.400,-52.941,-39.879,-1442.221
nav,1700000116.500,-53.021,-39.498,-1442.438
nav,1700000116.600,-53.316,-39.703,-1443.135
nav,1700000116.700,-52.739,-39.682,-1443.645
nav,1700000116.800,-53.519,-39.176,-1443.176
nav,1700000116.900,-53.576,-39.727,-1443.640
nav,1700000117.000,-53.745,-40.697,-1443.471
nav,1700000117.100,-53.662,-39.822,-1443.347
nav,1700000117.200,-54.177,-40.030,-1443.224
nav,1700000117.300,-54.272,-40.364,-1443.247
nav,1700000117.400,-54.956,-40.793,-1443.764
nav,1700000117.500,-54.216,-39.808,-1444.002
nav,1700000117.600,-55.970,-40.056,-1442.596
nav,1700000117.700,-55.493,-39.347,-1443.238
nav,1700000117.800,-55.364,-40.668,-1442.982
nav,1700000117.900,-55.967,-39.568,-1443.894
nav,1700000118.000,-55.911,-39.824,-1443.601
nav,1700000118.100,-55.998,-40.133,-1443.886
nav,1700000118.200,-55.597,-39.476,-1443.979
nav,1700000118.300,-56.316,-40.371,-1444.228
nav,1700000118.400,-56.283,-40.852,-1443.209
nav,1700000118.500,-57.126,-40.106,-1443.505
nav,1700000118.600,-56.909,-40.413,-1443.388
nav,1700000118.700,-57.343,-40.628,-1443.869
nav,1700000118.800,-56.909,-39.162,-1443.463
nav,1700000118.900,-58.395,-39.755,-1443.434
nav,1700000119.000,-57.637,-39.608,-1443.715
nav,1700000119.100,-58.236,-40.304,-1444.883
nav,1700000119.200,-58.230,-39.907,-1443.693
nav,1700000119.300,-59.269,-39.677,-1442.982
nav,1700000119.400,-58.761,-40.031,-1443.893
nav,1700000119.500,-57.984,-40.512,-1443.983
nav,1700000119.600,-59.600,-40.274,-1444.148
nav,1700000119.700,-58.726,-39.100,-1443.937
nav,1700000119.800,-59.788,-38.754,-1444.412
nav,1700000119.900,-60.086,-40.887,-1443.539
nav,1700000120.000,-59.516,-30.791,-1444.970
nav,1700000120.100,-59.071,-31.965,-1443.910
nav,1700000120.200,-60.424,-31.266,-1443.958
nav,1700000120.300,-59.419,-31.677,-1444.772
nav,1700000120.400,-59.490,-32.232,-1445.354
nav,1700000120.500,-58.569,-31.404,-1444.817
nav,1700000120.600,-58.626,-32.133,-1444.340
nav,1700000120.700,-58.914,-32.442,-1444.017
nav,1700000120.800,-58.432,-30.989,-1444.559
nav,1700000120.900,-58.663,-31.387,-1444.305
nav,1700000121.000,-57.637,-31.405,-1444.985
nav,1700000121.100,-57.864,-32.086,-1445.343
nav,1700000121.200,-57.732,-31.332,-1444.618
nav,1700000121.300,-58.073,-32.778,-1443.943
nav,1700000121.400,-57.245,-32.324,-1444.951
nav,1700000121.500,-57.739,-31.288,-1445.050
nav,1700000121.600,-56.116,-31.974,-1444.177
nav,1700000121.700,-56.472,-31.573,-1444.572
nav,1700000121.800,-56.088,-31.826,-1445.087
nav,1700000121.900,-55.242,-32.453,-1445.007
nav,1700000122.000,-55.993,-31.799,-1445.263
nav,1700000122.100,-55.643,-32.084,-1445.879
nav,1700000122.200,-55.595,-32.550,-1445.994
nav,1700000122.300,-55.332,-31.756,-1444.903
nav,1700000122.400,-54.916,-32.966,-1445.887
nav,1700000122.500,-54.013,-32.524,-1444.940
nav,1700000122.600,-55.143,-31.960,-1445.602
nav,1700000122.700,-54.319,-31.932,-1445.549
nav,1700000122.800,-54.925,-31.866,-1445.971
nav,1700000122.900,-53.986,-30.687,-1444.729
nav,1700000123.000,-53.641,-32.043,-1446.413
nav,1700000123.100,-54.461,-31.359,-1445.879
nav,1700000123.200,-53.950,-32.083,-1446.055
nav,1700000123.300,-54.013,-32.025,-1446.009
nav,1700000123.400,-53.571,-32.391,-1445.342
nav,1700000123.500,-53.116,-32.089,-1445.345
nav,1700000123.600,-52.871,-32.139,-1445.448
nav,1700000123.700,-52.266,-32.074,-1445.683
nav,1700000123.800,-52.791,-32.430,-1445.379
nav,1700000123.900,-51.978,-31.772,-1445.664
nav,1700000124.000,-51.977,-31.652,-1445.377
nav,1700000124.100,-51.344,-32.050,-1445.191
nav,1700000124.200,-51.486,-31.684,-1445.784
nav,1700000124.300,-51.276,-32.368,-1445.615
nav,1700000124.400,-49.777,-32.187,-1445.971
nav,1700000124.500,-51.223,-32.244,-1445.274
nav,1700000124.600,-51.136,-32.237,-1446.881
nav,1700000124.700,-50.979,-32.854,-1445.812
nav,1700000124.800,-49.000,-32.183,-1447.002
nav,1700000124.900,-49.750,-32.363,-1445.560
nav,1700000125.000,-50.141,-32.316,-1446.339
nav,1700000125.100,-49.421,-32.114,-1446.539
nav,1700000125.200,-49.699,-32.636,-1446.133
nav,1700000125.300,-50.293,-32.222,-1445.993
nav,1700000125.400,-49.048,-31.705,-1446.446
nav,1700000125.500,-48.415,-31.538,-1446.232
nav,1700000125.600,-48.336,-31.625,-1446.715
nav,1700000125.700,-49.272,-31.790,-1446.264
nav,1700000125.800,-47.855,-32.468,-1447.031
nav,1700000125.900,-47.970,-32.036,-1447.562
nav,1700000126.000,-47.812,-32.926,-1447.133
nav,1700000126.100,-47.124,-31.088,-1447.310
nav,1700000126.200,-47.765,-31.979,-1445.853
nav,1700000126.300,-47.646,-32.238,-1446.010
nav,1700000126.400,-47.387,-31.639,-1447.565
nav,1700000126.500,-47.086,-32.830,-1447.395
nav,1700000126.600,-46.380,-32.025,-1447.069
nav,1700000126.700,-46.974,-32.110,-1446.800
nav,1700000126.800,-45.909,-33.313,-1447.408
nav,1700000126.900,-46.120,-32.049,-1446.832
nav,1700000127.000,-45.866,-32.152,-1447.339
nav,1700000127.100,-45.923,-31.426,-1447.484
nav,1700000127.200,-45.631,-31.908,-1446.379
nav,1700000127.300,-45.550,-31.521,-1446.585
nav,1700000127.400,-45.232,-32.105,-1447.408
nav,1700000127.500,-45.128,-31.573,-1447.170
nav,1700000127.600,-44.682,-32.563,-1447.811
nav,1700000127.700,-43.528,-32.089,-1447.757
nav,1700000127.800,-43.684,-31.859,-1447.122
nav,1700000127.900,-44.269,-32.159,-1447.538
nav,1700000128.000,-44.691,-32.044,-1447.348
nav,1700000128.100,-42.875,-31.957,-1448.705
nav,1700000128.200,-43.647,-30.630,-1447.147
nav,1700000128.300,-43.805,-31.704,-1447.994
nav,1700000128.400,-43.877,-32.174,-1447.619
nav,1700000128.500,-43.936,-32.575,-1447.702
nav,1700000128.600,-43.004,-31.803,-1448.357
nav,1700000128.700,-42.243,-32.592,-1446.971
nav,1700000128.800,-43.258,-32.546,-1447.626
nav,1700000128.900,-41.368,-31.842,-1447.596
nav,1700000129.000,-41.991,-32.513,-1448.165
nav,1700000129.100,-42.406,-32.639,-1447.762
nav,1700000129.200,-42.162,-31.840,-1448.656
nav,1700000129.300,-41.252,-32.244,-1447.345
nav,1700000129.400,-41.038,-31.382,-1448.469
nav,1700000129.500,-40.972,-32.491,-1448.340
nav,1700000129.600,-40.931,-32.363,-1448.784
nav,1700000129.700,-41.307,-33.170,-1448.748
nav,1700000129.800,-40.086,-32.799,-1448.946
nav,1700000129.900,-39.305,-32.318,-1448.145
nav,1700000130.000,-39.679,-31.669,-1449.110
nav,1700000130.100,-39.916,-32.809,-1447.168
nav,1700000130.200,-40.397,-32.524,-1448.955
nav,1700000130.300,-40.148,-31.324,-1447.267
nav,1700000130.400,-39.438,-32.660,-1449.639
nav,1700000130.500,-39.122,-32.158,-1448.890
nav,1700000130.600,-38.689,-31.802,-1448.446
nav,1700000130.700,-38.758,-32.551,-1448.318
nav,1700000130.800,-38.394,-31.556,-1448.299
nav,1700000130.900,-38.911,-32.717,-1449.115
nav,1700000131.000,-38.528,-31.622,-1448.605
nav,1700000131.100,-37.250,-31.802,-1448.720
nav,1700000131.200,-37.000,-31.765,-1448.834
nav,1700000131.300,-36.660,-31.942,-1449.064
nav,1700000131.400,-37.619,-31.648,-1448.336
nav,1700000131.500,-37.025,-31.346,-1449.984
nav,1700000131.600,-36.828,-32.020,-1449.406
nav,1700000131.700,-35.408,-32.033,-1449.290
nav,1700000131.800,-36.387,-33.001,-1449.510
nav,1700000131.900,-35.708,-32.314,-1449.588
nav,1700000132.000,-35.345,-31.330,-1448.959
nav,1700000132.100,-36.028,-32.120,-1449.663
nav,1700000132.200,-36.097,-32.522,-1449.614
nav,1700000132.300,-35.917,-32.782,-1449.239
nav,1700000132.400,-35.083,-31.150,-1449.727
nav,1700000132.500,-34.852,-31.844,-1449.564
nav,1700000132.600,-34.428,-31.612,-1449.317
nav,1700000132.700,-34.728,-32.179,-1450.209
nav,1700000132.800,-34.803,-32.311,-1450.131
nav,1700000132.900,-33.980,-31.402,-1450.067
nav,1700000133.000,-33.858,-32.517,-1449.810
nav,1700000133.100,-34.145,-31.699,-1450.041
nav,1700000133.200,-33.094,-32.123,-1450.070
nav,1700000133.300,-34.027,-31.873,-1449.342
nav,1700000133.400,-33.063,-30.881,-1449.119
nav,1700000133.500,-33.154,-32.159,-1449.644
nav,1700000133.600,-33.219,-31.417,-1449.742
nav,1700000133.700,-32.472,-31.657,-1449.106
nav,1700000133.800,-32.315,-32.057,-1449.257
nav,1700000133.900,-31.716,-32.160,-1450.053
nav,1700000134.000,-31.902,-31.819,-1450.779
nav,1700000134.100,-32.571,-32.444,-1450.627
nav,1700000134.200,-31.922,-31.683,-1450.274
nav,1700000134.300,-31.302,-32.612,-1450.465
nav,1700000134.400,-30.906,-31.703,-1450.641
nav,1700000134.500,-30.919,-30.901,-1450.332
nav,1700000134.600,-31.147,-32.087,-1450.322
nav,1700000134.700,-30.676,-32.016,-1451.135
nav,1700000134.800,-30.881,-32.075,-1450.540
nav,1700000134.900,-30.483,-32.089,-1450.472
nav,1700000135.000,-29.555,-32.050,-1450.348
nav,1700000135.100,-30.071,-31.714,-1450.404
nav,1700000135.200,-29.167,-31.643,-1450.342
nav,1700000135.300,-29.449,-31.878,-1450.150
nav,1700000135.400,-29.526,-32.314,-1450.636
nav,1700000135.500,-28.792,-32.412,-1450.809
nav,1700000135.600,-28.847,-33.108,-1450.926
nav,1700000135.700,-28.679,-32.080,-1450.154
nav,1700000135.800,-29.008,-32.412,-1452.213
nav,1700000135.900,-28.440,-32.198,-1451.207
nav,1700000136.000,-27.446,-31.570,-1450.958
nav,1700000136.100,-27.985,-31.487,-1451.052
nav,1700000136.200,-28.009,-32.858,-1451.308
nav,1700000136.300,-27.023,-30.862,-1451.101
nav,1700000136.400,-27.583,-32.592,-1450.901
nav,1700000136.500,-27.882,-31.725,-1450.814
nav,1700000136.600,-26.582,-32.110,-1450.985
nav,1700000136.700,-26.515,-32.389,-1450.388
nav,1700000136.800,-26.576,-31.612,-1452.568
nav,1700000136.900,-25.562,-31.266,-1451.389
nav,1700000137.000,-25.721,-31.721,-1451.771
nav,1700000137.100,-25.526,-32.404,-1451.799
nav,1700000137.200,-25.037,-31.513,-1451.893
nav,1700000137.300,-25.767,-32.323,-1451.219
nav,1700000137.400,-25.700,-31.822,-1451.258
nav,1700000137.500,-25.044,-31.495,-1451.829
nav,1700000137.600,-24.907,-32.489,-1451.214
nav,1700000137.700,-24.983,-31.825,-1451.803
nav,1700000137.800,-24.926,-32.305,-1451.122
nav,1700000137.900,-24.099,-32.505,-1451.706
nav,1700000138.000,-24.073,-30.273,-1451.762
nav,1700000138.100,-23.990,-31.290,-1452.871
nav,1700000138.200,-23.553,-31.003,-1452.054
nav,1700000138.300,-24.267,-32.198,-1451.314
nav,1700000138.400,-23.012,-32.419,-1452.430
nav,1700000138.500,-23.280,-31.819,-1451.464
nav,1700000138.600,-22.274,-31.772,-1452.845
nav,1700000138.700,-23.264,-31.733,-1452.897
nav,1700000138.800,-22.513,-31.848,-1452.839
nav,1700000138.900,-22.712,-32.047,-1452.064
nav,1700000139.000,-21.469,-31.696,-1452.325
nav,1700000139.100,-22.173,-32.535,-1452.663
nav,1700000139.200,-21.395,-31.832,-1453.504
nav,1700000139.300,-21.793,-31.398,-1452.460
nav,1700000139.400,-21.909,-30.822,-1452.560
nav,1700000139.500,-20.808,-31.800,-1452.776
nav,1700000139.600,-21.164,-30.939,-1452.136
nav,1700000139.700,-20.189,-31.712,-1453.185
nav,1700000139.800,-19.761,-32.422,-1452.588
nav,1700000139.900,-21.020,-33.020,-1452.617
nav,1700000140.000,-20.405,-32.995,-1452.552
nav,1700000140.100,-18.740,-31.305,-1452.997
nav,1700000140.200,-19.596,-31.556,-1452.353
nav,1700000140.300,-19.572,-31.983,-1452.810
nav,1700000140.400,-18.923,-32.067,-1453.067
nav,1700000140.500,-18.310,-31.395,-1452.814
nav,1700000140.600,-17.940,-32.193,-1452.287
nav,1700000140.700,-18.329,-30.364,-1453.741
nav,1700000140.800,-18.745,-31.791,-1452.993
nav,1700000140.900,-17.225,-32.334,-1452.785
nav,1700000141.000,-17.419,-31.648,-1453.764
nav,1700000141.100,-17.096,-31.385,-1453.030
nav,1700000141.200,-17.498,-31.887,-1453.416
nav,1700000141.300,-17.080,-31.984,-1453.847
nav,1700000141.400,-17.724,-32.376,-1453.358
nav,1700000141.500,-17.013,-31.892,-1453.265
nav,1700000141.600,-17.114,-31.267,-1453.696
nav,1700000141.700,-16.817,-31.759,-1454.527
nav,1700000141.800,-16.795,-31.509,-1454.524
nav,1700000141.900,-15.641,-31.244,-1453.886
nav,1700000142.000,-15.854,-31.440,-1453.981
nav,1700000142.100,-15.366,-32.336,-1454.033
nav,1700000142.200,-16.000,-31.829,-1453.262
nav,1700000142.300,-15.492,-32.636,-1454.429
nav,1700000142.400,-15.003,-31.078,-1453.737
nav,1700000142.500,-15.193,-31.617,-1454.100
nav,1700000142.600,-14.989,-32.479,-1453.323
nav,1700000142.700,-15.870,-31.601,-1454.305
nav,1700000142.800,-14.605,-31.154,-1454.477
nav,1700000142.900,-14.540,-32.065,-1453.960
nav,1700000143.000,-14.221,-32.787,-1454.646
nav,1700000143.100,-13.159,-31.963,-1454.034
nav,1700000143.200,-13.731,-32.330,-1453.468
nav,1700000143.300,-13.494,-32.222,-1453.805
nav,1700000143.400,-13.561,-32.297,-1454.395
nav,1700000143.500,-13.000,-31.870,-1453.401
nav,1700000143.600,-12.632,-33.189,-1454.330
nav,1700000143.700,-12.581,-31.978,-1454.417
nav,1700000143.800,-12.414,-32.026,-1454.280
nav,1700000143.900,-12.471,-32.474,-1453.121
nav,1700000144.000,-12.358,-31.950,-1455.428
nav,1700000144.100,-11.742,-32.467,-1454.948
nav,1700000144.200,-11.077,-31.764,-1454.489
nav,1700000144.300,-12.286,-31.082,-1455.416
nav,1700000144.400,-10.436,-31.489,-1454.578
nav,1700000144.500,-11.427,-31.924,-1455.149
nav,1700000144.600,-10.785,-32.125,-1455.980
nav,1700000144.700,-10.039,-32.041,-1455.250
nav,1700000144.800,-10.680,-31.821,-1455.501
nav,1700000144.900,-11.328,-31.796,-1454.842
nav,1700000145.000,-10.100,-32.574,-1455.104
nav,1700000145.100,-10.532,-32.514,-1455.570
nav,1700000145.200,-9.178,-32.181,-1455.466
nav,1700000145.300,-8.423,-31.824,-1455.119
nav,1700000145.400,-9.385,-32.298,-1456.429
nav,1700000145.500,-8.516,-31.776,-1455.472
nav,1700000145.600,-8.869,-31.632,-1456.207
nav,1700000145.700,-8.895,-32.568,-1454.591
nav,1700000145.800,-7.962,-33.101,-1456.280
nav,1700000145.900,-8.266,-32.236,-1456.232
nav,1700000146.000,-7.028,-31.844,-1455.380
nav,1700000146.100,-8.146,-31.639,-1455.854
nav,1700000146.200,-7.742,-31.694,-1456.526
nav,1700000146.300,-6.601,-31.909,-1455.118
nav,1700000146.400,-7.738,-32.462,-1456.386
nav,1700000146.500,-6.875,-31.967,-1456.084
nav,1700000146.600,-7.307,-32.633,-1455.923
nav,1700000146.700,-6.833,-32.343,-1455.173
nav,1700000146.800,-6.441,-31.365,-1456.260
nav,1700000146.900,-6.078,-32.028,-1456.889
nav,1700000147.000,-5.286,-32.068,-1455.714
nav,1700000147.100,-6.176,-32.082,-1456.568
nav,1700000147.200,-4.982,-31.844,-1455.998
nav,1700000147.300,-4.721,-31.422,-1455.846
nav,1700000147.400,-5.911,-32.348,-1456.777
nav,1700000147.500,-4.636,-31.915,-1457.018
nav,1700000147.600,-4.894,-32.747,-1456.396
nav,1700000147.700,-5.428,-31.736,-1456.228
nav,1700000147.800,-3.446,-31.576,-1456.675
nav,1700000147.900,-3.791,-32.699,-1456.992
nav,1700000148.000,-3.833,-33.079,-1456.576
nav,1700000148.100,-4.310,-31.949,-1457.144
nav,1700000148.200,-3.388,-31.990,-1455.952
nav,1700000148.300,-3.397,-32.384,-1456.823
nav,1700000148.400,-3.872,-31.797,-1456.451
nav,1700000148.500,-1.765,-32.311,-1456.927
nav,1700000148.600,-3.088,-31.894,-1456.650
nav,1700000148.700,-2.627,-31.457,-1457.196
nav,1700000148.800,-1.907,-31.731,-1456.941
nav,1700000148.900,-2.357,-30.787,-1457.390
nav,1700000149.000,-1.851,-32.375,-1456.136
nav,1700000149.100,-1.357,-32.339,-1456.820
nav,1700000149.200,-1.471,-32.258,-1456.744
nav,1700000149.300,-1.205,-31.892,-1457.191
nav,1700000149.400,-0.984,-31.885,-1457.188
nav,1700000149.500,-1.321,-31.153,-1457.790
nav,1700000149.600,-0.586,-32.160,-1456.432
nav,1700000149.700,-1.052,-32.368,-1457.844
nav,1700000149.800,-0.238,-32.687,-1457.645
nav,1700000149.900,-1.276,-31.880,-1457.703
nav,1700000150.000,-0.744,-31.457,-1458.154
nav,1700000150.100,0.598,-32.351,-1456.746
nav,1700000150.200,0.775,-32.504,-1458.053
nav,1700000150.300,0.903,-32.131,-1457.726
nav,1700000150.400,1.436,-32.374,-1457.643
nav,1700000150.500,1.477,-31.595,-1457.815
nav,1700000150.600,1.056,-32.869,-1458.311
nav,1700000150.700,1.559,-32.069,-1457.792
nav,1700000150.800,2.120,-32.594,-1457.995
nav,1700000150.900,1.894,-32.352,-1457.208
nav,1700000151.000,2.454,-31.855,-1457.074
nav,1700000151.100,1.451,-32.004,-1457.835
nav,1700000151.200,1.943,-31.850,-1458.619
nav,1700000151.300,2.945,-31.471,-1457.976
nav,1700000151.400,1.874,-32.483,-1457.877
nav,1700000151.500,3.011,-33.347,-1457.585
nav,1700000151.600,3.268,-32.410,-1457.756
nav,1700000151.700,3.061,-32.344,-1458.122
nav,1700000151.800,4.491,-31.188,-1458.168
nav,1700000151.900,4.031,-31.604,-1459.024
nav,1700000152.000,4.322,-32.367,-1458.283
nav,1700000152.100,4.086,-31.749,-1458.430
nav,1700000152.200,2.863,-31.911,-1458.215
nav,1700000152.300,4.823,-32.051,-1457.762
nav,1700000152.400,4.956,-31.781,-1458.108
nav,1700000152.500,5.181,-32.449,-1459.897
nav,1700000152.600,4.961,-31.620,-1458.901
nav,1700000152.700,5.801,-31.926,-1458.128
nav,1700000152.800,5.452,-31.766,-1458.566
nav,1700000152.900,6.551,-32.853,-1459.095
nav,1700000153.000,6.424,-31.227,-1458.793
nav,1700000153.100,6.054,-31.621,-1458.525
nav,1700000153.200,6.220,-31.835,-1458.417
nav,1700000153.300,7.545,-31.629,-1459.032
nav,1700000153.400,6.773,-31.721,-1459.159
nav,1700000153.500,7.095,-32.529,-1458.499
nav,1700000153.600,6.630,-32.216,-1459.146
nav,1700000153.700,8.395,-32.211,-1459.575
nav,1700000153.800,7.325,-31.171,-1460.695
nav,1700000153.900,7.299,-30.634,-1459.040
nav,1700000154.000,7.447,-32.021,-1459.349
nav,1700000154.100,8.623,-31.080,-1459.235
nav,1700000154.200,8.130,-31.606,-1459.826
nav,1700000154.300,8.083,-32.880,-1460.306
nav,1700000154.400,8.352,-32.589,-1459.414
nav,1700000154.500,8.400,-33.572,-1460.139
nav,1700000154.600,8.964,-32.303,-1458.905
nav,1700000154.700,9.093,-31.560,-1459.721
nav,1700000154.800,9.579,-32.418,-1459.788
nav,1700000154.900,9.417,-31.915,-1459.923
nav,1700000155.000,9.528,-31.504,-1459.638
nav,1700000155.100,9.976,-31.927,-1459.941
nav,1700000155.200,9.966,-31.965,-1460.256
nav,1700000155.300,10.128,-32.811,-1460.172
nav,1700000155.400,11.083,-32.347,-1458.779
nav,1700000155.500,11.443,-31.348,-1459.688
nav,1700000155.600,12.126,-32.394,-1461.413
nav,1700000155.700,11.177,-31.721,-1460.104
nav,1700000155.800,11.738,-31.340,-1460.035
nav,1700000155.900,12.199,-32.470,-1460.821
nav,1700000156.000,12.807,-31.950,-1460.632
nav,1700000156.100,11.889,-32.325,-1460.721
nav,1700000156.200,11.758,-32.750,-1460.511
nav,1700000156.300,12.304,-31.446,-1460.314
nav,1700000156.400,12.933,-32.372,-1460.567
nav,1700000156.500,13.181,-31.642,-1460.601
nav,1700000156.600,13.740,-31.996,-1460.204
nav,1700000156.700,13.155,-32.906,-1460.513
nav,1700000156.800,13.963,-31.712,-1460.483
nav,1700000156.900,13.626,-32.403,-1460.464
nav,1700000157.000,14.213,-32.280,-1460.232
nav,1700000157.100,13.759,-32.292,-1460.015
nav,1700000157.200,14.834,-32.179,-1460.736
nav,1700000157.300,14.677,-33.373,-1461.380
nav,1700000157.400,14.775,-32.178,-1460.850
nav,1700000157.500,15.565,-32.161,-1461.549
nav,1700000157.600,15.362,-32.163,-1461.144
nav,1700000157.700,15.254,-30.879,-1462.233
nav,1700000157.800,15.406,-32.002,-1461.550
nav,1700000157.900,16.250,-31.593,-1461.230
nav,1700000158.000,15.865,-32.056,-1461.305
nav,1700000158.100,16.161,-32.094,-1461.173
nav,1700000158.200,16.777,-32.615,-1461.871
nav,1700000158.300,15.726,-31.567,-1461.266
nav,1700000158.400,17.053,-32.715,-1460.546
nav,1700000158.500,16.696,-31.916,-1461.057
nav,1700000158.600,16.707,-32.273,-1461.441
nav,1700000158.700,18.829,-31.849,-1460.774
nav,1700000158.800,18.203,-31.816,-1462.118
nav,1700000158.900,18.330,-32.749,-1460.869
nav,1700000159.000,18.100,-33.325,-1461.886
nav,1700000159.100,18.527,-32.119,-1461.405
nav,1700000159.200,17.975,-32.653,-1461.844
nav,1700000159.300,18.616,-32.174,-1461.241
nav,1700000159.400,18.375,-31.843,-1461.867
nav,1700000159.500,18.222,-32.660,-1461.941
nav,1700000159.600,20.191,-31.710,-1462.856
nav,1700000159.700,17.845,-31.633,-1462.088
nav,1700000159.800,20.171,-32.440,-1461.911
nav,1700000159.900,20.223,-32.224,-1462.345
nav,1700000160.000,20.013,-31.729,-1462.185
nav,1700000160.100,20.687,-32.231,-1462.888
nav,1700000160.200,21.388,-32.302,-1462.554
nav,1700000160.300,20.567,-31.966,-1462.510
nav,1700000160.400,20.791,-32.020,-1462.275
nav,1700000160.500,19.821,-31.060,-1462.482
nav,1700000160.600,21.490,-32.689,-1462.690
nav,1700000160.700,21.064,-31.265,-1462.793
nav,1700000160.800,21.979,-32.325,-1462.772
nav,1700000160.900,21.677,-31.358,-1463.537
nav,1700000161.000,21.342,-32.974,-1463.182
nav,1700000161.100,21.794,-32.807,-1463.051
nav,1700000161.200,21.393,-32.509,-1462.129
nav,1700000161.300,22.802,-31.906,-1463.277
nav,1700000161.400,22.032,-32.570,-1462.843
nav,1700000161.500,23.434,-31.549,-1462.552
nav,1700000161.600,22.831,-31.988,-1463.073
nav,1700000161.700,23.299,-30.981,-1463.839
nav,1700000161.800,23.483,-31.394,-1463.737
nav,1700000161.900,23.478,-32.265,-1463.162
nav,1700000162.000,23.202,-31.702,-1462.762
nav,1700000162.100,24.454,-32.435,-1463.098
nav,1700000162.200,23.950,-32.166,-1462.110
nav,1700000162.300,24.648,-32.594,-1463.142
nav,1700000162.400,24.124,-32.600,-1463.798
nav,1700000162.500,24.778,-31.532,-1463.034
nav,1700000162.600,25.461,-32.549,-1463.640
nav,1700000162.700,25.536,-32.314,-1463.554
nav,1700000162.800,25.821,-32.174,-1463.347
nav,1700000162.900,26.596,-32.086,-1462.916
nav,1700000163.000,26.280,-32.734,-1464.102
nav,1700000163.100,25.783,-32.427,-1463.641
nav,1700000163.200,26.707,-31.372,-1463.487
nav,1700000163.300,26.377,-33.041,-1463.651
nav,1700000163.400,26.813,-31.909,-1462.679
nav,1700000163.500,27.620,-31.607,-1464.258
nav,1700000163.600,26.944,-32.047,-1464.210
nav,1700000163.700,27.650,-31.822,-1464.412
nav,1700000163.800,28.198,-31.949,-1464.777
nav,1700000163.900,27.774,-31.859,-1463.472
nav,1700000164.000,27.831,-31.586,-1463.910
nav,1700000164.100,27.542,-32.708,-1463.487
nav,1700000164.200,28.998,-31.839,-1463.346
nav,1700000164.300,29.128,-31.658,-1464.594
nav,1700000164.400,29.666,-31.732,-1464.376
nav,1700000164.500,28.666,-31.872,-1465.064
nav,1700000164.600,29.550,-32.477,-1464.088
nav,1700000164.700,29.139,-32.132,-1464.697
nav,1700000164.800,29.519,-31.055,-1463.671
nav,1700000164.900,29.977,-32.013,-1463.986
nav,1700000165.000,30.565,-32.415,-1464.492
nav,1700000165.100,29.289,-31.438,-1463.465
nav,1700000165.200,30.440,-33.063,-1464.238
nav,1700000165.300,30.148,-32.332,-1464.274
nav,1700000165.400,30.927,-32.244,-1464.957
nav,1700000165.500,31.063,-32.205,-1465.231
nav,1700000165.600,31.034,-31.830,-1464.810
nav,1700000165.700,30.693,-31.505,-1466.135
nav,1700000165.800,31.377,-32.310,-1464.736
nav,1700000165.900,32.081,-31.437,-1465.211
nav,1700000166.000,32.293,-31.902,-1465.755
nav,1700000166.100,33.150,-32.719,-1464.734
nav,1700000166.200,32.595,-31.862,-1465.236
nav,1700000166.300,33.014,-32.780,-1465.066
nav,1700000166.400,32.518,-32.339,-1464.863
nav,1700000166.500,33.539,-32.172,-1464.731
nav,1700000166.600,33.225,-32.446,-1465.295
nav,1700000166.700,33.250,-32.348,-1464.996
nav,1700000166.800,33.717,-32.795,-1466.080
nav,1700000166.900,34.012,-32.408,-1465.148
nav,1700000167.000,34.390,-32.635,-1466.049
nav,1700000167.100,35.037,-31.824,-1465.597
nav,1700000167.200,33.933,-32.255,-1466.026
nav,1700000167.300,35.042,-32.388,-1464.928
nav,1700000167.400,34.600,-32.522,-1465.732
nav,1700000167.500,33.688,-32.060,-1465.648
nav,1700000167.600,35.612,-32.943,-1465.026
nav,1700000167.700,35.810,-31.374,-1465.678
nav,1700000167.800,36.107,-32.736,-1465.339
nav,1700000167.900,35.414,-32.826,-1466.301
nav,1700000168.000,36.003,-32.412,-1465.595
nav,1700000168.100,35.296,-33.064,-1465.140
nav,1700000168.200,36.852,-32.525,-1465.872
nav,1700000168.300,37.110,-31.790,-1465.840
nav,1700000168.400,37.348,-32.365,-1465.942
nav,1700000168.500,36.991,-32.136,-1466.196
nav,1700000168.600,37.236,-31.983,-1466.569
nav,1700000168.700,37.801,-32.488,-1466.198
nav,1700000168.800,37.452,-31.821,-1467.192
nav,1700000168.900,38.245,-32.338,-1465.566
nav,1700000169.000,37.761,-32.024,-1465.262
nav,1700000169.100,38.061,-31.381,-1466.243
nav,1700000169.200,38.608,-31.965,-1465.882
nav,1700000169.300,38.257,-32.492,-1466.669
nav,1700000169.400,38.850,-32.110,-1466.037
nav,1700000169.500,39.652,-32.488,-1466.803
nav,1700000169.600,38.482,-30.985,-1466.327
nav,1700000169.700,39.640,-32.670,-1466.523
nav,1700000169.800,39.855,-32.126,-1466.028
nav,1700000169.900,40.956,-32.474,-1467.120
nav,1700000170.000,39.561,-31.197,-1466.130
nav,1700000170.100,40.132,-31.982,-1467.103
nav,1700000170.200,40.845,-32.190,-1466.868
nav,1700000170.300,40.904,-32.094,-1466.898
nav,1700000170.400,40.805,-31.602,-1466.000
nav,1700000170.500,41.293,-31.598,-1466.966
nav,1700000170.600,40.846,-31.673,-1466.824
nav,1700000170.700,40.689,-32.164,-1466.993
nav,1700000170.800,41.345,-31.259,-1466.755
nav,1700000170.900,42.487,-31.868,-1466.997
nav,1700000171.000,41.532,-31.994,-1467.074
nav,1700000171.100,41.516,-32.270,-1467.284
nav,1700000171.200,42.607,-31.769,-1467.456
nav,1700000171.300,42.834,-32.091,-1468.643
nav,1700000171.400,42.558,-31.461,-1468.091
nav,1700000171.500,43.056,-31.207,-1467.673
nav,1700000171.600,43.201,-32.652,-1466.521
nav,1700000171.700,43.358,-31.977,-1466.700
nav,1700000171.800,43.931,-32.438,-1467.743
nav,1700000171.900,44.047,-32.312,-1468.521
nav,1700000172.000,43.973,-32.740,-1466.696
nav,1700000172.100,44.288,-32.453,-1467.896
nav,1700000172.200,43.455,-32.550,-1467.080
nav,1700000172.300,45.716,-31.637,-1467.677
nav,1700000172.400,44.584,-32.478,-1466.643
nav,1700000172.500,44.906,-30.942,-1467.018
nav,1700000172.600,44.330,-32.333,-1468.091
nav,1700000172.700,45.360,-32.030,-1466.301
nav,1700000172.800,45.061,-31.886,-1467.532
nav,1700000172.900,45.799,-31.945,-1468.405
nav,1700000173.000,46.053,-31.744,-1467.760
nav,1700000173.100,46.485,-31.294,-1467.497
nav,1700000173.200,46.436,-32.586,-1468.308
nav,1700000173.300,46.490,-31.874,-1468.288
nav,1700000173.400,46.332,-32.594,-1468.916
nav,1700000173.500,46.883,-32.735,-1468.633
nav,1700000173.600,47.003,-32.668,-1467.984
nav,1700000173.700,47.770,-32.275,-1468.434
nav,1700000173.800,47.869,-32.357,-1468.648
nav,1700000173.900,48.398,-31.558,-1467.997
nav,1700000174.000,48.463,-32.989,-1467.663
nav,1700000174.100,48.396,-31.495,-1468.187
nav,1700000174.200,48.424,-32.138,-1468.238
nav,1700000174.300,48.444,-31.566,-1469.256
nav,1700000174.400,48.529,-30.978,-1468.817
nav,1700000174.500,48.881,-32.441,-1468.377
nav,1700000174.600,48.832,-32.093,-1468.162
nav,1700000174.700,49.051,-31.606,-1468.216
nav,1700000174.800,50.127,-31.930,-1467.048
nav,1700000174.900,50.327,-31.838,-1469.147
nav,1700000175.000,49.951,-31.287,-1467.895
nav,1700000175.100,50.939,-31.607,-1469.419
nav,1700000175.200,50.644,-32.621,-1469.575
nav,1700000175.300,50.720,-31.738,-1468.421
nav,1700000175.400,51.049,-31.734,-1469.405
nav,1700000175.500,50.948,-32.754,-1469.955
nav,1700000175.600,51.570,-32.377,-1468.558
nav,1700000175.700,51.954,-32.310,-1468.739
nav,1700000175.800,51.269,-32.923,-1469.013
nav,1700000175.900,51.565,-32.220,-1468.128
nav,1700000176.000,51.237,-31.809,-1469.653
nav,1700000176.100,52.654,-31.851,-1469.006
nav,1700000176.200,51.928,-32.383,-1468.772
nav,1700000176.300,53.485,-31.760,-1469.725
nav,1700000176.400,52.969,-30.786,-1469.265
nav,1700000176.500,53.731,-32.370,-1469.378
nav,1700000176.600,53.510,-31.801,-1469.780
nav,1700000176.700,52.995,-31.506,-1468.841
nav,1700000176.800,54.356,-31.098,-1469.409
nav,1700000176.900,53.644,-31.325,-1469.160
nav,1700000177.000,53.509,-32.517,-1469.310
nav,1700000177.100,54.111,-32.013,-1469.060
nav,1700000177.200,54.780,-31.335,-1470.601
nav,1700000177.300,54.727,-31.653,-1470.439
nav,1700000177.400,54.473,-32.420,-1469.704
nav,1700000177.500,55.814,-30.989,-1470.162
nav,1700000177.600,55.463,-31.721,-1469.600
nav,1700000177.700,55.599,-31.848,-1468.990
nav,1700000177.800,56.151,-32.530,-1469.475
nav,1700000177.900,56.246,-31.843,-1469.346
nav,1700000178.000,56.094,-31.900,-1469.891
nav,1700000178.100,55.191,-32.040,-1470.325
nav,1700000178.200,55.807,-31.283,-1469.778
nav,1700000178.300,56.585,-32.282,-1469.921
nav,1700000178.400,57.296,-32.413,-1470.110
nav,1700000178.500,57.434,-32.968,-1470.176
nav,1700000178.600,56.985,-32.067,-1470.437
nav,1700000178.700,57.469,-31.038,-1470.387
nav,1700000178.800,57.746,-31.003,-1470.539
nav,1700000178.900,58.707,-31.997,-1469.411
nav,1700000179.000,58.375,-31.846,-1470.374
nav,1700000179.100,57.888,-31.962,-1469.931
nav,1700000179.200,58.393,-32.158,-1470.544
nav,1700000179.300,59.096,-31.387,-1470.790
nav,1700000179.400,58.466,-31.810,-1469.732
nav,1700000179.500,59.573,-32.626,-1470.666
nav,1700000179.600,58.735,-32.134,-1469.770
nav,1700000179.700,58.689,-32.809,-1471.025
nav,1700000179.800,59.744,-31.690,-1470.430
nav,1700000179.900,60.388,-32.882,-1470.093
nav,1700000180.000,59.844,-31.634,-1471.387
nav,1700000180.100,59.802,-31.882,-1470.185
nav,1700000180.200,58.807,-31.985,-1471.344
nav,1700000180.300,59.653,-31.611,-1470.196
nav,1700000180.400,58.932,-31.536,-1470.197
nav,1700000180.500,58.178,-31.694,-1470.436
nav,1700000180.600,58.671,-32.605,-1470.481
nav,1700000180.700,58.000,-32.089,-1471.011
nav,1700000180.800,58.758,-32.313,-1471.371
nav,1700000180.900,58.249,-31.497,-1469.922
nav,1700000181.000,57.246,-31.842,-1471.647
nav,1700000181.100,58.309,-32.469,-1471.478
nav,1700000181.200,57.305,-32.038,-1471.017
nav,1700000181.300,57.642,-32.003,-1471.881
nav,1700000181.400,57.564,-32.026,-1470.672
nav,1700000181.500,56.646,-32.801,-1471.307
nav,1700000181.600,57.448,-31.920,-1471.427
nav,1700000181.700,56.165,-31.121,-1471.880
nav,1700000181.800,56.037,-31.715,-1472.330
nav,1700000181.900,56.837,-31.688,-1470.989
nav,1700000182.000,56.279,-32.081,-1472.007
nav,1700000182.100,55.730,-32.488,-1471.270
nav,1700000182.200,56.003,-31.262,-1471.364
nav,1700000182.300,55.862,-32.149,-1471.825
nav,1700000182.400,55.437,-32.193,-1471.488
nav,1700000182.500,54.469,-32.441,-1471.342
nav,1700000182.600,55.243,-32.493,-1471.361
nav,1700000182.700,54.334,-31.992,-1471.024
nav,1700000182.800,54.804,-31.602,-1470.815
nav,1700000182.900,53.848,-32.493,-1472.167
nav,1700000183.000,53.873,-33.177,-1471.946
nav,1700000183.100,53.528,-31.608,-1471.702
nav,1700000183.200,53.300,-31.705,-1471.553
nav,1700000183.300,53.016,-32.247,-1473.063
nav,1700000183.400,52.655,-32.371,-1471.950
nav,1700000183.500,52.527,-32.257,-1472.635
nav,1700000183.600,52.886,-31.787,-1471.858
nav,1700000183.700,52.606,-32.771,-1472.405
nav,1700000183.800,52.196,-32.202,-1472.093
nav,1700000183.900,52.913,-31.594,-1472.660
nav,1700000184.000,52.339,-31.680,-1472.605
nav,1700000184.100,52.224,-32.080,-1472.943
nav,1700000184.200,51.828,-31.892,-1472.387
nav,1700000184.300,51.381,-32.360,-1472.004
nav,1700000184.400,51.178,-31.917,-1472.166
nav,1700000184.500,50.423,-32.447,-1473.484
nav,1700000184.600,51.082,-32.606,-1472.349
nav,1700000184.700,50.785,-31.699,-1473.052
nav,1700000184.800,50.367,-31.165,-1471.628
nav,1700000184.900,50.694,-31.831,-1473.023
nav,1700000185.000,50.359,-32.079,-1472.275
nav,1700000185.100,49.484,-32.086,-1472.508
nav,1700000185.200,49.723,-31.753,-1472.915
nav,1700000185.300,48.728,-31.188,-1471.416
nav,1700000185.400,49.424,-32.662,-1473.082
nav,1700000185.500,49.255,-31.329,-1473.336
nav,1700000185.600,48.738,-31.902,-1472.332
nav,1700000185.700,48.428,-32.782,-1472.488
nav,1700000185.800,48.962,-32.041,-1472.631
nav,1700000185.900,47.963,-32.423,-1472.355
nav,1700000186.000,48.194,-31.755,-1472.151
nav,1700000186.100,47.273,-32.276,-1472.858
nav,1700000186.200,47.318,-31.608,-1473.065
nav,1700000186.300,46.904,-31.967,-1472.920
nav,1700000186.400,47.667,-31.803,-1472.809
nav,1700000186.500,47.160,-32.094,-1473.431
nav,1700000186.600,46.944,-32.167,-1472.262
nav,1700000186.700,47.271,-31.684,-1472.952
nav,1700000186.800,46.356,-32.631,-1473.283
nav,1700000186.900,46.251,-31.885,-1472.974
nav,1700000187.000,46.461,-32.346,-1473.584
nav,1700000187.100,46.525,-31.615,-1473.471
nav,1700000187.200,45.546,-32.051,-1473.294
nav,1700000187.300,45.636,-30.733,-1473.248
nav,1700000187.400,45.531,-32.843,-1473.619
nav,1700000187.500,45.614,-31.799,-1475.604
nav,1700000187.600,45.137,-31.041,-1474.441
nav,1700000187.700,45.360,-33.386,-1473.007
nav,1700000187.800,44.396,-33.175,-1473.286
nav,1700000187.900,44.775,-31.818,-1473.250
nav,1700000188.000,43.794,-32.931,-1473.230
nav,1700000188.100,44.675,-31.435,-1474.603
nav,1700000188.200,42.843,-32.423,-1474.438
nav,1700000188.300,43.422,-31.803,-1474.389
nav,1700000188.400,43.589,-31.699,-1473.981
nav,1700000188.500,42.914,-32.975,-1473.906
nav,1700000188.600,42.804,-31.916,-1473.583
nav,1700000188.700,42.722,-32.132,-1473.662
nav,1700000188.800,42.901,-32.048,-1473.678
nav,1700000188.900,42.107,-32.323,-1473.608
nav,1700000189.000,41.722,-31.807,-1473.888
nav,1700000189.100,41.648,-32.164,-1474.188
nav,1700000189.200,40.777,-31.809,-1473.850
nav,1700000189.300,41.825,-32.266,-1473.051
nav,1700000189.400,41.010,-32.438,-1474.527
nav,1700000189.500,40.133,-31.234,-1473.377
nav,1700000189.600,41.100,-32.448,-1473.188
nav,1700000189.700,40.424,-32.135,-1473.407
nav,1700000189.800,40.729,-30.899,-1474.033
nav,1700000189.900,40.001,-32.306,-1475.113
nav,1700000190.000,39.861,-31.428,-1473.921
nav,1700000190.100,39.810,-32.497,-1474.139
nav,1700000190.200,40.106,-31.785,-1474.200
nav,1700000190.300,39.002,-31.566,-1475.881
nav,1700000190.400,39.391,-30.715,-1475.100
nav,1700000190.500,38.879,-32.004,-1474.609
nav,1700000190.600,39.318,-31.764,-1474.332
nav,1700000190.700,38.999,-31.992,-1472.850
nav,1700000190.800,38.476,-31.902,-1475.326
nav,1700000190.900,37.928,-31.426,-1475.169
nav,1700000191.000,36.921,-31.984,-1473.847
nav,1700000191.100,37.821,-32.168,-1475.492
nav,1700000191.200,37.826,-31.669,-1475.485
nav,1700000191.300,37.967,-31.617,-1474.058
nav,1700000191.400,37.492,-31.673,-1474.395
nav,1700000191.500,37.434,-32.909,-1475.436
nav,1700000191.600,36.432,-32.065,-1474.522
nav,1700000191.700,36.762,-31.441,-1474.172
nav,1700000191.800,35.964,-31.881,-1475.200
nav,1700000191.900,36.106,-31.839,-1476.511
nav,1700000192.000,37.206,-31.717,-1475.134
nav,1700000192.100,36.764,-32.174,-1474.800
nav,1700000192.200,35.356,-31.174,-1474.949
nav,1700000192.300,35.475,-31.398,-1474.634
nav,1700000192.400,35.173,-31.445,-1473.687
nav,1700000192.500,35.159,-31.942,-1474.900
nav,1700000192.600,35.455,-32.300,-1475.155
nav,1700000192.700,33.831,-32.592,-1475.304
nav,1700000192.800,34.372,-31.115,-1474.806
nav,1700000192.900,33.744,-32.364,-1474.416
nav,1700000193.000,34.563,-31.986,-1475.354
nav,1700000193.100,34.362,-32.497,-1474.966
nav,1700000193.200,34.736,-31.897,-1475.579
nav,1700000193.300,33.605,-32.235,-1475.918
nav,1700000193.400,33.551,-31.441,-1475.405
nav,1700000193.500,32.811,-32.481,-1475.353
nav,1700000193.600,32.519,-32.506,-1474.361
nav,1700000193.700,32.833,-31.714,-1474.894
nav,1700000193.800,32.786,-32.207,-1475.229
nav,1700000193.900,32.065,-31.781,-1475.223
nav,1700000194.000,31.809,-32.665,-1475.349
nav,1700000194.100,31.698,-32.945,-1475.197
nav,1700000194.200,32.083,-30.736,-1475.674
nav,1700000194.300,31.131,-32.555,-1475.403
nav,1700000194.400,31.301,-32.406,-1475.623
nav,1700000194.500,30.011,-31.537,-1475.949
nav,1700000194.600,30.783,-32.713,-1475.883
nav,1700000194.700,30.460,-32.006,-1475.380
nav,1700000194.800,31.120,-31.634,-1475.166
nav,1700000194.900,30.923,-31.715,-1475.693
nav,1700000195.000,30.505,-31.463,-1475.379
nav,1700000195.100,29.073,-32.421,-1475.868
nav,1700000195.200,29.990,-32.011,-1475.190
nav,1700000195.300,30.058,-31.400,-1475.183
nav,1700000195.400,28.682,-31.759,-1476.117
nav,1700000195.500,28.175,-32.144,-1475.178
nav,1700000195.600,29.030,-30.991,-1475.779
nav,1700000195.700,29.824,-31.911,-1475.884
nav,1700000195.800,27.760,-31.445,-1476.173
nav,1700000195.900,27.876,-31.359,-1475.370
nav,1700000196.000,28.566,-32.181,-1476.001
nav,1700000196.100,27.770,-31.609,-1475.226
nav,1700000196.200,27.784,-31.013,-1475.581
nav,1700000196.300,27.283,-31.586,-1475.203
nav,1700000196.400,28.199,-31.407,-1476.070
nav,1700000196.500,26.892,-31.712,-1475.272
nav,1700000196.600,27.017,-31.773,-1476.110
nav,1700000196.700,26.436,-32.081,-1476.094
nav,1700000196.800,27.259,-32.120,-1476.162
nav,1700000196.900,25.767,-31.642,-1475.531
nav,1700000197.000,26.812,-31.898,-1475.954
nav,1700000197.100,25.723,-31.736,-1476.110
nav,1700000197.200,25.629,-31.931,-1476.067
nav,1700000197.300,25.253,-32.121,-1475.465
nav,1700000197.400,26.555,-32.602,-1476.974
nav,1700000197.500,24.521,-32.052,-1475.922
nav,1700000197.600,25.096,-31.914,-1476.131
nav,1700000197.700,24.254,-32.122,-1476.431
nav,1700000197.800,23.608,-32.581,-1477.007
nav,1700000197.900,24.582,-31.877,-1476.167
nav,1700000198.000,23.080,-32.742,-1476.166
nav,1700000198.100,22.411,-31.388,-1477.434
nav,1700000198.200,24.022,-32.444,-1476.023
nav,1700000198.300,25.004,-33.137,-1476.225
nav,1700000198.400,22.296,-31.787,-1476.701
nav,1700000198.500,23.065,-32.456,-1476.232
nav,1700000198.600,22.076,-31.379,-1476.852
nav,1700000198.700,21.899,-31.203,-1476.706
nav,1700000198.800,23.354,-31.389,-1477.096
nav,1700000198.900,22.158,-31.939,-1475.958
nav,1700000199.000,22.219,-31.912,-1476.846
nav,1700000199.100,21.775,-31.348,-1476.768
nav,1700000199.200,21.403,-32.282,-1477.071
nav,1700000199.300,20.699,-32.375,-1476.069
nav,1700000199.400,21.097,-31.648,-1478.082
nav,1700000199.500,21.284,-32.081,-1477.107
nav,1700000199.600,20.890,-32.248,-1477.953
nav,1700000199.700,21.061,-31.878,-1477.071
nav,1700000199.800,19.917,-32.735,-1476.826
nav,1700000199.900,21.007,-31.898,-1477.653
nav,1700000200.000,20.113,-32.027,-1476.554
nav,1700000200.100,20.103,-33.493,-1476.736
nav,1700000200.200,19.098,-32.711,-1477.127
nav,1700000200.300,19.605,-32.820,-1476.704
nav,1700000200.400,19.582,-31.977,-1477.513
nav,1700000200.500,18.510,-31.487,-1477.858
nav,1700000200.600,19.332,-32.083,-1477.173
nav,1700000200.700,17.746,-32.073,-1476.842
nav,1700000200.800,17.732,-31.751,-1477.127
nav,1700000200.900,17.878,-31.573,-1478.295
nav,1700000201.000,18.173,-31.190,-1476.497
nav,1700000201.100,17.995,-32.151,-1477.557
nav,1700000201.200,17.449,-31.728,-1477.666
nav,1700000201.300,17.779,-30.933,-1477.316
nav,1700000201.400,16.528,-32.672,-1476.919
nav,1700000201.500,16.970,-31.562,-1477.596
nav,1700000201.600,17.215,-32.079,-1477.718
nav,1700000201.700,16.400,-32.599,-1476.379
nav,1700000201.800,16.352,-31.678,-1477.664
nav,1700000201.900,15.674,-32.117,-1476.867
nav,1700000202.000,15.740,-32.435,-1477.362
nav,1700000202.100,16.050,-31.179,-1477.284
nav,1700000202.200,15.922,-31.640,-1478.060
nav,1700000202.300,14.918,-32.542,-1478.171
nav,1700000202.400,15.598,-31.855,-1477.486
nav,1700000202.500,13.704,-30.972,-1477.995
nav,1700000202.600,15.826,-32.725,-1477.975
nav,1700000202.700,13.499,-31.819,-1478.141
nav,1700000202.800,13.864,-32.686,-1477.223
nav,1700000202.900,14.556,-31.094,-1477.975
nav,1700000203.000,14.109,-32.645,-1477.821
nav,1700000203.100,13.541,-31.768,-1477.166
nav,1700000203.200,14.096,-32.421,-1477.196
nav,1700000203.300,13.378,-32.162,-1478.070
nav,1700000203.400,12.920,-31.129,-1477.583
nav,1700000203.500,13.087,-32.131,-1476.534
nav,1700000203.600,13.453,-32.361,-1477.914
nav,1700000203.700,12.493,-31.927,-1478.149
nav,1700000203.800,12.619,-31.274,-1478.475
nav,1700000203.900,11.636,-32.242,-1478.057
nav,1700000204.000,12.999,-31.499,-1477.386
nav,1700000204.100,11.668,-32.143,-1478.604
nav,1700000204.200,11.991,-31.754,-1477.256
nav,1700000204.300,11.295,-32.071,-1477.833
nav,1700000204.400,11.646,-32.735,-1477.570
nav,1700000204.500,10.990,-32.529,-1479.000
nav,1700000204.600,10.732,-31.276,-1477.140
nav,1700000204.700,10.778,-31.019,-1478.018
nav,1700000204.800,10.877,-32.226,-1478.274
nav,1700000204.900,9.861,-33.030,-1477.392
nav,1700000205.000,9.679,-32.401,-1478.645
nav,1700000205.100,9.698,-31.118,-1477.027
nav,1700000205.200,8.770,-32.177,-1478.610
nav,1700000205.300,9.894,-31.857,-1478.430
nav,1700000205.400,9.236,-32.239,-1477.324
nav,1700000205.500,9.273,-31.665,-1479.483
nav,1700000205.600,8.767,-30.958,-1477.505
nav,1700000205.700,7.676,-32.157,-1478.787
nav,1700000205.800,9.256,-31.878,-1478.589
nav,1700000205.900,8.217,-33.304,-1478.766
nav,1700000206.000,8.018,-31.577,-1479.213
nav,1700000206.100,7.609,-31.495,-1478.986
nav,1700000206.200,7.715,-31.967,-1477.421
nav,1700000206.300,7.285,-32.086,-1477.869
nav,1700000206.400,6.537,-32.110,-1478.542
nav,1700000206.500,6.931,-31.576,-1478.055
nav,1700000206.600,6.426,-31.932,-1477.605
nav,1700000206.700,6.184,-31.927,-1478.464
nav,1700000206.800,6.368,-32.815,-1477.680
nav,1700000206.900,5.813,-31.487,-1478.713
nav,1700000207.000,5.687,-31.393,-1477.923
nav,1700000207.100,5.904,-31.619,-1478.582
nav,1700000207.200,5.596,-32.331,-1478.002
nav,1700000207.300,5.053,-31.257,-1478.630
nav,1700000207.400,5.210,-31.621,-1478.477
nav,1700000207.500,4.851,-32.015,-1478.059
nav,1700000207.600,4.469,-32.063,-1478.517
nav,1700000207.700,5.032,-32.050,-1477.635
nav,1700000207.800,4.322,-32.119,-1478.641
nav,1700000207.900,3.542,-32.518,-1478.838
nav,1700000208.000,4.568,-32.017,-1478.831
nav,1700000208.100,4.413,-31.224,-1477.978
nav,1700000208.200,3.173,-32.248,-1477.715
nav,1700000208.300,3.521,-32.134,-1478.279
nav,1700000208.400,3.704,-32.286,-1478.544
nav,1700000208.500,3.463,-32.580,-1478.664
nav,1700000208.600,2.243,-32.492,-1478.967
nav,1700000208.700,2.839,-32.161,-1479.026
nav,1700000208.800,2.426,-32.573,-1478.503
nav,1700000208.900,2.766,-32.040,-1478.834
nav,1700000209.000,2.187,-33.014,-1478.480
nav,1700000209.100,3.351,-32.061,-1478.823
nav,1700000209.200,1.972,-31.177,-1478.292
nav,1700000209.300,0.322,-31.718,-1477.509
nav,1700000209.400,1.511,-32.577,-1478.669
nav,1700000209.500,0.360,-31.384,-1479.303
nav,1700000209.600,0.837,-32.429,-1479.113
nav,1700000209.700,1.343,-31.948,-1479.134
nav,1700000209.800,-0.173,-32.936,-1479.495
nav,1700000209.900,0.256,-31.510,-1479.164
nav,1700000210.000,0.785,-32.359,-1479.018
nav,1700000210.100,-0.740,-31.505,-1477.865
nav,1700000210.200,-1.281,-32.173,-1478.295
nav,1700000210.300,-1.323,-31.717,-1478.331
nav,1700000210.400,-0.761,-31.725,-1478.076
nav,1700000210.500,-0.026,-32.031,-1479.237
nav,1700000210.600,-1.660,-31.512,-1479.670
nav,1700000210.700,-1.526,-31.949,-1479.250
nav,1700000210.800,-1.460,-30.718,-1479.073
nav,1700000210.900,-2.018,-31.492,-1478.906
nav,1700000211.000,-1.280,-31.918,-1479.164
nav,1700000211.100,-3.092,-32.810,-1479.971
nav,1700000211.200,-2.210,-32.681,-1478.439
nav,1700000211.300,-2.585,-32.122,-1479.502
nav,1700000211.400,-2.489,-32.402,-1479.586
nav,1700000211.500,-2.406,-31.823,-1479.224
nav,1700000211.600,-2.879,-31.996,-1478.928
nav,1700000211.700,-3.808,-30.965,-1479.423
nav,1700000211.800,-2.822,-32.094,-1478.742
nav,1700000211.900,-3.433,-31.427,-1479.579
nav,1700000212.000,-3.462,-31.077,-1479.301
nav,1700000212.100,-4.183,-32.262,-1479.357
nav,1700000212.200,-3.544,-32.502,-1479.667
nav,1700000212.300,-3.795,-31.688,-1478.149
nav,1700000212.400,-5.025,-31.937,-1479.551
nav,1700000212.500,-4.928,-32.887,-1478.891
nav,1700000212.600,-5.038,-32.029,-1479.441
nav,1700000212.700,-5.847,-31.636,-1479.843
nav,1700000212.800,-5.344,-30.963,-1478.527
nav,1700000212.900,-6.553,-32.268,-1479.071
nav,1700000213.000,-6.035,-32.700,-1479.100
nav,1700000213.100,-6.205,-31.043,-1479.431
nav,1700000213.200,-5.816,-32.634,-1479.830
nav,1700000213.300,-6.239,-31.458,-1479.807
nav,1700000213.400,-6.788,-32.691,-1479.430
nav,1700000213.500,-6.582,-32.217,-1479.475
nav,1700000213.600,-7.765,-32.324,-1478.483
nav,1700000213.700,-7.364,-32.501,-1479.530
nav,1700000213.800,-8.399,-32.507,-1478.704
nav,1700000213.900,-7.871,-31.055,-1479.442
nav,1700000214.000,-8.018,-31.680,-1480.742
nav,1700000214.100,-8.098,-32.024,-1478.673
nav,1700000214.200,-7.918,-32.567,-1478.806
nav,1700000214.300,-8.731,-32.452,-1479.339
nav,1700000214.400,-8.901,-31.231,-1479.277
nav,1700000214.500,-8.897,-31.550,-1478.912
nav,1700000214.600,-8.808,-31.290,-1479.164
nav,1700000214.700,-9.316,-31.380,-1479.524
nav,1700000214.800,-9.583,-31.139,-1478.678
nav,1700000214.900,-9.804,-32.227,-1478.767
nav,1700000215.000,-9.600,-31.842,-1479.669
nav,1700000215.100,-10.034,-32.011,-1479.850
nav,1700000215.200,-10.335,-31.867,-1479.715
nav,1700000215.300,-10.148,-31.356,-1479.052
nav,1700000215.400,-10.938,-31.622,-1479.508
nav,1700000215.500,-11.618,-31.664,-1479.483
nav,1700000215.600,-9.903,-31.271,-1479.210
nav,1700000215.700,-11.275,-31.918,-1480.076
nav,1700000215.800,-12.469,-32.436,-1479.607
nav,1700000215.900,-12.853,-32.272,-1479.716
nav,1700000216.000,-12.108,-32.331,-1479.772
nav,1700000216.100,-11.338,-31.669,-1479.890
nav,1700000216.200,-12.434,-32.014,-1480.003
nav,1700000216.300,-12.985,-31.495,-1479.837
nav,1700000216.400,-13.347,-32.022,-1479.577
nav,1700000216.500,-13.986,-32.020,-1479.210
nav,1700000216.600,-12.974,-30.885,-1479.027
nav,1700000216.700,-12.676,-30.600,-1479.282
nav,1700000216.800,-13.518,-31.513,-1479.949
nav,1700000216.900,-13.746,-32.324,-1479.478
nav,1700000217.000,-14.326,-32.343,-1479.478
nav,1700000217.100,-14.269,-32.964,-1480.420
nav,1700000217.200,-14.974,-32.441,-1479.493
nav,1700000217.300,-14.491,-31.467,-1479.332
nav,1700000217.400,-14.264,-31.696,-1479.611
nav,1700000217.500,-14.450,-31.540,-1479.535
nav,1700000217.600,-14.564,-33.173,-1479.876
nav,1700000217.700,-15.553,-31.424,-1478.952
nav,1700000217.800,-16.325,-31.294,-1480.330
nav,1700000217.900,-16.371,-32.117,-1479.911
nav,1700000218.000,-16.779,-31.675,-1479.419
nav,1700000218.100,-15.673,-32.217,-1479.785
nav,1700000218.200,-16.415,-31.156,-1481.189
nav,1700000218.300,-17.078,-31.997,-1480.322
nav,1700000218.400,-16.929,-32.063,-1480.114
nav,1700000218.500,-16.968,-31.686,-1479.910
nav,1700000218.600,-17.427,-32.083,-1479.802
nav,1700000218.700,-18.270,-31.769,-1480.030
nav,1700000218.800,-16.969,-31.704,-1479.226
nav,1700000218.900,-18.306,-32.186,-1480.438
nav,1700000219.000,-18.353,-31.374,-1479.079
nav,1700000219.100,-18.774,-32.229,-1479.867
nav,1700000219.200,-18.107,-32.880,-1480.636
nav,1700000219.300,-18.355,-32.975,-1480.063
nav,1700000219.400,-18.719,-31.792,-1479.916
nav,1700000219.500,-19.183,-31.578,-1479.708
nav,1700000219.600,-19.524,-31.981,-1479.665
nav,1700000219.700,-18.541,-31.607,-1479.254
nav,1700000219.800,-19.905,-32.262,-1479.984
nav,1700000219.900,-19.872,-32.504,-1479.239
nav,1700000220.000,-19.558,-32.153,-1479.556
nav,1700000220.100,-20.089,-31.640,-1480.554
nav,1700000220.200,-20.473,-32.029,-1479.575
nav,1700000220.300,-20.914,-33.250,-1480.432
nav,1700000220.400,-20.831,-31.968,-1479.054
nav,1700000220.500,-20.709,-31.959,-1479.916
nav,1700000220.600,-20.648,-32.295,-1479.975
nav,1700000220.700,-21.945,-31.291,-1479.713
nav,1700000220.800,-21.954,-32.057,-1479.658
nav,1700000220.900,-21.925,-32.267,-1480.244
nav,1700000221.000,-21.831,-32.179,-1480.148
nav,1700000221.100,-22.868,-31.961,-1480.016
nav,1700000221.200,-22.561,-31.901,-1479.555
nav,1700000221.300,-22.249,-31.724,-1480.053
nav,1700000221.400,-23.083,-32.522,-1480.233
nav,1700000221.500,-22.990,-32.393,-1479.892
nav,1700000221.600,-23.683,-32.830,-1479.533
nav,1700000221.700,-23.637,-32.419,-1480.493
nav,1700000221.800,-23.388,-31.313,-1480.151
nav,1700000221.900,-23.908,-31.464,-1480.858
nav,1700000222.000,-23.017,-30.778,-1481.309
nav,1700000222.100,-24.249,-32.359,-1480.091
nav,1700000222.200,-24.609,-31.594,-1480.018
nav,1700000222.300,-25.055,-32.086,-1479.707
nav,1700000222.400,-25.392,-32.823,-1478.970
nav,1700000222.500,-25.321,-32.069,-1480.168
nav,1700000222.600,-24.926,-31.114,-1479.682
nav,1700000222.700,-26.159,-32.692,-1480.173
nav,1700000222.800,-25.734,-32.861,-1479.566
nav,1700000222.900,-26.343,-31.253,-1479.068
nav,1700000223.000,-26.124,-31.781,-1480.596
nav,1700000223.100,-25.888,-32.249,-1480.526
nav,1700000223.200,-26.545,-32.233,-1480.147
nav,1700000223.300,-26.125,-32.393,-1479.118
nav,1700000223.400,-27.463,-31.192,-1480.496
nav,1700000223.500,-27.001,-32.245,-1480.161
nav,1700000223.600,-26.799,-31.250,-1479.395
nav,1700000223.700,-27.602,-31.908,-1480.383
nav,1700000223.800,-28.096,-32.573,-1480.212
nav,1700000223.900,-27.675,-32.956,-1480.017
nav,1700000224.000,-27.242,-31.439,-1480.288
nav,1700000224.100,-28.898,-31.770,-1481.155
nav,1700000224.200,-27.845,-32.107,-1479.081
nav,1700000224.300,-29.463,-31.541,-1480.048
nav,1700000224.400,-28.966,-32.685,-1479.700
nav,1700000224.500,-28.662,-31.107,-1479.495
nav,1700000224.600,-29.497,-32.502,-1480.683
nav,1700000224.700,-28.663,-32.389,-1479.259
nav,1700000224.800,-29.337,-31.835,-1480.153
nav,1700000224.900,-29.470,-32.008,-1480.185
nav,1700000225.000,-29.652,-32.072,-1480.399
nav,1700000225.100,-29.900,-32.032,-1479.755
nav,1700000225.200,-30.627,-32.605,-1479.132
nav,1700000225.300,-29.827,-31.558,-1480.193
nav,1700000225.400,-30.950,-31.309,-1480.176
nav,1700000225.500,-31.316,-31.064,-1480.023
nav,1700000225.600,-30.316,-32.699,-1479.739
nav,1700000225.700,-30.364,-31.985,-1480.130
nav,1700000225.800,-32.184,-31.459,-1480.382
nav,1700000225.900,-31.847,-32.617,-1479.218
nav,1700000226.000,-31.423,-32.016,-1480.572
nav,1700000226.100,-31.432,-32.183,-1480.547
nav,1700000226.200,-33.281,-32.323,-1480.720
nav,1700000226.300,-32.911,-31.628,-1480.179
nav,1700000226.400,-32.622,-32.362,-1479.958
nav,1700000226.500,-32.040,-32.174,-1479.797
nav,1700000226.600,-33.983,-31.240,-1480.226
nav,1700000226.700,-32.875,-32.062,-1479.680
nav,1700000226.800,-33.264,-32.226,-1479.438
nav,1700000226.900,-34.179,-31.611,-1480.177
nav,1700000227.000,-33.825,-32.231,-1479.955
nav,1700000227.100,-34.737,-31.876,-1479.956
nav,1700000227.200,-34.670,-32.028,-1479.909
nav,1700000227.300,-34.908,-32.064,-1480.477
nav,1700000227.400,-33.627,-31.470,-1479.835
nav,1700000227.500,-34.414,-32.990,-1481.248
nav,1700000227.600,-35.400,-32.689,-1480.085
nav,1700000227.700,-35.297,-31.540,-1480.533
nav,1700000227.800,-35.400,-31.993,-1479.788
nav,1700000227.900,-36.060,-31.308,-1480.010
nav,1700000228.000,-35.113,-32.395,-1479.584
nav,1700000228.100,-36.230,-32.164,-1479.636
nav,1700000228.200,-36.550,-33.331,-1481.481
nav,1700000228.300,-35.964,-31.385,-1479.003
nav,1700000228.400,-36.809,-32.646,-1480.153
nav,1700000228.500,-36.994,-32.504,-1479.115
nav,1700000228.600,-36.080,-31.761,-1479.942
nav,1700000228.700,-38.047,-31.227,-1479.894
nav,1700000228.800,-37.745,-31.759,-1480.222
nav,1700000228.900,-37.727,-32.721,-1479.381
nav,1700000229.000,-38.052,-31.421,-1480.022
nav,1700000229.100,-38.268,-32.606,-1479.537
nav,1700000229.200,-38.838,-32.243,-1479.912
nav,1700000229.300,-38.539,-32.853,-1480.024
nav,1700000229.400,-38.402,-32.189,-1480.017
nav,1700000229.500,-38.919,-32.063,-1480.415
nav,1700000229.600,-39.218,-31.503,-1480.421
nav,1700000229.700,-39.587,-32.691,-1479.420
nav,1700000229.800,-39.646,-32.425,-1479.840
nav,1700000229.900,-40.402,-32.517,-1480.612
nav,1700000230.000,-40.533,-31.321,-1480.243
nav,1700000230.100,-39.967,-32.418,-1479.492
nav,1700000230.200,-40.913,-31.980,-1479.840
nav,1700000230.300,-39.436,-31.685,-1480.158
nav,1700000230.400,-40.457,-30.931,-1480.671
nav,1700000230.500,-41.421,-32.118,-1480.059
nav,1700000230.600,-41.366,-32.652,-1479.143
nav,1700000230.700,-42.111,-32.100,-1479.317
nav,1700000230.800,-41.615,-32.490,-1480.509
nav,1700000230.900,-41.915,-32.379,-1479.726
nav,1700000231.000,-42.701,-31.593,-1479.765
nav,1700000231.100,-42.105,-31.279,-1480.036
nav,1700000231.200,-42.763,-32.274,-1479.907
nav,1700000231.300,-42.645,-32.415,-1480.816
nav,1700000231.400,-43.080,-31.820,-1479.730
nav,1700000231.500,-42.400,-31.022,-1479.412
nav,1700000231.600,-42.509,-31.617,-1478.930
nav,1700000231.700,-42.475,-31.524,-1479.426
nav,1700000231.800,-43.703,-32.021,-1479.941
nav,1700000231.900,-43.489,-32.360,-1479.861
nav,1700000232.000,-45.178,-31.138,-1479.869
nav,1700000232.100,-43.972,-31.271,-1479.602
nav,1700000232.200,-43.678,-32.621,-1478.546
nav,1700000232.300,-44.056,-31.895,-1479.025
nav,1700000232.400,-45.384,-32.144,-1479.008
nav,1700000232.500,-45.934,-31.720,-1479.457
nav,1700000232.600,-44.215,-32.791,-1478.911
nav,1700000232.700,-45.680,-32.224,-1480.319
nav,1700000232.800,-46.144,-31.798,-1480.257
nav,1700000232.900,-45.430,-32.331,-1480.299
nav,1700000233.000,-46.264,-31.832,-1479.824
nav,1700000233.100,-46.183,-31.652,-1479.136
nav,1700000233.200,-46.555,-32.522,-1479.631
nav,1700000233.300,-46.365,-32.730,-1480.106
nav,1700000233.400,-47.160,-32.104,-1480.033
nav,1700000233.500,-46.646,-32.803,-1480.434
nav,1700000233.600,-47.367,-32.088,-1480.363
nav,1700000233.700,-47.703,-32.201,-1479.824
nav,1700000233.800,-47.524,-32.331,-1478.880
nav,1700000233.900,-47.556,-32.404,-1479.563
nav,1700000234.000,-47.938,-31.393,-1479.902
nav,1700000234.100,-47.816,-31.979,-1478.847
nav,1700000234.200,-47.755,-31.902,-1479.715
nav,1700000234.300,-48.347,-32.090,-1478.734
nav,1700000234.400,-48.761,-32.203,-1479.795
nav,1700000234.500,-49.607,-31.722,-1479.966
nav,1700000234.600,-48.651,-32.646,-1479.483
nav,1700000234.700,-48.825,-33.076,-1478.528
nav,1700000234.800,-49.813,-31.929,-1479.242
nav,1700000234.900,-49.437,-31.863,-1479.019
nav,1700000235.000,-49.740,-31.120,-1479.247
nav,1700000235.100,-49.218,-31.549,-1480.401
nav,1700000235.200,-49.094,-32.287,-1478.741
nav,1700000235.300,-50.587,-31.469,-1479.823
nav,1700000235.400,-50.487,-32.127,-1478.679
nav,1700000235.500,-50.781,-31.532,-1480.540
nav,1700000235.600,-51.243,-31.795,-1479.336
nav,1700000235.700,-50.919,-32.183,-1479.413
nav,1700000235.800,-51.009,-33.139,-1479.132
nav,1700000235.900,-51.967,-32.456,-1479.248
nav,1700000236.000,-51.386,-31.480,-1479.473
nav,1700000236.100,-51.762,-31.566,-1479.438
nav,1700000236.200,-52.747,-32.318,-1478.965
nav,1700000236.300,-52.621,-32.523,-1480.215
nav,1700000236.400,-52.384,-32.273,-1479.197
nav,1700000236.500,-52.380,-32.654,-1479.373
nav,1700000236.600,-53.285,-31.810,-1478.720
nav,1700000236.700,-54.065,-31.715,-1478.812
nav,1700000236.800,-53.693,-32.069,-1479.107
nav,1700000236.900,-53.628,-31.709,-1479.024
nav,1700000237.000,-54.491,-31.505,-1478.710
nav,1700000237.100,-54.107,-32.747,-1479.339
nav,1700000237.200,-54.303,-32.572,-1479.450
nav,1700000237.300,-55.305,-31.696,-1479.175
nav,1700000237.400,-55.623,-31.824,-1479.274
nav,1700000237.500,-54.742,-32.196,-1479.634
nav,1700000237.600,-55.585,-32.269,-1479.212
nav,1700000237.700,-55.326,-32.095,-1479.420
nav,1700000237.800,-55.776,-30.746,-1479.582
nav,1700000237.900,-56.079,-30.353,-1478.973
nav,1700000238.000,-56.690,-31.579,-1479.626
nav,1700000238.100,-55.745,-32.105,-1479.378
nav,1700000238.200,-55.595,-31.717,-1478.659
nav,1700000238.300,-56.383,-32.222,-1478.827
nav,1700000238.400,-56.195,-31.933,-1478.219
nav,1700000238.500,-56.575,-31.894,-1478.981
nav,1700000238.600,-57.131,-32.626,-1479.138
nav,1700000238.700,-57.289,-32.208,-1478.911
nav,1700000238.800,-57.589,-31.613,-1478.735
nav,1700000238.900,-57.716,-32.684,-1478.158
nav,1700000239.000,-58.071,-32.040,-1479.211
nav,1700000239.100,-58.444,-31.228,-1478.333
nav,1700000239.200,-58.178,-32.054,-1478.703
nav,1700000239.300,-58.563,-32.095,-1478.829
nav,1700000239.400,-59.021,-31.874,-1478.882
nav,1700000239.500,-58.699,-32.310,-1478.615
nav,1700000239.600,-59.653,-32.286,-1479.221
nav,1700000239.700,-59.936,-31.492,-1479.427
nav,1700000239.800,-59.949,-31.372,-1479.213
nav,1700000239.900,-59.894,-32.506,-1478.497
nav,1700000240.000,-59.577,-23.631,-1478.630
nav,1700000240.100,-59.763,-24.262,-1479.292
nav,1700000240.200,-58.955,-23.618,-1479.216
nav,1700000240.300,-59.380,-24.150,-1479.419
nav,1700000240.400,-59.111,-24.208,-1479.316
nav,1700000240.500,-59.740,-24.782,-1479.011
nav,1700000240.600,-58.843,-24.438,-1478.484
nav,1700000240.700,-58.633,-23.712,-1478.886
nav,1700000240.800,-58.794,-23.943,-1479.411
nav,1700000240.900,-57.930,-24.469,-1478.305
nav,1700000241.000,-58.169,-23.469,-1479.310
nav,1700000241.100,-58.139,-23.810,-1478.148
nav,1700000241.200,-56.767,-23.979,-1477.798
nav,1700000241.300,-57.545,-23.451,-1479.173
nav,1700000241.400,-56.990,-25.171,-1479.247
nav,1700000241.500,-56.767,-24.656,-1478.456
nav,1700000241.600,-56.347,-24.251,-1479.138
nav,1700000241.700,-56.837,-24.483,-1478.688
nav,1700000241.800,-56.349,-24.153,-1477.784
nav,1700000241.900,-56.560,-23.304,-1479.126
nav,1700000242.000,-55.964,-23.408,-1478.023
nav,1700000242.100,-56.010,-23.722,-1478.362
nav,1700000242.200,-55.870,-23.692,-1477.625
nav,1700000242.300,-55.164,-23.717,-1478.203
nav,1700000242.400,-55.930,-23.770,-1479.031
nav,1700000242.500,-55.295,-22.919,-1478.632
nav,1700000242.600,-55.170,-23.424,-1478.962
nav,1700000242.700,-54.824,-23.375,-1478.450
nav,1700000242.800,-55.181,-23.728,-1478.653
nav,1700000242.900,-53.430,-24.303,-1477.912
nav,1700000243.000,-53.112,-24.425,-1478.517
nav,1700000243.100,-53.606,-24.429,-1478.267
nav,1700000243.200,-53.712,-24.123,-1478.361
nav,1700000243.300,-53.364,-23.918,-1478.667
nav,1700000243.400,-53.478,-24.059,-1478.372
nav,1700000243.500,-53.219,-23.838,-1479.239
nav,1700000243.600,-53.165,-24.140,-1478.742
nav,1700000243.700,-51.785,-23.991,-1478.208
nav,1700000243.800,-52.642,-24.008,-1478.886
nav,1700000243.900,-52.285,-24.469,-1478.399
nav,1700000244.000,-53.280,-24.564,-1477.510
nav,1700000244.100,-51.385,-23.340,-1477.530
nav,1700000244.200,-51.264,-24.226,-1478.724
nav,1700000244.300,-50.827,-23.968,-1476.940
nav,1700000244.400,-51.383,-23.014,-1478.247
nav,1700000244.500,-50.332,-23.152,-1478.661
nav,1700000244.600,-51.042,-24.516,-1478.746
nav,1700000244.700,-50.266,-24.098,-1478.086
nav,1700000244.800,-50.122,-24.929,-1477.450
nav,1700000244.900,-50.375,-23.734,-1477.764
nav,1700000245.000,-49.315,-24.052,-1479.117
nav,1700000245.100,-49.771,-23.900,-1478.553
nav,1700000245.200,-49.526,-24.181,-1478.688
nav,1700000245.300,-49.064,-24.282,-1478.200
nav,1700000245.400,-49.431,-23.382,-1477.998
nav,1700000245.500,-48.960,-24.220,-1477.726
nav,1700000245.600,-48.125,-23.676,-1477.595
nav,1700000245.700,-48.297,-24.690,-1478.356
nav,1700000245.800,-48.502,-24.363,-1478.431
nav,1700000245.900,-49.136,-24.673,-1478.007
nav,1700000246.000,-48.035,-24.397,-1477.819
nav,1700000246.100,-48.017,-23.455,-1477.919
nav,1700000246.200,-47.252,-23.898,-1478.519
nav,1700000246.300,-47.445,-24.618,-1477.852
nav,1700000246.400,-47.573,-23.809,-1478.449
nav,1700000246.500,-46.993,-23.714,-1477.303
nav,1700000246.600,-47.182,-23.991,-1477.645
nav,1700000246.700,-45.826,-24.741,-1478.172
nav,1700000246.800,-44.998,-24.137,-1478.641
nav,1700000246.900,-46.491,-25.384,-1477.554
nav,1700000247.000,-45.595,-24.456,-1477.889
nav,1700000247.100,-45.338,-24.875,-1478.293
nav,1700000247.200,-45.714,-24.376,-1477.758
nav,1700000247.300,-46.032,-23.893,-1477.665
nav,1700000247.400,-44.925,-23.900,-1477.466
nav,1700000247.500,-45.723,-23.754,-1477.713
nav,1700000247.600,-44.883,-23.476,-1477.886
nav,1700000247.700,-43.924,-23.278,-1477.128
nav,1700000247.800,-44.890,-25.093,-1476.944
nav,1700000247.900,-44.144,-24.373,-1476.875
nav,1700000248.000,-44.431,-24.212,-1477.177
nav,1700000248.100,-44.357,-24.055,-1476.873
nav,1700000248.200,-43.494,-23.376,-1476.829
nav,1700000248.300,-43.396,-25.168,-1477.927
nav,1700000248.400,-42.818,-24.775,-1477.515
nav,1700000248.500,-42.831,-23.265,-1477.617
nav,1700000248.600,-43.122,-24.026,-1477.132
nav,1700000248.700,-42.677,-23.475,-1477.684
nav,1700000248.800,-42.340,-23.777,-1477.462
nav,1700000248.900,-41.780,-23.926,-1476.845
nav,1700000249.000,-41.903,-23.812,-1477.533
nav,1700000249.100,-42.115,-23.388,-1476.876
nav,1700000249.200,-42.111,-23.910,-1478.358
nav,1700000249.300,-41.687,-23.519,-1477.211
nav,1700000249.400,-41.141,-25.508,-1477.322
nav,1700000249.500,-40.831,-23.767,-1476.621
nav,1700000249.600,-40.905,-24.083,-1477.745
nav,1700000249.700,-40.702,-24.631,-1477.980
nav,1700000249.800,-40.943,-23.246,-1477.168
nav,1700000249.900,-40.090,-24.257,-1477.904
nav,1700000250.000,-39.532,-25.086,-1477.263
nav,1700000250.100,-39.827,-23.885,-1477.325
nav,1700000250.200,-40.519,-24.401,-1477.313
nav,1700000250.300,-39.787,-23.515,-1477.521
nav,1700000250.400,-39.050,-23.921,-1476.410
nav,1700000250.500,-39.067,-23.604,-1476.953
nav,1700000250.600,-38.583,-24.751,-1478.162
nav,1700000250.700,-38.411,-23.784,-1476.581
nav,1700000250.800,-38.662,-23.255,-1477.024
nav,1700000250.900,-37.990,-23.703,-1475.911
nav,1700000251.000,-38.159,-24.327,-1477.495
nav,1700000251.100,-37.024,-23.789,-1476.495
nav,1700000251.200,-36.042,-23.837,-1477.348
nav,1700000251.300,-37.498,-24.487,-1476.870
nav,1700000251.400,-37.401,-24.294,-1477.344
nav,1700000251.500,-36.204,-23.851,-1476.735
nav,1700000251.600,-36.421,-23.764,-1476.460
nav,1700000251.700,-36.258,-23.933,-1476.238
nav,1700000251.800,-36.023,-23.919,-1476.658
nav,1700000251.900,-35.435,-24.239,-1476.327
nav,1700000252.000,-35.793,-24.305,-1476.901
nav,1700000252.100,-35.977,-24.246,-1477.201
nav,1700000252.200,-35.926,-23.867,-1475.814
nav,1700000252.300,-35.123,-25.300,-1476.101
nav,1700000252.400,-35.479,-23.773,-1476.403
nav,1700000252.500,-35.096,-24.051,-1476.381
nav,1700000252.600,-34.128,-24.010,-1475.802
nav,1700000252.700,-34.130,-23.666,-1477.212
nav,1700000252.800,-33.842,-24.229,-1475.935
nav,1700000252.900,-34.686,-24.593,-1475.279
nav,1700000253.000,-34.478,-23.427,-1476.182
nav,1700000253.100,-34.010,-24.022,-1476.865
nav,1700000253.200,-33.607,-24.541,-1476.386
nav,1700000253.300,-32.937,-23.873,-1476.903
nav,1700000253.400,-32.774,-24.004,-1476.407
nav,1700000253.500,-32.627,-24.084,-1476.692
nav,1700000253.600,-31.876,-24.009,-1476.123
nav,1700000253.700,-32.803,-23.410,-1476.319
nav,1700000253.800,-33.172,-24.339,-1475.366
nav,1700000253.900,-31.784,-24.128,-1475.316
nav,1700000254.000,-31.626,-24.133,-1476.059
nav,1700000254.100,-31.635,-24.416,-1475.947
nav,1700000254.200,-31.446,-24.843,-1476.017
nav,1700000254.300,-31.552,-23.486,-1476.817
nav,1700000254.400,-31.391,-24.241,-1475.388
nav,1700000254.500,-31.022,-23.102,-1475.509
nav,1700000254.600,-31.005,-23.880,-1475.990
nav,1700000254.700,-30.170,-24.666,-1476.197
nav,1700000254.800,-30.172,-23.387,-1476.859
nav,1700000254.900,-29.513,-24.070,-1476.672
nav,1700000255.000,-31.501,-24.765,-1475.713
nav,1700000255.100,-29.833,-23.683,-1475.950
nav,1700000255.200,-30.154,-24.207,-1475.631
nav,1700000255.300,-29.285,-24.395,-1475.169
nav,1700000255.400,-29.511,-24.435,-1475.863
nav,1700000255.500,-28.463,-24.066,-1475.911
nav,1700000255.600,-28.337,-22.929,-1475.430
nav,1700000255.700,-27.983,-23.482,-1475.810
nav,1700000255.800,-28.387,-24.641,-1475.581
nav,1700000255.900,-28.513,-24.201,-1475.825
nav,1700000256.000,-28.144,-23.734,-1475.482
nav,1700000256.100,-28.732,-24.373,-1476.153
nav,1700000256.200,-27.478,-23.748,-1475.237
nav,1700000256.300,-27.794,-23.877,-1475.571
nav,1700000256.400,-27.769,-23.629,-1474.898
nav,1700000256.500,-26.526,-24.304,-1474.689
nav,1700000256.600,-27.047,-23.673,-1475.505
nav,1700000256.700,-26.712,-25.211,-1475.372
nav,1700000256.800,-26.354,-24.205,-1474.313
nav,1700000256.900,-26.781,-24.282,-1475.615
nav,1700000257.000,-26.282,-23.484,-1474.394
nav,1700000257.100,-26.150,-24.362,-1475.682
nav,1700000257.200,-24.947,-23.439,-1475.127
nav,1700000257.300,-26.098,-24.653,-1474.960
nav,1700000257.400,-24.925,-25.033,-1475.176
nav,1700000257.500,-24.191,-24.109,-1474.241
nav,1700000257.600,-24.475,-24.542,-1475.102
nav,1700000257.700,-24.664,-24.476,-1475.411
nav,1700000257.800,-23.647,-24.489,-1474.357
nav,1700000257.900,-24.418,-24.013,-1474.586
nav,1700000258.000,-24.299,-23.716,-1475.860
nav,1700000258.100,-23.580,-25.234,-1474.920
nav,1700000258.200,-23.173,-23.689,-1475.426
nav,1700000258.300,-23.985,-24.344,-1474.653
nav,1700000258.400,-24.216,-24.007,-1474.560
nav,1700000258.500,-23.142,-23.737,-1474.574
nav,1700000258.600,-23.071,-24.968,-1474.588
nav,1700000258.700,-23.077,-24.289,-1474.385
nav,1700000258.800,-21.691,-24.019,-1474.317
nav,1700000258.900,-22.922,-23.877,-1474.593
nav,1700000259.000,-21.385,-24.270,-1474.653
nav,1700000259.100,-21.271,-24.046,-1475.056
nav,1700000259.200,-20.324,-24.539,-1474.503
nav,1700000259.300,-21.227,-23.866,-1474.535
nav,1700000259.400,-21.292,-24.117,-1474.967
nav,1700000259.500,-19.925,-24.110,-1474.079
nav,1700000259.600,-20.967,-24.177,-1474.574
nav,1700000259.700,-21.375,-24.080,-1474.519
nav,1700000259.800,-19.814,-24.598,-1474.572
nav,1700000259.900,-20.649,-23.279,-1474.687
nav,1700000260.000,-19.719,-23.515,-1474.294
nav,1700000260.100,-20.488,-24.682,-1473.759
nav,1700000260.200,-20.230,-23.804,-1474.100
nav,1700000260.300,-19.211,-23.764,-1474.593
nav,1700000260.400,-19.688,-23.643,-1474.409
nav,1700000260.500,-20.375,-23.676,-1474.580
nav,1700000260.600,-18.566,-23.304,-1474.022
nav,1700000260.700,-18.102,-23.923,-1473.205
nav,1700000260.800,-18.931,-24.004,-1473.630
nav,1700000260.900,-18.295,-23.424,-1474.150
nav,1700000261.000,-16.965,-22.939,-1473.761
nav,1700000261.100,-17.524,-23.404,-1474.463
nav,1700000261.200,-18.256,-23.372,-1473.700
nav,1700000261.300,-17.513,-23.994,-1474.998
nav,1700000261.400,-17.295,-24.377,-1473.313
nav,1700000261.500,-16.502,-23.712,-1473.542
nav,1700000261.600,-17.549,-23.705,-1473.392
nav,1700000261.700,-15.977,-22.941,-1474.521
nav,1700000261.800,-16.594,-24.371,-1473.555
nav,1700000261.900,-16.193,-24.117,-1473.095
nav,1700000262.000,-16.551,-24.521,-1474.088
nav,1700000262.100,-15.980,-24.614,-1473.567
nav,1700000262.200,-15.683,-24.393,-1473.073
nav,1700000262.300,-15.430,-23.469,-1473.574
nav,1700000262.400,-15.212,-24.281,-1473.447
nav,1700000262.500,-14.644,-24.206,-1473.151
nav,1700000262.600,-15.206,-23.620,-1473.666
nav,1700000262.700,-14.174,-23.970,-1472.583
nav,1700000262.800,-14.977,-24.738,-1473.618
nav,1700000262.900,-14.892,-24.691,-1472.965
nav,1700000263.000,-14.002,-24.240,-1473.436
nav,1700000263.100,-14.099,-23.175,-1473.576
nav,1700000263.200,-14.261,-23.602,-1473.283
nav,1700000263.300,-12.381,-24.263,-1472.718
nav,1700000263.400,-12.659,-24.261,-1473.479
nav,1700000263.500,-12.629,-23.713,-1473.779
nav,1700000263.600,-13.364,-25.268,-1472.741
nav,1700000263.700,-12.731,-24.081,-1473.851
nav,1700000263.800,-12.949,-24.239,-1473.307
nav,1700000263.900,-12.141,-23.708,-1471.802
nav,1700000264.000,-12.010,-23.442,-1473.317
nav,1700000264.100,-12.637,-24.176,-1473.667
nav,1700000264.200,-11.593,-24.390,-1473.811
nav,1700000264.300,-10.532,-24.269,-1473.618
nav,1700000264.400,-10.751,-24.364,-1472.219
nav,1700000264.500,-11.367,-24.270,-1472.557
nav,1700000264.600,-10.503,-23.616,-1472.740
nav,1700000264.700,-10.336,-23.627,-1472.560
nav,1700000264.800,-10.471,-24.723,-1472.326
nav,1700000264.900,-10.179,-24.207,-1471.952
nav,1700000265.000,-10.714,-23.178,-1472.567
nav,1700000265.100,-9.641,-24.198,-1473.354
nav,1700000265.200,-9.670,-23.833,-1472.147
nav,1700000265.300,-9.499,-25.096,-1473.221
nav,1700000265.400,-8.174,-24.546,-1471.701
nav,1700000265.500,-9.467,-24.091,-1472.067
nav,1700000265.600,-9.210,-23.204,-1472.306
nav,1700000265.700,-8.370,-24.134,-1471.979
nav,1700000265.800,-7.611,-24.066,-1471.408
nav,1700000265.900,-8.506,-23.618,-1471.993
nav,1700000266.000,-8.534,-23.893,-1472.198
nav,1700000266.100,-8.227,-23.821,-1472.093
nav,1700000266.200,-7.636,-24.034,-1472.175
nav,1700000266.300,-7.584,-23.930,-1472.417
nav,1700000266.400,-5.872,-24.705,-1472.351
nav,1700000266.500,-7.253,-22.980,-1472.683
nav,1700000266.600,-6.587,-23.876,-1471.820
nav,1700000266.700,-5.982,-23.392,-1472.176
nav,1700000266.800,-6.303,-24.932,-1471.865
nav,1700000266.900,-6.597,-24.093,-1472.721
nav,1700000267.000,-5.798,-24.848,-1471.768
nav,1700000267.100,-6.413,-24.425,-1471.228
nav,1700000267.200,-5.306,-23.425,-1470.989
nav,1700000267.300,-5.786,-23.251,-1472.466
nav,1700000267.400,-4.827,-24.247,-1472.161
nav,1700000267.500,-4.693,-23.528,-1471.202
nav,1700000267.600,-4.693,-23.934,-1471.360
nav,1700000267.700,-4.448,-23.729,-1471.484
nav,1700000267.800,-3.979,-24.814,-1471.615
nav,1700000267.900,-4.892,-23.862,-1470.692
nav,1700000268.000,-4.237,-23.936,-1471.098
nav,1700000268.100,-4.834,-24.261,-1471.257
nav,1700000268.200,-5.048,-24.488,-1470.851
nav,1700000268.300,-2.899,-23.813,-1470.924
nav,1700000268.400,-3.092,-23.722,-1471.485
nav,1700000268.500,-2.942,-24.316,-1470.659
nav,1700000268.600,-2.039,-23.310,-1471.457
nav,1700000268.700,-3.077,-23.362,-1470.944
nav,1700000268.800,-2.236,-24.317,-1470.966
nav,1700000268.900,-2.743,-23.683,-1470.452
nav,1700000269.000,-1.184,-23.646,-1471.794
nav,1700000269.100,-1.701,-22.930,-1471.500
nav,1700000269.200,-1.630,-23.293,-1470.720
nav,1700000269.300,-0.160,-24.366,-1471.485
nav,1700000269.400,-0.588,-24.598,-1471.051
nav,1700000269.500,-1.033,-23.482,-1470.608
nav,1700000269.600,-0.571,-24.201,-1470.270
nav,1700000269.700,1.413,-23.654,-1470.789
nav,1700000269.800,-1.049,-24.319,-1470.908
nav,1700000269.900,-0.467,-24.008,-1469.874
nav,1700000270.000,0.624,-24.079,-1471.329
nav,1700000270.100,0.869,-24.025,-1471.550
nav,1700000270.200,0.756,-23.487,-1471.862
nav,1700000270.300,0.188,-24.055,-1470.243
nav,1700000270.400,0.542,-24.416,-1470.209
nav,1700000270.500,0.766,-23.729,-1471.090
nav,1700000270.600,0.524,-23.622,-1470.369
nav,1700000270.700,1.861,-24.266,-1470.854
nav,1700000270.800,2.280,-24.761,-1469.793
nav,1700000270.900,2.460,-23.570,-1470.724
nav,1700000271.000,1.592,-24.105,-1470.989
nav,1700000271.100,1.719,-23.678,-1469.978
nav,1700000271.200,1.875,-23.662,-1470.036
nav,1700000271.300,3.355,-23.715,-1469.695
nav,1700000271.400,3.039,-23.510,-1470.829
nav,1700000271.500,2.939,-24.019,-1470.269
nav,1700000271.600,3.422,-23.683,-1469.912
nav,1700000271.700,3.312,-24.368,-1469.520
nav,1700000271.800,3.775,-24.509,-1470.127
nav,1700000271.900,2.928,-23.982,-1470.090
nav,1700000272.000,3.713,-23.208,-1470.529
nav,1700000272.100,4.553,-22.907,-1469.373
nav,1700000272.200,4.384,-24.567,-1470.554
nav,1700000272.300,4.394,-24.344,-1470.193
nav,1700000272.400,4.637,-24.051,-1469.551
nav,1700000272.500,4.381,-24.341,-1469.834
nav,1700000272.600,5.102,-23.082,-1469.599
nav,1700000272.700,4.593,-23.791,-1469.402
nav,1700000272.800,5.537,-24.607,-1468.757
nav,1700000272.900,5.265,-23.670,-1469.496
nav,1700000273.000,6.300,-23.147,-1469.275
nav,1700000273.100,5.921,-23.447,-1469.832
nav,1700000273.200,6.482,-24.647,-1469.993
nav,1700000273.300,6.626,-23.816,-1470.288
nav,1700000273.400,7.049,-24.410,-1468.757
nav,1700000273.500,6.824,-24.562,-1469.319
nav,1700000273.600,6.742,-23.366,-1469.316
nav,1700000273.700,7.324,-23.704,-1469.779
nav,1700000273.800,6.955,-23.796,-1469.786
nav,1700000273.900,7.250,-23.582,-1468.933
nav,1700000274.000,7.373,-24.310,-1469.607
nav,1700000274.100,9.088,-23.547,-1469.326
nav,1700000274.200,8.688,-24.678,-1469.411
nav,1700000274.300,8.652,-23.774,-1469.083
nav,1700000274.400,8.924,-23.961,-1469.076
nav,1700000274.500,8.852,-24.213,-1468.837
nav,1700000274.600,9.405,-23.901,-1469.502
nav,1700000274.700,8.901,-23.801,-1468.136
nav,1700000274.800,9.676,-24.206,-1468.719
nav,1700000274.900,9.232,-23.346,-1468.697
nav,1700000275.000,9.665,-24.083,-1469.014
nav,1700000275.100,10.856,-24.101,-1468.631
nav,1700000275.200,10.687,-24.370,-1468.571
nav,1700000275.300,10.737,-24.777,-1468.501
nav,1700000275.400,10.777,-23.935,-1468.569
nav,1700000275.500,11.130,-23.331,-1469.135
nav,1700000275.600,11.029,-23.667,-1468.264
nav,1700000275.700,11.630,-22.623,-1468.156
nav,1700000275.800,12.165,-24.154,-1468.918
nav,1700000275.900,11.643,-23.644,-1468.177
nav,1700000276.000,12.202,-24.107,-1468.526
nav,1700000276.100,12.110,-23.638,-1467.878
nav,1700000276.200,11.897,-23.619,-1468.582
nav,1700000276.300,12.834,-24.096,-1467.432
nav,1700000276.400,12.591,-23.911,-1467.871
nav,1700000276.500,12.563,-24.036,-1468.266
nav,1700000276.600,12.943,-24.220,-1467.535
nav,1700000276.700,13.101,-23.717,-1467.892
nav,1700000276.800,12.902,-23.740,-1468.714
nav,1700000276.900,14.114,-24.254,-1467.962
nav,1700000277.000,13.353,-23.939,-1467.461
nav,1700000277.100,13.797,-24.304,-1467.655
nav,1700000277.200,14.640,-25.217,-1466.833
nav,1700000277.300,14.864,-23.652,-1467.870
nav,1700000277.400,13.872,-23.663,-1468.039
nav,1700000277.500,15.272,-24.109,-1467.596
nav,1700000277.600,14.813,-23.568,-1468.267
nav,1700000277.700,16.523,-22.881,-1466.814
nav,1700000277.800,16.238,-24.042,-1467.005
nav,1700000277.900,15.752,-24.777,-1466.795
nav,1700000278.000,16.564,-24.016,-1468.117
nav,1700000278.100,15.907,-24.911,-1466.990
nav,1700000278.200,15.598,-23.857,-1467.842
nav,1700000278.300,15.887,-23.881,-1467.544
nav,1700000278.400,17.219,-24.634,-1467.714
nav,1700000278.500,15.806,-25.092,-1466.394
nav,1700000278.600,18.242,-23.954,-1467.662
nav,1700000278.700,17.251,-23.563,-1467.465
nav,1700000278.800,17.719,-24.006,-1467.450
nav,1700000278.900,17.537,-23.853,-1467.611
nav,1700000279.000,18.226,-24.236,-1467.016
nav,1700000279.100,18.892,-24.084,-1466.577
nav,1700000279.200,17.504,-24.235,-1466.981
nav,1700000279.300,19.562,-24.980,-1467.000
nav,1700000279.400,19.528,-24.393,-1467.016
nav,1700000279.500,19.166,-23.908,-1466.083
nav,1700000279.600,19.424,-23.336,-1467.003
nav,1700000279.700,19.030,-24.113,-1467.360
nav,1700000279.800,19.842,-24.193,-1467.073
nav,1700000279.900,20.049,-24.572,-1466.309
nav,1700000280.000,19.761,-23.420,-1466.848
nav,1700000280.100,20.516,-23.910,-1466.237
nav,1700000280.200,20.455,-24.832,-1466.061
nav,1700000280.300,20.556,-23.605,-1466.177
nav,1700000280.400,20.413,-24.457,-1466.151
nav,1700000280.500,20.848,-23.532,-1466.525
nav,1700000280.600,21.712,-23.788,-1466.249
nav,1700000280.700,21.213,-23.884,-1465.753
nav,1700000280.800,21.573,-23.734,-1466.283
nav,1700000280.900,21.862,-23.138,-1465.662
nav,1700000281.000,22.040,-23.893,-1466.570
nav,1700000281.100,22.114,-23.845,-1465.750
nav,1700000281.200,22.775,-24.555,-1465.644
nav,1700000281.300,22.556,-24.493,-1465.420
nav,1700000281.400,23.532,-23.868,-1465.691
nav,1700000281.500,23.384,-23.302,-1465.637
nav,1700000281.600,22.536,-22.995,-1465.425
nav,1700000281.700,23.145,-24.515,-1465.662
nav,1700000281.800,23.461,-23.835,-1465.499
nav,1700000281.900,23.517,-24.558,-1465.634
nav,1700000282.000,23.733,-23.927,-1466.454
nav,1700000282.100,24.074,-23.643,-1465.436
nav,1700000282.200,24.006,-24.584,-1465.687
nav,1700000282.300,24.881,-23.797,-1465.907
nav,1700000282.400,24.949,-23.249,-1465.505
nav,1700000282.500,24.183,-23.898,-1464.541
nav,1700000282.600,24.556,-23.985,-1465.632
nav,1700000282.700,25.448,-23.903,-1464.905
nav,1700000282.800,25.642,-23.361,-1465.490
nav,1700000282.900,25.625,-24.335,-1466.296
nav,1700000283.000,26.138,-22.973,-1465.114
nav,1700000283.100,26.543,-24.207,-1465.421
nav,1700000283.200,26.892,-22.996,-1464.510
nav,1700000283.300,27.003,-23.982,-1465.105
nav,1700000283.400,26.423,-24.724,-1465.729
nav,1700000283.500,27.025,-24.146,-1465.856
nav,1700000283.600,27.181,-24.159,-1465.664
nav,1700000283.700,27.215,-24.160,-1465.341
nav,1700000283.800,28.063,-24.951,-1465.981
nav,1700000283.900,27.802,-23.952,-1464.742
nav,1700000284.000,27.731,-24.459,-1464.903
nav,1700000284.100,27.979,-23.224,-1465.017
nav,1700000284.200,28.373,-22.762,-1464.908
nav,1700000284.300,28.878,-23.677,-1464.400
nav,1700000284.400,28.945,-23.903,-1464.671
nav,1700000284.500,28.712,-23.837,-1463.662
nav,1700000284.600,29.805,-23.848,-1464.204
nav,1700000284.700,28.965,-24.130,-1464.113
nav,1700000284.800,30.344,-24.385,-1464.784
nav,1700000284.900,30.891,-23.952,-1463.586
nav,1700000285.000,30.103,-23.877,-1464.606
nav,1700000285.100,30.671,-23.321,-1464.926
nav,1700000285.200,30.224,-23.542,-1464.428
nav,1700000285.300,30.353,-23.495,-1463.767
nav,1700000285.400,30.575,-23.894,-1464.878
nav,1700000285.500,30.552,-23.938,-1464.213
nav,1700000285.600,30.717,-24.358,-1464.716
nav,1700000285.700,31.628,-24.984,-1464.644
nav,1700000285.800,30.669,-23.790,-1464.995
nav,1700000285.900,31.816,-23.180,-1463.212
nav,1700000286.000,31.097,-23.851,-1464.498
nav,1700000286.100,31.603,-24.057,-1463.344
nav,1700000286.200,32.700,-24.358,-1463.560
nav,1700000286.300,31.478,-24.376,-1464.280
nav,1700000286.400,32.839,-24.101,-1463.893
nav,1700000286.500,32.913,-23.989,-1463.507
nav,1700000286.600,33.275,-24.142,-1463.531
nav,1700000286.700,33.813,-24.278,-1463.716
nav,1700000286.800,34.181,-24.551,-1462.739
nav,1700000286.900,33.130,-24.173,-1464.071
nav,1700000287.000,35.094,-24.252,-1463.801
nav,1700000287.100,34.015,-23.952,-1463.670
nav,1700000287.200,34.334,-25.765,-1463.431
nav,1700000287.300,34.609,-23.481,-1462.760
nav,1700000287.400,34.706,-23.592,-1463.920
nav,1700000287.500,35.384,-24.286,-1463.916
nav,1700000287.600,35.107,-23.300,-1463.187
nav,1700000287.700,36.148,-24.374,-1462.708
nav,1700000287.800,35.274,-23.887,-1463.078
nav,1700000287.900,36.131,-23.875,-1463.511
nav,1700000288.000,36.440,-23.134,-1463.387
nav,1700000288.100,35.282,-23.750,-1463.215
nav,1700000288.200,36.334,-23.722,-1463.232
nav,1700000288.300,36.466,-24.050,-1462.224
nav,1700000288.400,36.815,-24.618,-1463.511
nav,1700000288.500,37.070,-24.565,-1463.648
nav,1700000288.600,37.518,-23.658,-1463.005
nav,1700000288.700,37.547,-23.906,-1462.474
nav,1700000288.800,37.902,-25.303,-1462.850
nav,1700000288.900,38.059,-24.205,-1462.666
nav,1700000289.000,38.375,-23.960,-1461.884
nav,1700000289.100,38.763,-24.059,-1462.691
nav,1700000289.200,36.975,-24.163,-1463.223
nav,1700000289.300,38.711,-23.924,-1462.152
nav,1700000289.400,39.498,-24.013,-1461.314
nav,1700000289.500,39.116,-24.655,-1462.689
nav,1700000289.600,39.014,-23.704,-1462.836
nav,1700000289.700,39.251,-24.081,-1462.540
nav,1700000289.800,40.006,-23.679,-1461.687
nav,1700000289.900,39.634,-23.399,-1462.906
nav,1700000290.000,39.306,-24.607,-1462.173
nav,1700000290.100,40.801,-24.301,-1462.370
nav,1700000290.200,40.292,-23.714,-1462.325
nav,1700000290.300,40.333,-24.673,-1462.325
nav,1700000290.400,41.389,-23.955,-1462.363
nav,1700000290.500,41.618,-24.293,-1461.237
nav,1700000290.600,41.902,-23.972,-1462.650
nav,1700000290.700,42.545,-23.806,-1462.017
nav,1700000290.800,42.078,-23.649,-1461.153
nav,1700000290.900,41.469,-23.841,-1462.355
nav,1700000291.000,42.333,-24.011,-1461.576
nav,1700000291.100,42.127,-24.125,-1462.104
nav,1700000291.200,42.795,-23.255,-1461.902
nav,1700000291.300,42.877,-23.784,-1461.573
nav,1700000291.400,42.037,-24.651,-1461.921
nav,1700000291.500,41.930,-23.296,-1461.301
nav,1700000291.600,43.185,-25.095,-1462.350
nav,1700000291.700,43.399,-23.015,-1461.741
nav,1700000291.800,44.032,-24.240,-1461.318
nav,1700000291.900,44.407,-24.173,-1461.644
nav,1700000292.000,44.709,-23.977,-1460.707
nav,1700000292.100,43.857,-23.297,-1461.069
nav,1700000292.200,44.617,-23.934,-1461.412
nav,1700000292.300,44.599,-24.221,-1460.633
nav,1700000292.400,44.698,-24.748,-1461.906
nav,1700000292.500,44.137,-23.691,-1461.596
nav,1700000292.600,45.350,-23.932,-1461.006
nav,1700000292.700,45.619,-23.921,-1462.282
nav,1700000292.800,45.438,-23.787,-1460.060
nav,1700000292.900,46.643,-24.682,-1461.008
nav,1700000293.000,45.217,-23.240,-1460.280
nav,1700000293.100,46.375,-23.917,-1460.050
nav,1700000293.200,47.006,-23.421,-1460.465
nav,1700000293.300,46.425,-23.616,-1460.239
nav,1700000293.400,46.705,-24.176,-1460.034
nav,1700000293.500,47.832,-24.375,-1460.685
nav,1700000293.600,47.375,-23.757,-1460.768
nav,1700000293.700,48.342,-23.789,-1460.195
nav,1700000293.800,48.479,-24.225,-1460.458
nav,1700000293.900,47.173,-24.086,-1461.111
nav,1700000294.000,48.374,-23.790,-1460.459
nav,1700000294.100,48.150,-23.619,-1460.841
nav,1700000294.200,48.502,-23.650,-1461.118
nav,1700000294.300,48.942,-24.837,-1460.238
nav,1700000294.400,48.218,-23.284,-1460.711
nav,1700000294.500,48.175,-23.933,-1460.293
nav,1700000294.600,48.448,-23.737,-1461.035
nav,1700000294.700,48.882,-24.288,-1459.591
nav,1700000294.800,50.248,-23.449,-1460.022
nav,1700000294.900,48.586,-23.805,-1459.163
nav,1700000295.000,50.617,-23.769,-1460.447
nav,1700000295.100,49.937,-23.033,-1460.513
nav,1700000295.200,49.826,-23.529,-1459.974
nav,1700000295.300,50.009,-23.236,-1459.481
nav,1700000295.400,50.609,-24.573,-1458.641
nav,1700000295.500,50.988,-23.301,-1459.171
nav,1700000295.600,50.940,-24.256,-1458.847
nav,1700000295.700,52.131,-24.938,-1459.249
nav,1700000295.800,51.539,-24.517,-1459.346
nav,1700000295.900,51.125,-24.233,-1459.829
nav,1700000296.000,51.750,-24.036,-1459.891
nav,1700000296.100,52.987,-23.753,-1458.439
nav,1700000296.200,52.320,-24.274,-1458.410
nav,1700000296.300,52.311,-24.089,-1458.882
nav,1700000296.400,52.181,-23.644,-1458.903
nav,1700000296.500,53.635,-23.555,-1458.498
nav,1700000296.600,53.145,-24.431,-1458.046
nav,1700000296.700,52.637,-24.713,-1458.771
nav,1700000296.800,54.412,-23.905,-1458.507
nav,1700000296.900,52.802,-24.250,-1459.897
nav,1700000297.000,54.390,-24.774,-1459.552
nav,1700000297.100,54.457,-23.469,-1458.945
nav,1700000297.200,54.685,-23.731,-1458.926
nav,1700000297.300,54.053,-23.718,-1458.465
nav,1700000297.400,55.247,-23.844,-1459.309
nav,1700000297.500,55.345,-24.001,-1458.919
nav,1700000297.600,55.053,-24.345,-1458.186
nav,1700000297.700,54.691,-24.497,-1458.748
nav,1700000297.800,56.407,-23.473,-1459.357
nav,1700000297.900,56.476,-23.325,-1459.076
nav,1700000298.000,54.739,-24.036,-1457.881
nav,1700000298.100,56.996,-24.435,-1457.519
nav,1700000298.200,55.286,-24.184,-1458.557
nav,1700000298.300,57.176,-23.351,-1457.824
nav,1700000298.400,56.125,-23.569,-1457.999
nav,1700000298.500,56.164,-25.034,-1457.688
nav,1700000298.600,57.110,-24.643,-1458.264
nav,1700000298.700,57.582,-24.041,-1458.889
nav,1700000298.800,58.543,-23.498,-1458.233
nav,1700000298.900,57.652,-23.820,-1458.583
nav,1700000299.000,58.161,-24.665,-1458.006
nav,1700000299.100,57.616,-24.559,-1457.101
nav,1700000299.200,58.430,-23.896,-1458.883
nav,1700000299.300,58.301,-23.769,-1457.733
nav,1700000299.400,57.723,-23.896,-1457.599
nav,1700000299.500,59.642,-24.328,-1458.857
nav,1700000299.600,58.702,-24.549,-1457.320
nav,1700000299.700,58.042,-24.224,-1456.928
nav,1700000299.800,59.604,-23.552,-1458.415
nav,1700000299.900,58.999,-23.281,-1457.497
nav,1700000300.000,60.052,-24.559,-1457.450
nav,1700000300.100,59.227,-23.407,-1456.089
nav,1700000300.200,59.842,-24.317,-1458.673
nav,1700000300.300,58.558,-23.223,-1457.873
nav,1700000300.400,59.015,-23.672,-1456.570
nav,1700000300.500,58.900,-24.202,-1457.229
nav,1700000300.600,58.486,-24.287,-1457.011
nav,1700000300.700,58.693,-22.934,-1456.951
nav,1700000300.800,58.976,-24.536,-1456.860
nav,1700000300.900,57.839,-23.802,-1456.732
nav,1700000301.000,58.025,-22.796,-1456.315
nav,1700000301.100,58.389,-23.618,-1456.100
nav,1700000301.200,56.882,-23.315,-1457.430
nav,1700000301.300,57.118,-23.719,-1456.271
nav,1700000301.400,56.623,-24.256,-1456.792
nav,1700000301.500,56.907,-23.573,-1455.075
nav,1700000301.600,57.010,-24.368,-1457.394
nav,1700000301.700,56.437,-24.470,-1456.465
nav,1700000301.800,56.626,-24.232,-1455.659
nav,1700000301.900,55.832,-24.060,-1456.285
nav,1700000302.000,56.446,-23.361,-1456.344
nav,1700000302.100,56.325,-24.333,-1456.052
nav,1700000302.200,56.052,-23.244,-1457.298
nav,1700000302.300,54.946,-23.588,-1457.742
nav,1700000302.400,55.446,-23.470,-1456.658
nav,1700000302.500,54.785,-24.537,-1456.583
nav,1700000302.600,54.554,-24.341,-1456.644
nav,1700000302.700,54.464,-24.142,-1455.291
nav,1700000302.800,54.203,-23.828,-1456.470
nav,1700000302.900,53.905,-24.852,-1456.920
nav,1700000303.000,53.397,-23.908,-1455.549
nav,1700000303.100,52.907,-24.275,-1456.724
nav,1700000303.200,53.468,-23.462,-1456.217
nav,1700000303.300,53.376,-23.272,-1455.717
nav,1700000303.400,52.820,-23.921,-1456.313
nav,1700000303.500,53.210,-23.742,-1456.536
nav,1700000303.600,52.888,-24.059,-1455.533
nav,1700000303.700,53.016,-23.761,-1455.910
nav,1700000303.800,52.867,-24.437,-1456.371
nav,1700000303.900,50.602,-24.035,-1456.075
nav,1700000304.000,52.199,-24.986,-1455.941
nav,1700000304.100,52.035,-24.515,-1455.366
nav,1700000304.200,51.321,-24.016,-1455.226
nav,1700000304.300,51.876,-23.954,-1455.883
nav,1700000304.400,50.971,-23.682,-1455.940
nav,1700000304.500,50.911,-24.193,-1455.434
nav,1700000304.600,50.295,-24.926,-1455.075
nav,1700000304.700,51.082,-24.896,-1455.104
nav,1700000304.800,50.942,-23.702,-1455.450
nav,1700000304.900,49.728,-23.960,-1455.071
nav,1700000305.000,50.048,-24.090,-1455.689
nav,1700000305.100,50.011,-23.765,-1455.001
nav,1700000305.200,49.655,-23.160,-1455.367
nav,1700000305.300,50.041,-24.367,-1454.453
nav,1700000305.400,49.817,-24.147,-1454.130
nav,1700000305.500,49.235,-24.439,-1455.101
nav,1700000305.600,49.366,-23.538,-1455.396
nav,1700000305.700,48.530,-23.898,-1455.074
nav,1700000305.800,49.579,-23.883,-1454.804
nav,1700000305.900,48.795,-24.183,-1454.223
nav,1700000306.000,47.166,-24.227,-1454.155
nav,1700000306.100,48.585,-24.387,-1455.078
nav,1700000306.200,47.884,-24.312,-1454.721
nav,1700000306.300,47.838,-24.272,-1455.523
nav,1700000306.400,46.549,-23.995,-1455.425
nav,1700000306.500,46.851,-24.696,-1453.626
nav,1700000306.600,47.883,-24.529,-1454.271
nav,1700000306.700,46.120,-24.155,-1453.451
nav,1700000306.800,46.167,-24.143,-1454.778
nav,1700000306.900,46.773,-25.632,-1454.481
nav,1700000307.000,45.977,-24.331,-1453.781
nav,1700000307.100,46.401,-24.706,-1453.120
nav,1700000307.200,44.888,-23.356,-1454.045
nav,1700000307.300,45.148,-24.205,-1454.090
nav,1700000307.400,45.304,-24.460,-1454.144
nav,1700000307.500,44.615,-24.608,-1454.389
nav,1700000307.600,44.225,-24.210,-1453.717
nav,1700000307.700,44.660,-23.013,-1454.992
nav,1700000307.800,44.635,-23.997,-1453.433
nav,1700000307.900,44.558,-24.082,-1453.708
nav,1700000308.000,43.628,-23.693,-1454.687
nav,1700000308.100,44.188,-24.012,-1453.945
nav,1700000308.200,43.484,-24.080,-1453.006
nav,1700000308.300,45.017,-23.390,-1453.891
nav,1700000308.400,43.515,-23.663,-1454.025
nav,1700000308.500,42.370,-24.032,-1453.112
nav,1700000308.600,41.994,-24.360,-1453.183
nav,1700000308.700,42.621,-23.292,-1454.129
nav,1700000308.800,43.576,-24.769,-1454.391
nav,1700000308.900,42.171,-24.567,-1453.350
nav,1700000309.000,41.963,-24.098,-1453.705
nav,1700000309.100,42.016,-24.159,-1452.686
nav,1700000309.200,41.510,-24.482,-1454.035
nav,1700000309.300,41.314,-24.635,-1453.820
nav,1700000309.400,41.464,-24.889,-1452.393
nav,1700000309.500,41.080,-24.022,-1453.570
nav,1700000309.600,41.182,-24.001,-1453.350
nav,1700000309.700,40.700,-24.841,-1453.778
nav,1700000309.800,39.840,-23.825,-1452.916
nav,1700000309.900,40.724,-24.460,-1452.581
nav,1700000310.000,39.943,-24.472,-1452.629
nav,1700000310.100,39.767,-24.315,-1452.755
nav,1700000310.200,39.535,-24.077,-1452.936
nav,1700000310.300,38.748,-23.963,-1453.085
nav,1700000310.400,38.690,-24.120,-1452.271
nav,1700000310.500,39.093,-24.266,-1452.877
nav,1700000310.600,39.118,-25.198,-1452.147
nav,1700000310.700,37.663,-24.708,-1452.757
nav,1700000310.800,39.485,-23.161,-1452.101
nav,1700000310.900,38.378,-24.931,-1452.330
nav,1700000311.000,37.725,-24.408,-1452.285
nav,1700000311.100,37.564,-23.565,-1453.284
nav,1700000311.200,37.638,-24.440,-1452.475
nav,1700000311.300,37.552,-24.559,-1452.142
nav,1700000311.400,37.094,-24.330,-1452.414
nav,1700000311.500,36.923,-24.384,-1452.129
nav,1700000311.600,36.661,-24.306,-1451.292
nav,1700000311.700,36.808,-24.191,-1451.969
nav,1700000311.800,35.887,-24.218,-1452.156
nav,1700000311.900,35.577,-23.806,-1452.203
nav,1700000312.000,35.822,-24.284,-1450.425
nav,1700000312.100,35.469,-25.034,-1452.659
nav,1700000312.200,35.980,-23.332,-1452.154
nav,1700000312.300,36.039,-23.629,-1451.862
nav,1700000312.400,35.070,-23.910,-1451.283
nav,1700000312.500,35.199,-24.338,-1451.764
nav,1700000312.600,35.791,-23.874,-1451.196
nav,1700000312.700,34.870,-23.863,-1451.531
nav,1700000312.800,34.849,-23.641,-1451.408
nav,1700000312.900,33.853,-23.807,-1451.528
nav,1700000313.000,33.846,-22.661,-1452.219
nav,1700000313.100,34.279,-24.431,-1451.338
nav,1700000313.200,34.884,-24.481,-1451.721
nav,1700000313.300,33.391,-24.424,-1450.871
nav,1700000313.400,32.933,-23.673,-1451.933
nav,1700000313.500,32.097,-24.114,-1452.007
nav,1700000313.600,33.559,-24.765,-1451.696
nav,1700000313.700,32.807,-24.293,-1451.891
nav,1700000313.800,33.420,-24.501,-1451.185
nav,1700000313.900,32.095,-23.645,-1450.811
nav,1700000314.000,31.587,-24.163,-1451.110
nav,1700000314.100,32.174,-24.584,-1449.943
nav,1700000314.200,31.220,-24.004,-1451.487
nav,1700000314.300,30.751,-24.437,-1451.347
nav,1700000314.400,30.993,-24.489,-1450.469
nav,1700000314.500,30.609,-24.447,-1450.968
nav,1700000314.600,31.296,-23.893,-1450.776
nav,1700000314.700,29.883,-24.571,-1451.321
nav,1700000314.800,31.053,-23.735,-1451.068
nav,1700000314.900,29.918,-24.413,-1451.035
nav,1700000315.000,30.230,-24.144,-1449.507
nav,1700000315.100,30.425,-23.345,-1450.167
nav,1700000315.200,29.389,-23.701,-1450.632
nav,1700000315.300,30.215,-23.798,-1450.282
nav,1700000315.400,29.264,-23.130,-1451.085
nav,1700000315.500,29.919,-24.093,-1451.026
nav,1700000315.600,28.424,-24.825,-1449.952
nav,1700000315.700,28.081,-23.916,-1449.667
nav,1700000315.800,28.064,-24.134,-1450.841
nav,1700000315.900,28.006,-22.713,-1449.756
nav,1700000316.000,27.868,-24.306,-1450.122
nav,1700000316.100,27.865,-24.210,-1449.791
nav,1700000316.200,27.123,-24.479,-1449.826
nav,1700000316.300,26.816,-23.635,-1449.974
nav,1700000316.400,26.286,-23.945,-1450.765
nav,1700000316.500,27.347,-24.124,-1448.953
nav,1700000316.600,27.336,-24.530,-1450.844
nav,1700000316.700,26.222,-24.611,-1448.877
nav,1700000316.800,26.395,-23.533,-1449.888
nav,1700000316.900,26.110,-24.016,-1449.148
nav,1700000317.000,26.156,-24.529,-1448.846
nav,1700000317.100,25.654,-24.228,-1451.028
nav,1700000317.200,25.917,-23.949,-1449.519
nav,1700000317.300,25.199,-24.288,-1449.710
nav,1700000317.400,25.432,-23.680,-1449.596
nav,1700000317.500,25.474,-24.039,-1449.689
nav,1700000317.600,24.899,-24.680,-1449.276
nav,1700000317.700,23.829,-24.514,-1450.358
nav,1700000317.800,24.312,-23.195,-1449.363
nav,1700000317.900,24.522,-22.824,-1449.059
nav,1700000318.000,23.617,-24.314,-1449.217
nav,1700000318.100,23.484,-24.279,-1448.681
nav,1700000318.200,24.113,-24.823,-1449.539
nav,1700000318.300,23.168,-23.700,-1448.514
nav,1700000318.400,24.551,-24.233,-1449.250
nav,1700000318.500,23.294,-24.341,-1449.069
nav,1700000318.600,22.592,-25.311,-1448.893
nav,1700000318.700,22.509,-23.364,-1448.909
nav,1700000318.800,21.773,-24.129,-1449.913
nav,1700000318.900,21.595,-23.682,-1448.948
nav,1700000319.000,22.461,-24.983,-1448.902
nav,1700000319.100,21.562,-23.522,-1448.401
nav,1700000319.200,21.921,-23.229,-1448.878
nav,1700000319.300,22.068,-24.522,-1449.191
nav,1700000319.400,21.576,-24.752,-1448.321
nav,1700000319.500,21.051,-23.464,-1448.594
nav,1700000319.600,20.828,-23.745,-1448.852
nav,1700000319.700,20.247,-23.763,-1448.492
nav,1700000319.800,20.196,-24.041,-1447.637
nav,1700000319.900,19.978,-24.236,-1449.245
nav,1700000320.000,19.979,-23.672,-1447.930
nav,1700000320.100,19.854,-23.522,-1447.940
nav,1700000320.200,20.156,-23.508,-1447.477
nav,1700000320.300,19.315,-24.664,-1447.888
nav,1700000320.400,19.590,-23.215,-1447.536
nav,1700000320.500,19.973,-23.690,-1448.019
nav,1700000320.600,18.108,-23.846,-1448.367
nav,1700000320.700,18.706,-23.973,-1447.812
nav,1700000320.800,18.351,-23.532,-1449.367
nav,1700000320.900,18.295,-23.399,-1447.028
nav,1700000321.000,18.366,-23.158,-1447.835
nav,1700000321.100,17.801,-23.735,-1447.879
nav,1700000321.200,17.209,-24.258,-1448.391
nav,1700000321.300,17.664,-23.994,-1447.972
nav,1700000321.400,16.917,-23.747,-1447.360
nav,1700000321.500,16.435,-24.644,-1447.230
nav,1700000321.600,16.112,-23.726,-1446.856
nav,1700000321.700,17.410,-23.631,-1447.268
nav,1700000321.800,17.526,-25.167,-1447.812
nav,1700000321.900,16.624,-24.169,-1446.918
nav,1700000322.000,15.980,-23.934,-1447.633
nav,1700000322.100,15.539,-24.274,-1447.318
nav,1700000322.200,15.213,-23.523,-1447.085
nav,1700000322.300,15.950,-24.564,-1448.219
nav,1700000322.400,15.198,-22.551,-1446.694
nav,1700000322.500,14.723,-23.788,-1446.921
nav,1700000322.600,14.116,-23.315,-1447.327
nav,1700000322.700,14.555,-23.988,-1446.629
nav,1700000322.800,14.022,-24.853,-1446.998
nav,1700000322.900,13.178,-24.151,-1446.524
nav,1700000323.000,14.290,-23.479,-1446.766
nav,1700000323.100,15.005,-24.294,-1446.835
nav,1700000323.200,13.381,-23.522,-1447.023
nav,1700000323.300,14.259,-24.265,-1446.247
nav,1700000323.400,13.497,-24.016,-1446.638
nav,1700000323.500,13.131,-23.822,-1446.971
nav,1700000323.600,12.449,-24.168,-1447.668
nav,1700000323.700,13.021,-24.618,-1446.893
nav,1700000323.800,12.724,-23.580,-1447.631
nav,1700000323.900,12.154,-23.770,-1446.676
nav,1700000324.000,12.672,-24.411,-1447.685
nav,1700000324.100,12.205,-24.269,-1447.499
nav,1700000324.200,11.521,-23.385,-1447.210
nav,1700000324.300,12.568,-24.419,-1446.493
nav,1700000324.400,10.590,-23.979,-1446.563
nav,1700000324.500,10.255,-22.587,-1446.702
nav,1700000324.600,10.553,-23.515,-1445.507
nav,1700000324.700,11.163,-24.601,-1446.266
nav,1700000324.800,9.459,-23.549,-1447.149
nav,1700000324.900,9.798,-24.002,-1446.068
nav,1700000325.000,9.870,-23.240,-1445.888
nav,1700000325.100,10.122,-24.615,-1445.360
nav,1700000325.200,9.198,-23.131,-1445.157
nav,1700000325.300,9.656,-23.484,-1447.669
nav,1700000325.400,9.102,-23.449,-1445.625
nav,1700000325.500,8.390,-24.147,-1447.315
nav,1700000325.600,9.006,-24.942,-1445.441
nav,1700000325.700,9.191,-24.237,-1445.705
nav,1700000325.800,8.291,-23.879,-1446.499
nav,1700000325.900,8.511,-24.821,-1446.800
nav,1700000326.000,7.939,-24.106,-1445.708
nav,1700000326.100,7.475,-23.057,-1445.724
nav,1700000326.200,7.716,-23.901,-1445.262
nav,1700000326.300,7.688,-23.779,-1445.356
nav,1700000326.400,6.288,-24.893,-1445.722
nav,1700000326.500,6.901,-23.710,-1445.633
nav,1700000326.600,7.091,-24.623,-1445.609
nav,1700000326.700,5.929,-23.807,-1446.503
nav,1700000326.800,6.574,-24.734,-1445.715
nav,1700000326.900,6.647,-23.886,-1446.307
nav,1700000327.000,5.664,-24.751,-1446.291
nav,1700000327.100,5.859,-23.720,-1445.184
nav,1700000327.200,5.901,-24.006,-1445.501
nav,1700000327.300,4.863,-24.220,-1445.985
nav,1700000327.400,4.777,-23.956,-1445.344
nav,1700000327.500,6.532,-24.673,-1445.308
nav,1700000327.600,4.088,-24.194,-1445.380
nav,1700000327.700,5.022,-24.225,-1445.262
nav,1700000327.800,4.185,-24.701,-1445.453
nav,1700000327.900,4.009,-23.963,-1444.808
nav,1700000328.000,3.883,-24.126,-1445.909
nav,1700000328.100,4.070,-24.348,-1444.636
nav,1700000328.200,4.258,-24.094,-1445.482
nav,1700000328.300,3.392,-23.826,-1445.089
nav,1700000328.400,2.918,-23.718,-1444.643
nav,1700000328.500,2.827,-24.827,-1444.625
nav,1700000328.600,2.416,-23.893,-1444.739
nav,1700000328.700,1.656,-23.959,-1444.518
nav,1700000328.800,2.719,-23.941,-1445.725
nav,1700000328.900,2.839,-23.794,-1445.299
nav,1700000329.000,1.606,-23.884,-1444.319
nav,1700000329.100,1.556,-23.587,-1445.517
nav,1700000329.200,1.079,-25.032,-1445.030
nav,1700000329.300,2.154,-22.971,-1444.426
nav,1700000329.400,0.881,-24.111,-1444.268
nav,1700000329.500,0.219,-24.286,-1443.749
nav,1700000329.600,0.277,-24.375,-1444.421
nav,1700000329.700,0.742,-24.313,-1444.351
nav,1700000329.800,0.704,-23.019,-1444.414
nav,1700000329.900,0.179,-23.236,-1444.588
nav,1700000330.000,-0.662,-23.875,-1443.737
nav,1700000330.100,-0.019,-24.049,-1444.961
nav,1700000330.200,-0.429,-23.383,-1444.816
nav,1700000330.300,-0.722,-24.194,-1444.510
nav,1700000330.400,-0.676,-23.778,-1443.906
nav,1700000330.500,-1.488,-24.823,-1443.954
nav,1700000330.600,-1.453,-23.081,-1443.105
nav,1700000330.700,-0.405,-24.470,-1443.725
nav,1700000330.800,-1.165,-23.621,-1444.149
nav,1700000330.900,-1.160,-24.000,-1443.870
nav,1700000331.000,-2.769,-23.678,-1444.027
nav,1700000331.100,-1.968,-23.882,-1443.769
nav,1700000331.200,-2.423,-23.607,-1443.921
nav,1700000331.300,-3.328,-23.716,-1444.189
nav,1700000331.400,-3.462,-24.511,-1443.605
nav,1700000331.500,-3.048,-25.066,-1443.901
nav,1700000331.600,-2.615,-24.226,-1443.755
nav,1700000331.700,-2.879,-23.602,-1443.124
nav,1700000331.800,-4.986,-23.133,-1443.280
nav,1700000331.900,-2.569,-24.391,-1444.443
nav,1700000332.000,-3.996,-24.138,-1443.197
nav,1700000332.100,-3.663,-24.044,-1443.608
nav,1700000332.200,-4.139,-24.128,-1443.620
nav,1700000332.300,-4.081,-23.370,-1442.872
nav,1700000332.400,-4.884,-25.070,-1443.451
nav,1700000332.500,-5.379,-24.065,-1443.676
nav,1700000332.600,-5.210,-24.520,-1443.944
nav,1700000332.700,-4.789,-24.485,-1443.267
nav,1700000332.800,-5.123,-23.543,-1442.833
nav,1700000332.900,-5.649,-23.638,-1442.508
nav,1700000333.000,-5.787,-24.919,-1443.422
nav,1700000333.100,-5.852,-24.314,-1442.312
nav,1700000333.200,-6.432,-23.957,-1442.523
nav,1700000333.300,-6.691,-23.912,-1442.600
nav,1700000333.400,-7.536,-24.143,-1442.599
nav,1700000333.500,-6.967,-23.266,-1443.765
nav,1700000333.600,-8.045,-23.615,-1442.508
nav,1700000333.700,-7.497,-23.800,-1442.533
nav,1700000333.800,-8.007,-24.353,-1442.775
nav,1700000333.900,-7.348,-24.583,-1442.933
nav,1700000334.000,-8.122,-23.791,-1442.802
nav,1700000334.100,-8.473,-23.376,-1443.032
nav,1700000334.200,-8.546,-24.796,-1443.084
nav,1700000334.300,-8.342,-23.840,-1442.392
nav,1700000334.400,-8.525,-22.956,-1443.030
nav,1700000334.500,-9.810,-24.525,-1442.972
nav,1700000334.600,-9.687,-23.953,-1441.959
nav,1700000334.700,-8.630,-23.748,-1441.479
nav,1700000334.800,-9.778,-24.816,-1441.988
nav,1700000334.900,-10.719,-24.378,-1442.220
nav,1700000335.000,-10.051,-24.095,-1443.035
nav,1700000335.100,-10.205,-23.498,-1442.400
nav,1700000335.200,-10.815,-24.624,-1442.779
nav,1700000335.300,-10.404,-23.828,-1442.740
nav,1700000335.400,-11.905,-23.790,-1442.754
nav,1700000335.500,-10.655,-24.378,-1442.764
nav,1700000335.600,-11.123,-22.821,-1441.861
nav,1700000335.700,-11.332,-23.821,-1443.077
nav,1700000335.800,-12.161,-25.255,-1441.302
nav,1700000335.900,-11.036,-23.804,-1442.065
nav,1700000336.000,-12.776,-24.110,-1441.201
nav,1700000336.100,-12.134,-24.282,-1442.942
nav,1700000336.200,-11.710,-24.035,-1442.907
nav,1700000336.300,-13.062,-24.639,-1442.061
nav,1700000336.400,-12.696,-24.252,-1441.572
nav,1700000336.500,-12.961,-23.469,-1442.105
nav,1700000336.600,-11.677,-24.282,-1442.344
nav,1700000336.700,-13.913,-24.105,-1442.719
nav,1700000336.800,-13.453,-24.953,-1441.744
nav,1700000336.900,-14.476,-24.191,-1441.489
nav,1700000337.000,-12.848,-24.539,-1441.833
nav,1700000337.100,-14.562,-24.435,-1442.081
nav,1700000337.200,-13.988,-24.244,-1440.566
nav,1700000337.300,-14.392,-24.505,-1441.840
nav,1700000337.400,-15.201,-23.600,-1442.443
nav,1700000337.500,-15.670,-24.296,-1441.249
nav,1700000337.600,-14.583,-23.310,-1441.292
nav,1700000337.700,-15.441,-23.603,-1442.096
nav,1700000337.800,-16.522,-23.782,-1441.993
nav,1700000337.900,-15.833,-23.940,-1441.333
nav,1700000338.000,-15.531,-23.584,-1441.327
nav,1700000338.100,-16.421,-23.946,-1441.690
nav,1700000338.200,-16.498,-22.691,-1441.267
nav,1700000338.300,-16.375,-24.353,-1440.816
nav,1700000338.400,-16.420,-23.616,-1441.186
nav,1700000338.500,-16.483,-23.364,-1441.119
nav,1700000338.600,-17.257,-23.553,-1441.680
nav,1700000338.700,-17.759,-24.027,-1442.066
nav,1700000338.800,-17.186,-24.481,-1441.399
nav,1700000338.900,-17.907,-23.980,-1441.302
nav,1700000339.000,-18.034,-24.030,-1441.322
nav,1700000339.100,-18.587,-23.459,-1442.118
nav,1700000339.200,-18.503,-24.234,-1440.824
nav,1700000339.300,-19.327,-24.250,-1441.053
nav,1700000339.400,-18.265,-23.834,-1441.561
nav,1700000339.500,-19.244,-23.557,-1441.538
nav,1700000339.600,-19.239,-24.005,-1441.099
nav,1700000339.700,-18.052,-24.206,-1440.649
nav,1700000339.800,-19.983,-23.736,-1440.407
nav,1700000339.900,-20.094,-24.027,-1441.258
nav,1700000340.000,-20.572,-23.482,-1441.056
nav,1700000340.100,-21.407,-23.117,-1441.149
nav,1700000340.200,-20.523,-23.180,-1440.787
nav,1700000340.300,-20.682,-24.614,-1441.502
nav,1700000340.400,-20.883,-23.819,-1440.501
nav,1700000340.500,-21.241,-23.990,-1441.541
nav,1700000340.600,-20.970,-23.919,-1439.605
nav,1700000340.700,-21.396,-24.471,-1440.586
nav,1700000340.800,-21.764,-23.783,-1440.516
nav,1700000340.900,-22.430,-24.818,-1440.367
nav,1700000341.000,-21.308,-23.960,-1440.061
nav,1700000341.100,-21.694,-23.867,-1440.844
nav,1700000341.200,-22.302,-23.396,-1440.141
nav,1700000341.300,-22.226,-24.231,-1440.477
nav,1700000341.400,-22.859,-24.026,-1439.761
nav,1700000341.500,-24.174,-23.985,-1440.354
nav,1700000341.600,-23.886,-23.664,-1440.646
nav,1700000341.700,-23.579,-23.076,-1439.749
nav,1700000341.800,-23.313,-23.810,-1440.306
nav,1700000341.900,-22.800,-23.599,-1440.568
nav,1700000342.000,-24.700,-23.717,-1440.191
nav,1700000342.100,-24.914,-23.786,-1440.268
nav,1700000342.200,-24.135,-23.779,-1440.408
nav,1700000342.300,-24.284,-24.249,-1440.290
nav,1700000342.400,-25.066,-23.435,-1440.184
nav,1700000342.500,-24.314,-23.108,-1440.384
nav,1700000342.600,-26.660,-23.478,-1440.156
nav,1700000342.700,-25.833,-24.294,-1440.162
nav,1700000342.800,-24.951,-23.920,-1439.284
nav,1700000342.900,-25.553,-24.155,-1440.091
nav,1700000343.000,-25.719,-23.590,-1439.369
nav,1700000343.100,-26.331,-23.912,-1439.546
nav,1700000343.200,-26.592,-24.567,-1440.212
nav,1700000343.300,-26.721,-23.669,-1439.150
nav,1700000343.400,-27.478,-24.299,-1439.929
nav,1700000343.500,-26.603,-24.264,-1439.936
nav,1700000343.600,-27.906,-23.758,-1439.773
nav,1700000343.700,-27.727,-24.130,-1439.100
nav,1700000343.800,-28.102,-24.421,-1439.009
nav,1700000343.900,-27.762,-23.665,-1439.406
nav,1700000344.000,-28.018,-24.174,-1439.162
nav,1700000344.100,-27.619,-23.458,-1440.142
nav,1700000344.200,-27.748,-24.179,-1439.899
nav,1700000344.300,-28.685,-23.584,-1439.223
nav,1700000344.400,-28.928,-23.581,-1439.395
nav,1700000344.500,-29.286,-24.354,-1439.231
nav,1700000344.600,-29.241,-24.688,-1438.985
nav,1700000344.700,-29.640,-23.204,-1440.082
nav,1700000344.800,-29.690,-24.350,-1439.840
nav,1700000344.900,-30.043,-23.115,-1439.253
nav,1700000345.000,-30.396,-24.914,-1440.158
nav,1700000345.100,-30.468,-24.317,-1439.381
nav,1700000345.200,-31.536,-24.046,-1438.728
nav,1700000345.300,-29.789,-24.947,-1439.615
nav,1700000345.400,-31.227,-23.927,-1439.797
nav,1700000345.500,-30.159,-23.978,-1439.221
nav,1700000345.600,-30.404,-24.008,-1438.932
nav,1700000345.700,-31.775,-24.685,-1439.410
nav,1700000345.800,-30.507,-23.683,-1438.941
nav,1700000345.900,-32.288,-23.544,-1439.730
nav,1700000346.000,-32.784,-24.279,-1438.047
nav,1700000346.100,-31.251,-24.226,-1439.334
nav,1700000346.200,-33.220,-23.961,-1438.890
nav,1700000346.300,-32.205,-23.545,-1439.043
nav,1700000346.400,-32.522,-24.350,-1438.649
nav,1700000346.500,-33.254,-23.770,-1438.701
nav,1700000346.600,-33.166,-23.603,-1439.649
nav,1700000346.700,-33.932,-24.135,-1439.560
nav,1700000346.800,-33.803,-24.187,-1438.157
nav,1700000346.900,-33.729,-23.485,-1438.635
nav,1700000347.000,-34.268,-23.933,-1438.395
nav,1700000347.100,-33.603,-24.066,-1439.557
nav,1700000347.200,-35.259,-24.163,-1439.876
nav,1700000347.300,-33.702,-23.702,-1438.999
nav,1700000347.400,-35.355,-23.486,-1439.212
nav,1700000347.500,-35.509,-24.383,-1438.573
nav,1700000347.600,-34.890,-23.404,-1438.082
nav,1700000347.700,-35.400,-23.490,-1438.914
nav,1700000347.800,-36.510,-24.336,-1438.956
nav,1700000347.900,-36.116,-24.480,-1438.758
nav,1700000348.000,-35.690,-23.142,-1439.365
nav,1700000348.100,-36.844,-24.396,-1438.095
nav,1700000348.200,-36.502,-24.362,-1438.094
nav,1700000348.300,-36.122,-24.009,-1438.835
nav,1700000348.400,-36.665,-24.117,-1438.523
nav,1700000348.500,-37.256,-23.538,-1438.252
nav,1700000348.600,-36.682,-23.332,-1438.123
nav,1700000348.700,-37.653,-23.480,-1438.095
nav,1700000348.800,-36.298,-23.845,-1437.954
nav,1700000348.900,-37.655,-24.050,-1438.408
nav,1700000349.000,-37.853,-23.739,-1437.677
nav,1700000349.100,-38.046,-24.231,-1438.393
nav,1700000349.200,-39.061,-23.169,-1438.476
nav,1700000349.300,-38.116,-23.862,-1438.030
nav,1700000349.400,-38.859,-24.394,-1438.642
nav,1700000349.500,-38.136,-23.943,-1437.571
nav,1700000349.600,-38.508,-24.205,-1437.898
nav,1700000349.700,-39.377,-24.579,-1438.178
nav,1700000349.800,-39.306,-24.250,-1438.224
nav,1700000349.900,-39.887,-22.944,-1438.955
nav,1700000350.000,-39.749,-24.127,-1438.335
nav,1700000350.100,-40.339,-23.666,-1437.629
nav,1700000350.200,-40.307,-23.454,-1437.333
nav,1700000350.300,-40.192,-24.273,-1437.697
nav,1700000350.400,-40.550,-24.408,-1438.706
nav,1700000350.500,-42.011,-23.965,-1437.749
nav,1700000350.600,-41.791,-23.477,-1437.798
nav,1700000350.700,-40.725,-23.815,-1438.385
nav,1700000350.800,-41.371,-23.665,-1438.102
nav,1700000350.900,-42.521,-23.950,-1438.306
nav,1700000351.000,-41.440,-24.204,-1436.921
nav,1700000351.100,-43.262,-23.933,-1437.046
nav,1700000351.200,-42.845,-24.080,-1437.939
nav,1700000351.300,-42.942,-23.878,-1438.363
nav,1700000351.400,-42.855,-23.742,-1437.801
nav,1700000351.500,-43.500,-23.485,-1437.306
nav,1700000351.600,-43.721,-24.647,-1438.124
nav,1700000351.700,-43.127,-23.862,-1437.231
nav,1700000351.800,-43.763,-24.462,-1437.145
nav,1700000351.900,-44.077,-23.907,-1438.357
nav,1700000352.000,-44.285,-23.495,-1437.919
nav,1700000352.100,-43.793,-25.166,-1437.818
nav,1700000352.200,-44.486,-23.129,-1438.101
nav,1700000352.300,-44.265,-23.472,-1437.856
nav,1700000352.400,-44.987,-23.929,-1438.215
nav,1700000352.500,-45.228,-23.362,-1437.191
nav,1700000352.600,-45.278,-23.943,-1437.141
nav,1700000352.700,-45.014,-24.278,-1436.642
nav,1700000352.800,-44.942,-23.661,-1437.810
nav,1700000352.900,-46.310,-24.163,-1437.337
nav,1700000353.000,-46.884,-23.753,-1436.703
nav,1700000353.100,-45.912,-24.338,-1437.723
nav,1700000353.200,-46.250,-24.077,-1437.083
nav,1700000353.300,-46.299,-23.454,-1437.850
nav,1700000353.400,-46.689,-24.182,-1437.313
nav,1700000353.500,-46.568,-23.513,-1436.544
nav,1700000353.600,-46.987,-24.055,-1437.349
nav,1700000353.700,-48.267,-23.330,-1437.363
nav,1700000353.800,-47.347,-23.661,-1437.804
nav,1700000353.900,-48.262,-23.226,-1437.016
nav,1700000354.000,-48.290,-24.063,-1436.598
nav,1700000354.100,-47.733,-24.733,-1436.304
nav,1700000354.200,-47.917,-24.076,-1437.697
nav,1700000354.300,-48.073,-23.762,-1437.810
nav,1700000354.400,-48.916,-22.437,-1437.054
nav,1700000354.500,-49.371,-24.504,-1436.156
nav,1700000354.600,-48.776,-23.296,-1436.899
nav,1700000354.700,-48.773,-24.424,-1436.922
nav,1700000354.800,-49.456,-23.309,-1436.824
nav,1700000354.900,-50.113,-23.968,-1437.803
nav,1700000355.000,-51.160,-23.584,-1437.133
nav,1700000355.100,-50.331,-23.585,-1436.228
nav,1700000355.200,-50.133,-23.036,-1436.656
nav,1700000355.300,-50.449,-23.880,-1437.531
nav,1700000355.400,-50.322,-25.223,-1437.162
nav,1700000355.500,-50.989,-24.395,-1437.076
nav,1700000355.600,-50.280,-23.448,-1437.175
nav,1700000355.700,-51.635,-24.639,-1436.461
nav,1700000355.800,-51.725,-24.983,-1436.744
nav,1700000355.900,-51.581,-23.518,-1436.813
nav,1700000356.000,-52.186,-23.007,-1436.755
nav,1700000356.100,-51.840,-24.270,-1436.395
nav,1700000356.200,-53.128,-24.231,-1437.326
nav,1700000356.300,-52.902,-23.375,-1437.010
nav,1700000356.400,-52.441,-23.241,-1436.700
nav,1700000356.500,-52.503,-23.734,-1436.610
nav,1700000356.600,-52.825,-23.080,-1436.969
nav,1700000356.700,-53.880,-24.509,-1436.135
nav,1700000356.800,-53.035,-24.269,-1437.683
nav,1700000356.900,-54.137,-23.726,-1436.631
nav,1700000357.000,-53.910,-24.262,-1436.073
nav,1700000357.100,-54.028,-23.707,-1436.483
nav,1700000357.200,-54.138,-23.771,-1437.010
nav,1700000357.300,-54.413,-23.604,-1435.951
nav,1700000357.400,-54.592,-24.483,-1436.917
nav,1700000357.500,-55.218,-23.905,-1436.556
nav,1700000357.600,-55.762,-24.565,-1437.527
nav,1700000357.700,-56.960,-24.066,-1435.301
nav,1700000357.800,-54.702,-24.489,-1436.369
nav,1700000357.900,-56.532,-24.656,-1437.026
nav,1700000358.000,-56.113,-24.091,-1436.285
nav,1700000358.100,-55.868,-24.168,-1436.377
nav,1700000358.200,-56.947,-24.672,-1437.128
nav,1700000358.300,-56.275,-24.169,-1437.298
nav,1700000358.400,-56.832,-24.624,-1435.516
nav,1700000358.500,-57.289,-23.659,-1435.786
nav,1700000358.600,-57.677,-23.962,-1436.038
nav,1700000358.700,-57.342,-23.819,-1436.963
nav,1700000358.800,-57.323,-24.243,-1436.108
nav,1700000358.900,-57.340,-23.666,-1436.093
nav,1700000359.000,-57.679,-23.656,-1435.504
nav,1700000359.100,-58.217,-23.918,-1435.770
nav,1700000359.200,-58.645,-24.668,-1435.974
nav,1700000359.300,-58.703,-24.604,-1435.955
nav,1700000359.400,-58.084,-24.815,-1435.679
nav,1700000359.500,-60.269,-24.200,-1435.255
nav,1700000359.600,-59.364,-23.955,-1435.779
nav,1700000359.700,-60.258,-23.964,-1436.113
nav,1700000359.800,-58.669,-24.618,-1436.321
nav,1700000359.900,-60.264,-24.517,-1435.552
nav,1700000360.000,-59.987,-16.278,-1436.360
nav,1700000360.100,-60.082,-16.237,-1436.719
nav,1700000360.200,-59.729,-16.180,-1436.451
nav,1700000360.300,-59.322,-15.880,-1436.336
nav,1700000360.400,-59.272,-14.921,-1434.984
nav,1700000360.500,-59.527,-16.457,-1436.559
nav,1700000360.600,-58.271,-16.199,-1435.896
nav,1700000360.700,-57.602,-16.005,-1435.648
nav,1700000360.800,-58.140,-16.294,-1435.458
nav,1700000360.900,-58.625,-15.330,-1436.268
nav,1700000361.000,-58.239,-16.544,-1436.422
nav,1700000361.100,-58.013,-17.216,-1436.063
nav,1700000361.200,-57.854,-15.605,-1435.722
nav,1700000361.300,-57.754,-16.229,-1436.037
nav,1700000361.400,-56.457,-16.411,-1436.266
nav,1700000361.500,-57.564,-16.741,-1435.740
nav,1700000361.600,-56.699,-15.359,-1435.360
nav,1700000361.700,-55.401,-16.037,-1435.998
nav,1700000361.800,-57.050,-15.652,-1435.795
nav,1700000361.900,-55.874,-16.570,-1435.666
nav,1700000362.000,-55.897,-15.930,-1436.170
nav,1700000362.100,-55.205,-14.975,-1436.371
nav,1700000362.200,-55.240,-17.439,-1435.469
nav,1700000362.300,-56.335,-16.262,-1436.448
nav,1700000362.400,-55.308,-15.581,-1436.708
nav,1700000362.500,-55.180,-16.257,-1434.976
nav,1700000362.600,-54.584,-16.589,-1435.990
nav,1700000362.700,-53.822,-15.643,-1436.202
nav,1700000362.800,-54.534,-16.118,-1435.999
nav,1700000362.900,-55.055,-16.339,-1435.024
nav,1700000363.000,-54.191,-16.052,-1435.637
nav,1700000363.100,-52.691,-15.996,-1435.148
nav,1700000363.200,-53.899,-16.130,-1435.677
nav,1700000363.300,-53.787,-16.102,-1435.228
nav,1700000363.400,-53.600,-16.000,-1435.306
nav,1700000363.500,-53.412,-15.452,-1435.613
nav,1700000363.600,-52.883,-17.004,-1435.825
nav,1700000363.700,-52.414,-15.127,-1435.343
nav,1700000363.800,-51.837,-16.605,-1435.680
nav,1700000363.900,-51.590,-16.444,-1435.123
nav,1700000364.000,-51.633,-15.863,-1435.759
nav,1700000364.100,-52.293,-15.112,-1435.268
nav,1700000364.200,-51.430,-16.206,-1435.554
nav,1700000364.300,-51.318,-15.800,-1435.195
nav,1700000364.400,-51.591,-16.733,-1435.510
nav,1700000364.500,-51.874,-16.162,-1435.796
nav,1700000364.600,-50.554,-15.009,-1436.504
nav,1700000364.700,-49.463,-16.117,-1435.348
nav,1700000364.800,-51.107,-15.502,-1435.491
nav,1700000364.900,-50.231,-16.969,-1435.465
nav,1700000365.000,-49.577,-16.118,-1434.905
nav,1700000365.100,-49.234,-16.321,-1434.684
nav,1700000365.200,-49.577,-15.975,-1435.423
nav,1700000365.300,-49.365,-17.315,-1435.555
nav,1700000365.400,-49.882,-15.187,-1434.660
nav,1700000365.500,-48.574,-16.119,-1435.948
nav,1700000365.600,-49.129,-15.029,-1435.781
nav,1700000365.700,-49.778,-15.485,-1434.675
nav,1700000365.800,-47.570,-15.481,-1434.816
nav,1700000365.900,-48.174,-17.038,-1435.393
nav,1700000366.000,-47.689,-16.068,-1435.489
nav,1700000366.100,-48.282,-16.501,-1434.471
nav,1700000366.200,-46.663,-16.001,-1435.240
nav,1700000366.300,-47.890,-15.679,-1434.493
nav,1700000366.400,-47.965,-15.768,-1435.094
nav,1700000366.500,-46.736,-15.179,-1434.338
nav,1700000366.600,-46.917,-15.663,-1435.305
nav,1700000366.700,-46.916,-15.865,-1435.003
nav,1700000366.800,-46.292,-16.441,-1435.563
nav,1700000366.900,-46.428,-16.421,-1435.166
nav,1700000367.000,-45.791,-15.510,-1435.744
nav,1700000367.100,-46.089,-15.223,-1435.390
nav,1700000367.200,-45.585,-16.088,-1434.733
nav,1700000367.300,-44.814,-15.443,-1435.279
nav,1700000367.400,-45.636,-15.037,-1434.856
nav,1700000367.500,-45.228,-15.288,-1435.545
nav,1700000367.600,-44.095,-15.261,-1435.730
nav,1700000367.700,-44.309,-15.609,-1433.955
nav,1700000367.800,-44.771,-15.284,-1435.247
nav,1700000367.900,-44.821,-16.060,-1435.247
nav,1700000368.000,-44.529,-15.844,-1434.762
nav,1700000368.100,-43.681,-16.271,-1435.309
nav,1700000368.200,-43.602,-15.891,-1434.673
nav,1700000368.300,-43.264,-16.701,-1435.502
nav,1700000368.400,-43.117,-15.438,-1434.566
nav,1700000368.500,-42.113,-15.935,-1434.827
nav,1700000368.600,-43.527,-15.785,-1435.739
nav,1700000368.700,-42.631,-14.485,-1435.044
nav,1700000368.800,-42.832,-15.796,-1435.448
nav,1700000368.900,-42.680,-14.948,-1434.650
nav,1700000369.000,-41.827,-16.196,-1435.333
nav,1700000369.100,-41.029,-15.847,-1436.713
nav,1700000369.200,-40.390,-15.908,-1434.994
nav,1700000369.300,-40.857,-15.767,-1434.787
nav,1700000369.400,-41.412,-16.615,-1435.014
nav,1700000369.500,-40.284,-16.324,-1435.513
nav,1700000369.600,-40.189,-16.229,-1435.349
nav,1700000369.700,-40.787,-16.032,-1435.925
nav,1700000369.800,-40.670,-15.885,-1435.022
nav,1700000369.900,-39.621,-15.080,-1434.372
nav,1700000370.000,-39.543,-16.074,-1435.435
nav,1700000370.100,-39.791,-15.707,-1434.707
nav,1700000370.200,-39.288,-16.061,-1434.720
nav,1700000370.300,-38.770,-15.560,-1435.125
nav,1700000370.400,-39.617,-16.429,-1435.445
nav,1700000370.500,-38.871,-15.740,-1435.807
nav,1700000370.600,-39.052,-15.878,-1435.545
nav,1700000370.700,-38.383,-16.154,-1435.453
nav,1700000370.800,-38.373,-15.804,-1435.511
nav,1700000370.900,-38.321,-15.766,-1435.464
nav,1700000371.000,-38.829,-16.768,-1435.288
nav,1700000371.100,-38.459,-16.174,-1434.243
nav,1700000371.200,-38.289,-16.141,-1434.005
nav,1700000371.300,-37.196,-16.184,-1435.146
nav,1700000371.400,-36.985,-15.152,-1435.329
nav,1700000371.500,-37.379,-16.689,-1435.009
nav,1700000371.600,-37.503,-16.232,-1435.511
nav,1700000371.700,-36.063,-16.254,-1434.855
nav,1700000371.800,-37.202,-15.934,-1435.652
nav,1700000371.900,-36.413,-14.894,-1434.581
nav,1700000372.000,-36.064,-14.401,-1435.502
nav,1700000372.100,-35.217,-16.766,-1435.163
nav,1700000372.200,-36.274,-15.871,-1435.011
nav,1700000372.300,-35.554,-15.454,-1435.320
nav,1700000372.400,-35.037,-15.590,-1435.775
nav,1700000372.500,-35.374,-15.973,-1434.716
nav,1700000372.600,-34.089,-16.108,-1435.187
nav,1700000372.700,-35.036,-15.835,-1435.175
nav,1700000372.800,-34.537,-16.047,-1434.748
nav,1700000372.900,-34.482,-16.386,-1434.806
nav,1700000373.000,-35.513,-16.302,-1435.595
nav,1700000373.100,-33.198,-16.220,-1435.298
nav,1700000373.200,-33.624,-16.298,-1435.217
nav,1700000373.300,-33.351,-16.211,-1435.229
nav,1700000373.400,-33.705,-16.577,-1434.982
nav,1700000373.500,-32.847,-16.714,-1434.631
nav,1700000373.600,-32.418,-15.513,-1434.860
nav,1700000373.700,-32.281,-14.907,-1435.159
nav,1700000373.800,-32.923,-16.767,-1434.129
nav,1700000373.900,-31.316,-16.462,-1435.370
nav,1700000374.000,-32.162,-15.388,-1435.649
nav,1700000374.100,-32.783,-14.916,-1434.848
nav,1700000374.200,-31.373,-16.103,-1434.770
nav,1700000374.300,-32.157,-16.420,-1434.950
nav,1700000374.400,-32.335,-16.151,-1435.184
nav,1700000374.500,-31.151,-16.276,-1435.499
nav,1700000374.600,-31.711,-15.928,-1435.151
nav,1700000374.700,-31.288,-15.969,-1435.148
nav,1700000374.800,-30.631,-17.078,-1434.659
nav,1700000374.900,-30.817,-15.968,-1435.404
nav,1700000375.000,-30.194,-15.424,-1434.734
nav,1700000375.100,-29.235,-15.835,-1434.802
nav,1700000375.200,-30.491,-16.159,-1435.113
nav,1700000375.300,-28.788,-16.253,-1434.868
nav,1700000375.400,-29.087,-15.421,-1435.068
nav,1700000375.500,-28.586,-16.852,-1435.808
nav,1700000375.600,-29.942,-15.607,-1434.665
nav,1700000375.700,-28.152,-16.339,-1435.284
nav,1700000375.800,-28.461,-15.278,-1434.156
nav,1700000375.900,-27.803,-15.834,-1434.336
nav,1700000376.000,-28.128,-16.195,-1435.069
nav,1700000376.100,-28.289,-16.088,-1435.565
nav,1700000376.200,-27.087,-15.728,-1434.292
nav,1700000376.300,-28.215,-15.049,-1435.795
nav,1700000376.400,-27.799,-16.310,-1434.356
nav,1700000376.500,-26.887,-16.122,-1435.407
nav,1700000376.600,-27.488,-15.434,-1434.613
nav,1700000376.700,-25.924,-15.802,-1436.335
nav,1700000376.800,-27.022,-15.768,-1435.201
nav,1700000376.900,-26.479,-16.552,-1434.544
nav,1700000377.000,-25.772,-15.749,-1435.337
nav,1700000377.100,-25.712,-16.669,-1435.087
nav,1700000377.200,-26.864,-16.784,-1435.185
nav,1700000377.300,-24.212,-16.900,-1435.648
nav,1700000377.400,-25.092,-15.115,-1434.927
nav,1700000377.500,-24.649,-16.169,-1435.286
nav,1700000377.600,-24.759,-16.329,-1434.671
nav,1700000377.700,-25.403,-15.555,-1435.016
nav,1700000377.800,-24.507,-16.821,-1435.529
nav,1700000377.900,-23.601,-16.104,-1434.902
nav,1700000378.000,-24.440,-16.015,-1435.730
nav,1700000378.100,-23.750,-15.815,-1434.887
nav,1700000378.200,-24.052,-16.171,-1434.782
nav,1700000378.300,-23.506,-16.144,-1434.102
nav,1700000378.400,-23.675,-15.460,-1435.634
nav,1700000378.500,-22.673,-15.646,-1435.316
nav,1700000378.600,-23.409,-16.985,-1435.371
nav,1700000378.700,-22.337,-16.539,-1435.019
nav,1700000378.800,-23.138,-16.117,-1435.645
nav,1700000378.900,-22.239,-16.251,-1435.670
nav,1700000379.000,-22.329,-16.467,-1435.736
nav,1700000379.100,-21.259,-16.180,-1436.184
nav,1700000379.200,-21.912,-15.543,-1435.468
nav,1700000379.300,-20.651,-16.428,-1434.839
nav,1700000379.400,-20.682,-15.775,-1435.783
nav,1700000379.500,-21.471,-15.415,-1435.502
nav,1700000379.600,-20.312,-16.215,-1435.034
nav,1700000379.700,-21.293,-16.304,-1435.547
nav,1700000379.800,-20.287,-15.953,-1434.882
nav,1700000379.900,-20.445,-16.465,-1435.027
nav,1700000380.000,-20.515,-15.461,-1435.181
nav,1700000380.100,-19.963,-15.769,-1435.166
nav,1700000380.200,-20.429,-16.531,-1434.604
nav,1700000380.300,-19.358,-16.841,-1434.962
nav,1700000380.400,-19.480,-16.437,-1435.716
nav,1700000380.500,-18.500,-16.983,-1435.568
nav,1700000380.600,-18.740,-15.211,-1434.878
nav,1700000380.700,-19.023,-15.235,-1435.838
nav,1700000380.800,-18.267,-15.756,-1435.606
nav,1700000380.900,-17.851,-16.257,-1434.824
nav,1700000381.000,-18.920,-15.833,-1435.383
nav,1700000381.100,-17.225,-16.022,-1434.559
nav,1700000381.200,-17.346,-16.064,-1434.796
nav,1700000381.300,-17.003,-15.764,-1436.342
nav,1700000381.400,-17.691,-15.308,-1435.830
nav,1700000381.500,-16.559,-15.647,-1435.571
nav,1700000381.600,-17.798,-16.284,-1434.176
nav,1700000381.700,-17.032,-16.397,-1435.720
nav,1700000381.800,-15.793,-16.121,-1435.541
nav,1700000381.900,-15.493,-15.710,-1435.694
nav,1700000382.000,-16.612,-15.421,-1435.233
nav,1700000382.100,-16.575,-16.892,-1435.806
nav,1700000382.200,-16.220,-17.023,-1435.805
nav,1700000382.300,-15.860,-16.231,-1434.416
nav,1700000382.400,-15.333,-16.084,-1435.015
nav,1700000382.500,-15.119,-15.800,-1435.137
nav,1700000382.600,-14.739,-14.617,-1434.829
nav,1700000382.700,-15.141,-15.815,-1435.688
nav,1700000382.800,-14.177,-16.688,-1435.853
nav,1700000382.900,-14.028,-15.501,-1435.056
nav,1700000383.000,-13.573,-15.813,-1435.229
nav,1700000383.100,-14.052,-15.593,-1434.811
nav,1700000383.200,-13.632,-16.058,-1434.535
nav,1700000383.300,-13.410,-15.962,-1435.097
nav,1700000383.400,-13.249,-16.410,-1435.158
nav,1700000383.500,-13.019,-15.079,-1434.961
nav,1700000383.600,-13.098,-15.635,-1435.210
nav,1700000383.700,-11.945,-16.262,-1435.278
nav,1700000383.800,-12.450,-15.971,-1435.824
nav,1700000383.900,-11.912,-15.791,-1434.747
nav,1700000384.000,-12.005,-16.206,-1435.004
nav,1700000384.100,-12.197,-15.458,-1434.866
nav,1700000384.200,-10.971,-15.812,-1435.660
nav,1700000384.300,-11.345,-15.810,-1435.706
nav,1700000384.400,-10.533,-15.710,-1435.881
nav,1700000384.500,-10.059,-15.951,-1435.991
nav,1700000384.600,-11.215,-15.256,-1434.541
nav,1700000384.700,-10.095,-15.340,-1434.854
nav,1700000384.800,-10.122,-15.835,-1435.202
nav,1700000384.900,-9.832,-16.371,-1435.116
nav,1700000385.000,-9.271,-16.103,-1435.648
nav,1700000385.100,-9.562,-16.325,-1436.160
nav,1700000385.200,-9.026,-16.225,-1435.502
nav,1700000385.300,-9.705,-15.362,-1435.095
nav,1700000385.400,-9.320,-16.590,-1435.705
nav,1700000385.500,-8.715,-15.906,-1435.487
nav,1700000385.600,-8.694,-15.621,-1435.573
nav,1700000385.700,-8.375,-16.493,-1434.286
nav,1700000385.800,-8.542,-15.898,-1435.290
nav,1700000385.900,-8.405,-15.996,-1435.586
nav,1700000386.000,-8.457,-15.781,-1436.419
nav,1700000386.100,-6.924,-15.604,-1435.286
nav,1700000386.200,-8.468,-16.396,-1434.922
nav,1700000386.300,-5.324,-15.403,-1435.109
nav,1700000386.400,-6.938,-16.424,-1435.141
nav,1700000386.500,-7.551,-16.605,-1436.286
nav,1700000386.600,-6.312,-16.029,-1435.610
nav,1700000386.700,-6.608,-16.563,-1436.008
nav,1700000386.800,-6.710,-16.703,-1435.936
nav,1700000386.900,-6.741,-15.711,-1435.365
nav,1700000387.000,-6.647,-16.148,-1434.779
nav,1700000387.100,-6.290,-15.787,-1435.666
nav,1700000387.200,-5.054,-15.852,-1435.946
nav,1700000387.300,-5.367,-15.959,-1435.788
nav,1700000387.400,-5.860,-15.378,-1435.221
nav,1700000387.500,-5.522,-16.150,-1435.879
nav,1700000387.600,-5.378,-16.933,-1436.114
nav,1700000387.700,-4.778,-16.721,-1435.703
nav,1700000387.800,-3.819,-15.579,-1435.867
nav,1700000387.900,-5.120,-15.642,-1435.743
nav,1700000388.000,-3.788,-15.032,-1436.241
nav,1700000388.100,-5.237,-16.527,-1435.599
nav,1700000388.200,-3.587,-16.608,-1436.564
nav,1700000388.300,-3.577,-16.623,-1435.607
nav,1700000388.400,-3.406,-16.314,-1436.259
nav,1700000388.500,-2.868,-15.979,-1435.792
nav,1700000388.600,-2.710,-16.036,-1436.423
nav,1700000388.700,-2.965,-16.197,-1434.887
nav,1700000388.800,-3.074,-16.209,-1435.884
nav,1700000388.900,-2.352,-15.463,-1436.101
nav,1700000389.000,-2.117,-15.593,-1435.055
nav,1700000389.100,-1.096,-16.068,-1435.999
nav,1700000389.200,-1.577,-15.927,-1436.411
nav,1700000389.300,-0.932,-15.897,-1436.024
nav,1700000389.400,-1.836,-15.969,-1436.962
nav,1700000389.500,-1.291,-16.282,-1435.886
nav,1700000389.600,0.140,-15.714,-1435.320
nav,1700000389.700,-0.277,-15.437,-1435.129
nav,1700000389.800,-0.766,-16.399,-1435.738
nav,1700000389.900,-0.202,-15.890,-1436.211
nav,1700000390.000,-0.298,-15.190,-1436.651
nav,1700000390.100,0.543,-15.738,-1436.905
nav,1700000390.200,-0.015,-16.331,-1435.848
nav,1700000390.300,0.416,-16.043,-1436.874
nav,1700000390.400,1.963,-15.964,-1435.911
nav,1700000390.500,0.730,-16.326,-1435.219
nav,1700000390.600,0.242,-15.861,-1436.796
nav,1700000390.700,1.197,-16.319,-1436.698
nav,1700000390.800,1.618,-17.284,-1436.378
nav,1700000390.900,1.755,-16.680,-1435.479
nav,1700000391.000,1.703,-16.119,-1436.548
nav,1700000391.100,2.159,-15.346,-1435.031
nav,1700000391.200,2.773,-15.456,-1435.424
nav,1700000391.300,2.724,-15.215,-1435.902
nav,1700000391.400,2.872,-15.825,-1437.225
nav,1700000391.500,3.146,-16.772,-1437.143
nav,1700000391.600,3.296,-16.557,-1436.350
nav,1700000391.700,3.469,-15.908,-1436.814
nav,1700000391.800,4.049,-16.045,-1436.158
nav,1700000391.900,3.202,-16.089,-1435.846
nav,1700000392.000,4.485,-16.399,-1436.684
nav,1700000392.100,3.706,-16.328,-1437.127
nav,1700000392.200,4.331,-15.683,-1436.837
nav,1700000392.300,4.555,-16.110,-1435.933
nav,1700000392.400,4.494,-16.288,-1436.901
nav,1700000392.500,4.431,-15.735,-1436.562
nav,1700000392.600,5.227,-15.363,-1435.845
nav,1700000392.700,4.577,-15.676,-1436.416
nav,1700000392.800,5.369,-15.836,-1437.409
nav,1700000392.900,6.531,-15.743,-1436.995
nav,1700000393.000,5.707,-16.852,-1436.737
nav,1700000393.100,5.959,-16.663,-1436.209
nav,1700000393.200,7.038,-16.014,-1436.768
nav,1700000393.300,6.817,-16.010,-1437.174
nav,1700000393.400,6.474,-16.148,-1436.526
nav,1700000393.500,7.005,-15.895,-1437.430
nav,1700000393.600,7.533,-15.998,-1435.409
nav,1700000393.700,7.206,-15.838,-1435.289
nav,1700000393.800,7.697,-16.034,-1437.215
nav,1700000393.900,8.564,-16.580,-1436.526
nav,1700000394.000,7.763,-16.095,-1437.470
nav,1700000394.100,8.872,-16.139,-1437.384
nav,1700000394.200,9.026,-16.252,-1436.627
nav,1700000394.300,9.021,-15.763,-1437.912
nav,1700000394.400,9.148,-16.050,-1436.996
nav,1700000394.500,8.945,-16.805,-1436.754
nav,1700000394.600,8.518,-16.143,-1436.791
nav,1700000394.700,9.937,-16.410,-1436.162
nav,1700000394.800,10.073,-16.215,-1437.461
nav,1700000394.900,9.078,-15.864,-1437.295
nav,1700000395.000,10.600,-16.340,-1437.396
nav,1700000395.100,10.317,-16.343,-1436.960
nav,1700000395.200,10.893,-15.941,-1436.923
nav,1700000395.300,10.703,-16.847,-1436.807
nav,1700000395.400,10.880,-15.554,-1436.720
nav,1700000395.500,10.899,-15.484,-1437.189
nav,1700000395.600,11.324,-16.156,-1436.831
nav,1700000395.700,11.212,-15.176,-1436.073
nav,1700000395.800,12.037,-15.229,-1437.871
nav,1700000395.900,11.089,-16.161,-1437.101
nav,1700000396.000,11.901,-16.821,-1436.566
nav,1700000396.100,13.277,-15.360,-1436.619
nav,1700000396.200,12.513,-16.421,-1437.145
nav,1700000396.300,13.653,-16.176,-1437.429
nav,1700000396.400,13.354,-15.413,-1437.646
nav,1700000396.500,12.869,-16.251,-1437.208
nav,1700000396.600,13.752,-16.402,-1436.719
nav,1700000396.700,13.451,-14.837,-1437.125
nav,1700000396.800,13.552,-15.713,-1437.473
nav,1700000396.900,12.902,-16.120,-1437.454
nav,1700000397.000,13.204,-16.037,-1438.380
nav,1700000397.100,14.026,-15.878,-1437.319
nav,1700000397.200,14.194,-16.043,-1437.781
nav,1700000397.300,14.605,-15.971,-1437.860
nav,1700000397.400,14.934,-15.869,-1437.514
nav,1700000397.500,16.211,-16.070,-1437.592
nav,1700000397.600,14.989,-16.485,-1437.131
nav,1700000397.700,15.057,-16.284,-1437.764
nav,1700000397.800,15.108,-16.876,-1437.748
nav,1700000397.900,16.237,-15.902,-1436.758
nav,1700000398.000,16.375,-15.738,-1436.619
nav,1700000398.100,16.151,-15.968,-1437.588
nav,1700000398.200,17.172,-15.999,-1437.928
nav,1700000398.300,16.894,-16.408,-1437.360
nav,1700000398.400,17.007,-16.095,-1437.366
nav,1700000398.500,16.256,-15.919,-1437.902
nav,1700000398.600,18.631,-15.922,-1437.991
nav,1700000398.700,16.711,-15.347,-1437.890
nav,1700000398.800,17.204,-15.832,-1437.413
nav,1700000398.900,18.117,-15.990,-1437.681
nav,1700000399.000,18.116,-15.832,-1437.571
nav,1700000399.100,18.747,-15.972,-1438.214
nav,1700000399.200,18.328,-15.623,-1438.722
nav,1700000399.300,17.710,-15.541,-1437.092
nav,1700000399.400,18.167,-15.950,-1438.074
nav,1700000399.500,18.870,-15.847,-1438.544
nav,1700000399.600,18.646,-16.151,-1437.994
nav,1700000399.700,18.837,-15.605,-1438.153
nav,1700000399.800,19.389,-15.859,-1438.032
nav,1700000399.900,20.219,-16.467,-1438.690
nav,1700000400.000,19.845,-15.970,-1438.635
nav,1700000400.100,19.506,-15.909,-1438.417
nav,1700000400.200,19.674,-15.517,-1438.378
nav,1700000400.300,21.175,-15.986,-1437.938
nav,1700000400.400,20.694,-17.328,-1438.678
nav,1700000400.500,20.937,-15.818,-1439.028
nav,1700000400.600,21.173,-16.561,-1438.040
nav,1700000400.700,21.390,-15.628,-1437.648
nav,1700000400.800,21.829,-15.570,-1438.381
nav,1700000400.900,23.212,-16.609,-1438.494
nav,1700000401.000,22.451,-15.624,-1438.011
nav,1700000401.100,22.538,-17.042,-1437.484
nav,1700000401.200,22.298,-15.377,-1439.320
nav,1700000401.300,22.728,-16.282,-1438.042
nav,1700000401.400,22.959,-15.817,-1438.882
nav,1700000401.500,22.972,-16.090,-1438.130
nav,1700000401.600,23.695,-15.925,-1439.040
nav,1700000401.700,23.454,-14.694,-1437.604
nav,1700000401.800,22.113,-15.968,-1437.986
nav,1700000401.900,23.709,-16.230,-1438.611
nav,1700000402.000,24.276,-16.574,-1437.908
nav,1700000402.100,24.172,-16.468,-1437.966
nav,1700000402.200,23.627,-16.278,-1438.839
nav,1700000402.300,25.672,-16.343,-1439.656
nav,1700000402.400,24.509,-15.772,-1438.212
nav,1700000402.500,26.138,-15.297,-1438.536
nav,1700000402.600,24.754,-15.188,-1438.840
nav,1700000402.700,25.071,-16.209,-1439.308
nav,1700000402.800,25.367,-16.117,-1438.342
nav,1700000402.900,25.606,-16.634,-1439.535
nav,1700000403.000,26.105,-15.964,-1439.036
nav,1700000403.100,25.966,-15.806,-1438.090
nav,1700000403.200,26.010,-15.956,-1438.332
nav,1700000403.300,26.212,-16.008,-1438.857
nav,1700000403.400,26.144,-15.916,-1438.848
nav,1700000403.500,27.278,-16.593,-1438.886
nav,1700000403.600,27.891,-14.961,-1438.277
nav,1700000403.700,26.811,-15.774,-1439.185
nav,1700000403.800,27.742,-16.386,-1439.827
nav,1700000403.900,27.628,-15.639,-1438.853
nav,1700000404.000,28.201,-15.892,-1438.822
nav,1700000404.100,28.465,-16.137,-1439.010
nav,1700000404.200,29.272,-15.929,-1439.057
nav,1700000404.300,28.651,-16.109,-1439.323
nav,1700000404.400,28.904,-16.253,-1439.205
nav,1700000404.500,28.605,-15.946,-1438.868
nav,1700000404.600,29.094,-17.004,-1438.892
nav,1700000404.700,29.460,-16.497,-1438.828
nav,1700000404.800,28.901,-15.477,-1439.271
nav,1700000404.900,28.666,-15.911,-1439.473
nav,1700000405.000,29.722,-16.369,-1439.361
nav,1700000405.100,29.957,-16.928,-1438.689
nav,1700000405.200,30.278,-16.366,-1439.917
nav,1700000405.300,30.985,-16.649,-1439.314
nav,1700000405.400,30.508,-16.263,-1439.960
nav,1700000405.500,30.690,-15.996,-1439.319
nav,1700000405.600,30.807,-16.045,-1439.021
nav,1700000405.700,30.569,-16.003,-1439.968
nav,1700000405.800,31.074,-15.869,-1439.794
nav,1700000405.900,31.192,-15.338,-1439.090
nav,1700000406.000,31.034,-16.737,-1439.281
nav,1700000406.100,32.058,-15.250,-1439.298
nav,1700000406.200,32.550,-16.511,-1439.389
nav,1700000406.300,31.962,-15.347,-1439.453
nav,1700000406.400,32.388,-15.598,-1438.572
nav,1700000406.500,32.891,-15.725,-1439.937
nav,1700000406.600,33.243,-16.754,-1439.751
nav,1700000406.700,33.422,-15.101,-1440.677
nav,1700000406.800,33.460,-15.356,-1439.929
nav,1700000406.900,33.714,-16.417,-1440.304
nav,1700000407.000,33.087,-16.315,-1440.362
nav,1700000407.100,34.259,-16.394,-1440.136
nav,1700000407.200,34.174,-16.024,-1440.190
nav,1700000407.300,34.069,-15.957,-1439.421
nav,1700000407.400,34.864,-16.305,-1440.046
nav,1700000407.500,33.975,-16.070,-1440.214
nav,1700000407.600,34.733,-16.376,-1440.249
nav,1700000407.700,35.896,-15.454,-1440.538
nav,1700000407.800,35.341,-16.246,-1439.699
nav,1700000407.900,35.873,-15.954,-1439.865
nav,1700000408.000,35.702,-15.318,-1440.164
nav,1700000408.100,35.772,-16.115,-1439.578
nav,1700000408.200,36.187,-15.525,-1440.536
nav,1700000408.300,36.217,-15.670,-1440.691
nav,1700000408.400,37.211,-15.824,-1440.721
nav,1700000408.500,36.964,-16.274,-1440.140
nav,1700000408.600,38.144,-16.185,-1440.078
nav,1700000408.700,37.412,-15.988,-1440.458
nav,1700000408.800,37.171,-15.832,-1440.551
nav,1700000408.900,37.348,-15.493,-1440.387
nav,1700000409.000,37.886,-15.330,-1441.386
nav,1700000409.100,38.836,-16.440,-1440.393
nav,1700000409.200,38.106,-16.462,-1439.872
nav,1700000409.300,39.528,-16.111,-1440.393
nav,1700000409.400,38.828,-15.135,-1441.648
nav,1700000409.500,39.189,-16.364,-1441.800
nav,1700000409.600,39.020,-15.076,-1440.982
nav,1700000409.700,39.795,-15.401,-1440.691
nav,1700000409.800,39.660,-16.858,-1441.074
nav,1700000409.900,40.254,-15.970,-1440.564
nav,1700000410.000,40.067,-14.904,-1440.995
nav,1700000410.100,41.003,-15.933,-1439.964
nav,1700000410.200,39.788,-15.908,-1441.039
nav,1700000410.300,40.670,-15.389,-1440.685
nav,1700000410.400,41.410,-16.335,-1441.317
nav,1700000410.500,41.008,-16.019,-1441.031
nav,1700000410.600,40.721,-15.401,-1441.151
nav,1700000410.700,42.113,-15.994,-1440.678
nav,1700000410.800,41.879,-16.412,-1440.850
nav,1700000410.900,42.764,-15.874,-1440.615
nav,1700000411.000,42.347,-15.846,-1441.005
nav,1700000411.100,42.474,-15.618,-1441.807
nav,1700000411.200,42.524,-16.092,-1441.359
nav,1700000411.300,43.248,-16.367,-1441.893
nav,1700000411.400,43.198,-16.710,-1442.192
nav,1700000411.500,43.454,-15.921,-1441.024
nav,1700000411.600,42.979,-16.692,-1441.886
nav,1700000411.700,43.264,-16.636,-1441.172
nav,1700000411.800,43.369,-15.907,-1441.281
nav,1700000411.900,43.993,-15.750,-1441.563
nav,1700000412.000,44.092,-15.882,-1442.639
nav,1700000412.100,44.523,-15.925,-1441.175
nav,1700000412.200,43.757,-16.158,-1442.036
nav,1700000412.300,44.972,-16.703,-1441.988
nav,1700000412.400,45.067,-16.315,-1442.021
nav,1700000412.500,45.453,-15.526,-1441.229
nav,1700000412.600,45.624,-16.116,-1441.726
nav,1700000412.700,45.076,-15.916,-1441.921
nav,1700000412.800,45.383,-15.700,-1441.098
nav,1700000412.900,45.999,-15.103,-1442.077
nav,1700000413.000,45.081,-15.643,-1442.143
nav,1700000413.100,46.063,-16.885,-1442.241
nav,1700000413.200,45.649,-16.217,-1442.022
nav,1700000413.300,46.645,-15.380,-1441.520
nav,1700000413.400,45.989,-15.696,-1441.837
nav,1700000413.500,46.951,-16.011,-1441.825
nav,1700000413.600,46.854,-16.091,-1441.369
nav,1700000413.700,47.048,-16.515,-1442.026
nav,1700000413.800,47.035,-16.861,-1442.201
nav,1700000413.900,48.524,-16.019,-1441.974
nav,1700000414.000,46.935,-15.781,-1442.051
nav,1700000414.100,47.868,-15.910,-1442.047
nav,1700000414.200,47.870,-15.834,-1441.568
nav,1700000414.300,48.486,-16.434,-1442.290
nav,1700000414.400,49.227,-16.613,-1441.946
nav,1700000414.500,48.661,-15.879,-1442.552
nav,1700000414.600,48.916,-15.238,-1443.010
nav,1700000414.700,49.643,-15.134,-1441.997
nav,1700000414.800,48.934,-16.641,-1442.750
nav,1700000414.900,49.879,-15.887,-1443.045
nav,1700000415.000,49.564,-16.406,-1442.535
nav,1700000415.100,51.192,-16.467,-1442.968
nav,1700000415.200,49.833,-15.682,-1442.535
nav,1700000415.300,50.152,-16.181,-1442.946
nav,1700000415.400,50.948,-14.658,-1442.310
nav,1700000415.500,50.954,-16.332,-1443.292
nav,1700000415.600,51.567,-15.660,-1442.889
nav,1700000415.700,52.007,-15.989,-1442.304
nav,1700000415.800,51.748,-16.089,-1443.204
nav,1700000415.900,51.727,-15.579,-1443.016
nav,1700000416.000,52.220,-16.541,-1442.408
nav,1700000416.100,52.356,-16.601,-1442.946
nav,1700000416.200,52.866,-16.630,-1443.405
nav,1700000416.300,52.565,-14.933,-1443.242
nav,1700000416.400,53.048,-15.870,-1443.236
nav,1700000416.500,53.081,-16.224,-1443.156
nav,1700000416.600,52.369,-16.012,-1442.564
nav,1700000416.700,53.429,-15.455,-1442.759
nav,1700000416.800,53.570,-16.314,-1443.329
nav,1700000416.900,53.065,-16.134,-1443.049
nav,1700000417.000,54.858,-15.736,-1443.590
nav,1700000417.100,53.480,-16.103,-1442.788
nav,1700000417.200,54.290,-15.729,-1443.321
nav,1700000417.300,54.959,-16.799,-1442.465
nav,1700000417.400,54.244,-15.603,-1443.440
nav,1700000417.500,54.942,-16.121,-1443.212
nav,1700000417.600,55.429,-15.471,-1442.673
nav,1700000417.700,55.566,-15.143,-1443.367
nav,1700000417.800,56.139,-15.786,-1443.725
nav,1700000417.900,55.891,-15.748,-1443.503
nav,1700000418.000,56.206,-15.567,-1443.536
nav,1700000418.100,54.728,-15.161,-1443.710
nav,1700000418.200,55.988,-16.562,-1443.766
nav,1700000418.300,56.319,-16.369,-1443.976
nav,1700000418.400,57.065,-14.985,-1443.262
nav,1700000418.500,57.561,-16.189,-1443.657
nav,1700000418.600,57.413,-16.330,-1443.960
nav,1700000418.700,57.827,-15.455,-1443.750
nav,1700000418.800,57.002,-16.148,-1444.542
nav,1700000418.900,57.838,-15.872,-1443.994
nav,1700000419.000,58.121,-15.792,-1443.768
nav,1700000419.100,57.599,-16.127,-1443.729
nav,1700000419.200,59.189,-16.136,-1443.696
nav,1700000419.300,59.039,-16.098,-1443.435
nav,1700000419.400,59.401,-15.310,-1443.818
nav,1700000419.500,60.180,-16.308,-1443.023
nav,1700000419.600,59.584,-15.330,-1444.283
nav,1700000419.700,59.822,-15.287,-1444.704
nav,1700000419.800,59.518,-17.071,-1444.288
nav,1700000419.900,59.392,-16.109,-1442.775
nav,1700000420.000,60.859,-16.720,-1443.997
nav,1700000420.100,60.199,-16.169,-1444.224
nav,1700000420.200,59.738,-16.673,-1444.867
nav,1700000420.300,59.486,-15.950,-1444.744
nav,1700000420.400,58.803,-16.045,-1443.985
nav,1700000420.500,58.962,-15.189,-1444.814
nav,1700000420.600,58.897,-16.177,-1444.211
nav,1700000420.700,58.209,-15.036,-1445.388
nav,1700000420.800,59.258,-15.955,-1444.305
nav,1700000420.900,58.867,-15.571,-1444.985
nav,1700000421.000,58.300,-15.066,-1445.103
nav,1700000421.100,58.859,-15.807,-1444.914
nav,1700000421.200,57.153,-16.112,-1445.714
nav,1700000421.300,57.192,-16.131,-1445.312
nav,1700000421.400,57.574,-16.109,-1445.132
nav,1700000421.500,56.837,-15.822,-1444.817
nav,1700000421.600,56.450,-15.937,-1444.917
nav,1700000421.700,56.030,-16.144,-1444.642
nav,1700000421.800,56.686,-16.115,-1444.632
nav,1700000421.900,55.710,-16.474,-1445.135
nav,1700000422.000,56.749,-15.918,-1445.186
nav,1700000422.100,56.572,-16.143,-1443.971
nav,1700000422.200,55.344,-16.506,-1445.210
nav,1700000422.300,55.275,-16.404,-1443.866
nav,1700000422.400,55.359,-15.768,-1445.437
nav,1700000422.500,54.711,-15.487,-1446.084
nav,1700000422.600,54.229,-16.124,-1444.610
nav,1700000422.700,54.413,-15.792,-1445.311
nav,1700000422.800,55.048,-16.792,-1444.996
nav,1700000422.900,54.101,-15.538,-1445.814
nav,1700000423.000,54.012,-16.051,-1445.945
nav,1700000423.100,53.160,-16.290,-1445.419
nav,1700000423.200,53.222,-16.165,-1446.466
nav,1700000423.300,53.215,-15.488,-1445.211
nav,1700000423.400,53.157,-15.878,-1446.018
nav,1700000423.500,53.812,-14.966,-1445.561
nav,1700000423.600,54.095,-16.340,-1446.309
nav,1700000423.700,52.245,-16.110,-1444.568
nav,1700000423.800,52.259,-16.430,-1446.213
nav,1700000423.900,52.770,-15.501,-1446.047
nav,1700000424.000,51.062,-16.564,-1444.984
nav,1700000424.100,52.144,-15.967,-1444.950
nav,1700000424.200,52.579,-16.018,-1445.934
nav,1700000424.300,51.109,-16.142,-1446.709
nav,1700000424.400,50.455,-16.861,-1445.464
nav,1700000424.500,50.219,-15.025,-1446.412
nav,1700000424.600,51.669,-16.183,-1446.870
nav,1700000424.700,51.242,-15.299,-1446.581
nav,1700000424.800,50.234,-16.453,-1446.229
nav,1700000424.900,50.254,-16.176,-1447.119
nav,1700000425.000,49.710,-15.648,-1446.354
nav,1700000425.100,49.636,-16.465,-1446.596
nav,1700000425.200,50.304,-16.570,-1445.971
nav,1700000425.300,49.424,-15.878,-1446.739
nav,1700000425.400,49.024,-16.003,-1446.674
nav,1700000425.500,49.166,-15.771,-1445.368
nav,1700000425.600,48.939,-16.956,-1445.914
nav,1700000425.700,48.498,-14.994,-1445.801
nav,1700000425.800,48.147,-15.639,-1446.875
nav,1700000425.900,48.201,-15.662,-1446.063
nav,1700000426.000,48.448,-15.963,-1445.419
nav,1700000426.100,47.617,-16.804,-1447.409
nav,1700000426.200,48.337,-16.038,-1446.664
nav,1700000426.300,47.129,-16.226,-1447.178
nav,1700000426.400,47.436,-16.049,-1446.609
nav,1700000426.500,47.170,-16.213,-1447.597
nav,1700000426.600,46.027,-14.487,-1446.170
nav,1700000426.700,47.270,-16.337,-1446.946
nav,1700000426.800,45.992,-16.656,-1447.287
nav,1700000426.900,46.863,-15.580,-1447.519
nav,1700000427.000,45.843,-15.625,-1447.361
nav,1700000427.100,45.840,-15.799,-1446.922
nav,1700000427.200,45.727,-16.327,-1447.435
nav,1700000427.300,44.833,-16.781,-1447.259
nav,1700000427.400,45.608,-16.690,-1447.107
nav,1700000427.500,45.392,-16.918,-1447.421
nav,1700000427.600,45.623,-15.724,-1448.262
nav,1700000427.700,44.929,-16.374,-1447.024
nav,1700000427.800,44.055,-16.027,-1447.680
nav,1700000427.900,44.202,-16.284,-1447.565
nav,1700000428.000,43.412,-15.755,-1447.408
nav,1700000428.100,42.992,-15.504,-1447.626
nav,1700000428.200,43.681,-15.618,-1447.416
nav,1700000428.300,43.983,-16.147,-1447.105
nav,1700000428.400,43.261,-15.746,-1447.463
nav,1700000428.500,43.620,-15.639,-1447.929
nav,1700000428.600,42.479,-16.025,-1448.130
nav,1700000428.700,42.074,-17.064,-1448.567
nav,1700000428.800,43.393,-16.328,-1446.883
nav,1700000428.900,42.402,-16.025,-1448.628
nav,1700000429.000,42.002,-15.054,-1447.141
nav,1700000429.100,41.937,-16.574,-1448.441
nav,1700000429.200,41.174,-15.361,-1447.189
nav,1700000429.300,41.498,-16.152,-1447.274
nav,1700000429.400,40.711,-15.974,-1447.859
nav,1700000429.500,40.569,-16.318,-1448.491
nav,1700000429.600,41.508,-15.043,-1448.119
nav,1700000429.700,40.466,-16.300,-1448.219
nav,1700000429.800,40.125,-16.049,-1448.056
nav,1700000429.900,39.997,-16.095,-1448.398
nav,1700000430.000,39.841,-16.221,-1447.967
nav,1700000430.100,38.915,-15.213,-1448.324
nav,1700000430.200,39.905,-15.637,-1448.789
nav,1700000430.300,38.943,-16.516,-1448.601
nav,1700000430.400,39.550,-16.292,-1448.217
nav,1700000430.500,37.816,-16.193,-1447.981
nav,1700000430.600,38.715,-16.415,-1448.936
nav,1700000430.700,37.086,-16.506,-1448.122
nav,1700000430.800,38.109,-16.232,-1449.860
nav,1700000430.900,37.385,-15.405,-1448.429
nav,1700000431.000,37.351,-16.315,-1448.795
nav,1700000431.100,37.202,-17.002,-1448.904
nav,1700000431.200,37.886,-15.704,-1448.430
nav,1700000431.300,36.623,-15.971,-1449.046
nav,1700000431.400,37.156,-16.106,-1449.285
nav,1700000431.500,35.491,-15.419,-1448.834
nav,1700000431.600,36.058,-15.763,-1449.266
nav,1700000431.700,36.391,-16.384,-1448.817
nav,1700000431.800,36.000,-16.548,-1448.564
nav,1700000431.900,36.111,-16.074,-1448.827
nav,1700000432.000,35.666,-16.234,-1449.064
nav,1700000432.100,35.029,-15.889,-1449.639
nav,1700000432.200,36.028,-15.727,-1449.098
nav,1700000432.300,34.597,-16.052,-1449.937
nav,1700000432.400,35.182,-17.158,-1450.163
nav,1700000432.500,35.595,-15.815,-1449.614
nav,1700000432.600,34.346,-16.542,-1449.381
nav,1700000432.700,34.428,-15.227,-1449.617
nav,1700000432.800,34.429,-16.694,-1449.749
nav,1700000432.900,34.288,-16.186,-1449.856
nav,1700000433.000,34.163,-15.243,-1449.585
nav,1700000433.100,34.372,-15.689,-1449.159
nav,1700000433.200,33.295,-16.103,-1449.847
nav,1700000433.300,33.673,-15.604,-1449.727
nav,1700000433.400,33.638,-16.282,-1449.391
nav,1700000433.500,33.508,-15.661,-1449.811
nav,1700000433.600,33.157,-16.447,-1449.824
nav,1700000433.700,32.750,-16.665,-1449.730
nav,1700000433.800,31.776,-16.214,-1449.992
nav,1700000433.900,31.835,-15.959,-1450.023
nav,1700000434.000,31.590,-15.716,-1450.483
nav,1700000434.100,32.944,-16.055,-1450.731
nav,1700000434.200,31.108,-15.426,-1450.394
nav,1700000434.300,30.718,-15.573,-1450.442
nav,1700000434.400,31.527,-15.532,-1450.142
nav,1700000434.500,32.198,-16.862,-1450.732
nav,1700000434.600,30.672,-14.869,-1449.469
nav,1700000434.700,31.244,-16.397,-1450.752
nav,1700000434.800,29.986,-16.392,-1449.711
nav,1700000434.900,30.078,-16.056,-1450.115
nav,1700000435.000,29.168,-15.974,-1451.096
nav,1700000435.100,29.653,-16.293,-1450.911
nav,1700000435.200,29.713,-15.889,-1450.747
nav,1700000435.300,29.585,-16.434,-1450.341
nav,1700000435.400,29.097,-16.242,-1451.124
nav,1700000435.500,28.879,-15.065,-1450.803
nav,1700000435.600,28.228,-15.541,-1451.053
nav,1700000435.700,28.742,-16.303,-1450.221
nav,1700000435.800,28.105,-15.301,-1451.431
nav,1700000435.900,28.054,-15.300,-1450.868
nav,1700000436.000,29.136,-16.135,-1450.868
nav,1700000436.100,28.753,-16.757,-1451.861
nav,1700000436.200,27.202,-15.593,-1451.892
nav,1700000436.300,27.699,-15.737,-1450.125
nav,1700000436.400,27.723,-15.818,-1450.498
nav,1700000436.500,27.269,-16.230,-1451.795
nav,1700000436.600,26.515,-16.020,-1451.180
nav,1700000436.700,25.532,-16.110,-1451.299
nav,1700000436.800,26.674,-15.187,-1451.266
nav,1700000436.900,25.745,-16.909,-1451.060
nav,1700000437.000,25.565,-15.567,-1450.751
nav,1700000437.100,25.028,-15.723,-1450.848
nav,1700000437.200,26.110,-17.048,-1451.967
nav,1700000437.300,24.760,-15.738,-1451.379
nav,1700000437.400,23.851,-16.150,-1451.231
nav,1700000437.500,25.074,-15.927,-1451.859
nav,1700000437.600,24.271,-16.009,-1451.696
nav,1700000437.700,24.908,-15.652,-1451.725
nav,1700000437.800,24.947,-16.187,-1452.535
nav,1700000437.900,24.439,-15.937,-1451.610
nav,1700000438.000,23.368,-15.105,-1451.549
nav,1700000438.100,23.656,-16.468,-1451.412
nav,1700000438.200,23.049,-14.869,-1452.302
nav,1700000438.300,24.260,-16.092,-1451.251
nav,1700000438.400,22.833,-15.991,-1451.685
nav,1700000438.500,23.331,-15.450,-1452.377
nav,1700000438.600,22.842,-15.376,-1452.531
nav,1700000438.700,22.886,-16.110,-1452.122
nav,1700000438.800,22.442,-16.394,-1452.401
nav,1700000438.900,22.272,-16.051,-1451.530
nav,1700000439.000,22.505,-15.855,-1452.744
nav,1700000439.100,21.388,-15.013,-1452.913
nav,1700000439.200,21.657,-15.820,-1452.610
nav,1700000439.300,20.899,-16.392,-1452.773
nav,1700000439.400,20.845,-15.336,-1452.550
nav,1700000439.500,20.738,-15.947,-1452.258
nav,1700000439.600,20.628,-15.549,-1453.273
nav,1700000439.700,21.186,-16.004,-1452.708
nav,1700000439.800,20.053,-16.614,-1453.563
nav,1700000439.900,19.819,-15.706,-1453.257
nav,1700000440.000,19.226,-16.455,-1453.014
nav,1700000440.100,19.627,-16.064,-1452.352
nav,1700000440.200,20.225,-14.997,-1453.727
nav,1700000440.300,18.972,-15.651,-1453.187
nav,1700000440.400,19.630,-15.896,-1452.217
nav,1700000440.500,19.521,-15.469,-1453.259
nav,1700000440.600,18.751,-16.153,-1453.852
nav,1700000440.700,19.336,-15.627,-1453.318
nav,1700000440.800,19.052,-16.315,-1454.110
nav,1700000440.900,18.704,-16.639,-1453.336
nav,1700000441.000,18.103,-15.807,-1452.860
nav,1700000441.100,18.090,-15.725,-1453.726
nav,1700000441.200,17.747,-16.753,-1452.595
nav,1700000441.300,16.699,-16.173,-1454.082
nav,1700000441.400,16.835,-15.993,-1453.734
nav,1700000441.500,17.572,-15.887,-1453.747
nav,1700000441.600,16.733,-15.390,-1453.108
nav,1700000441.700,16.031,-16.340,-1453.371
nav,1700000441.800,16.577,-16.525,-1453.280
nav,1700000441.900,15.755,-15.348,-1453.437
nav,1700000442.000,15.434,-16.265,-1454.021
nav,1700000442.100,15.880,-16.102,-1454.367
nav,1700000442.200,14.903,-15.725,-1453.698
nav,1700000442.300,15.453,-15.865,-1454.197
nav,1700000442.400,15.292,-14.731,-1453.346
nav,1700000442.500,14.856,-16.262,-1455.410
nav,1700000442.600,15.334,-15.607,-1454.299
nav,1700000442.700,13.884,-16.578,-1453.851
nav,1700000442.800,14.355,-15.654,-1454.077
nav,1700000442.900,14.683,-15.815,-1453.752
nav,1700000443.000,12.955,-16.617,-1454.395
nav,1700000443.100,14.340,-15.060,-1454.342
nav,1700000443.200,13.294,-16.977,-1453.875
nav,1700000443.300,13.125,-14.521,-1454.723
nav,1700000443.400,14.253,-15.626,-1454.914
nav,1700000443.500,13.116,-15.614,-1454.559
nav,1700000443.600,13.219,-15.592,-1454.195
nav,1700000443.700,12.592,-16.587,-1454.578
nav,1700000443.800,12.488,-16.938,-1454.502
nav,1700000443.900,12.152,-16.648,-1454.800
nav,1700000444.000,11.844,-15.035,-1454.570
nav,1700000444.100,12.318,-16.059,-1455.664
nav,1700000444.200,11.936,-16.329,-1454.941
nav,1700000444.300,10.874,-15.964,-1454.288
nav,1700000444.400,11.666,-15.207,-1454.003
nav,1700000444.500,9.977,-16.597,-1455.818
nav,1700000444.600,11.116,-16.347,-1455.205
nav,1700000444.700,10.492,-15.809,-1455.750
nav,1700000444.800,9.771,-15.999,-1454.455
nav,1700000444.900,10.187,-16.396,-1456.175
nav,1700000445.000,10.476,-16.368,-1455.722
nav,1700000445.100,8.942,-16.720,-1455.676
nav,1700000445.200,9.481,-16.604,-1455.149
nav,1700000445.300,9.277,-14.889,-1456.141
nav,1700000445.400,9.281,-15.913,-1455.851
nav,1700000445.500,9.048,-15.615,-1455.334
nav,1700000445.600,9.492,-17.089,-1455.851
nav,1700000445.700,9.338,-15.544,-1455.206
nav,1700000445.800,9.017,-16.958,-1455.126
nav,1700000445.900,8.732,-16.329,-1454.256
nav,1700000446.000,8.098,-17.096,-1455.427
nav,1700000446.100,7.440,-15.418,-1455.390
nav,1700000446.200,7.301,-15.249,-1455.241
nav,1700000446.300,6.986,-16.076,-1455.500
nav,1700000446.400,7.018,-16.167,-1455.787
nav,1700000446.500,6.467,-17.116,-1455.733
nav,1700000446.600,5.806,-16.497,-1456.785
nav,1700000446.700,5.776,-15.787,-1456.057
nav,1700000446.800,6.271,-16.658,-1456.321
nav,1700000446.900,6.388,-16.026,-1455.629
nav,1700000447.000,6.483,-16.126,-1457.013
nav,1700000447.100,5.422,-16.049,-1456.522
nav,1700000447.200,5.073,-15.965,-1454.966
nav,1700000447.300,5.156,-16.001,-1456.884
nav,1700000447.400,5.822,-15.563,-1455.873
nav,1700000447.500,5.680,-16.214,-1456.474
nav,1700000447.600,5.655,-15.684,-1457.479
nav,1700000447.700,4.827,-16.291,-1455.967
nav,1700000447.800,4.604,-16.870,-1456.329
nav,1700000447.900,4.305,-15.818,-1456.223
nav,1700000448.000,4.748,-15.793,-1456.546
nav,1700000448.100,4.374,-14.879,-1456.147
nav,1700000448.200,3.703,-15.784,-1456.524
nav,1700000448.300,3.409,-14.917,-1457.074
nav,1700000448.400,3.777,-16.063,-1457.486
nav,1700000448.500,2.906,-16.273,-1456.504
nav,1700000448.600,2.846,-16.511,-1456.105
nav,1700000448.700,3.145,-15.207,-1456.769
nav,1700000448.800,2.382,-15.648,-1457.223
nav,1700000448.900,2.265,-16.088,-1457.712
nav,1700000449.000,2.064,-16.220,-1457.150
nav,1700000449.100,1.982,-15.364,-1457.500
nav,1700000449.200,1.432,-16.383,-1457.538
nav,1700000449.300,1.103,-16.098,-1456.877
nav,1700000449.400,1.360,-16.528,-1456.570
nav,1700000449.500,1.472,-16.451,-1456.652
nav,1700000449.600,0.963,-16.078,-1457.132
nav,1700000449.700,0.587,-15.727,-1457.265
nav,1700000449.800,0.231,-17.013,-1457.142
nav,1700000449.900,0.013,-15.611,-1457.212
nav,1700000450.000,-0.174,-15.489,-1457.398
nav,1700000450.100,-0.118,-16.069,-1456.705
nav,1700000450.200,-0.757,-16.161,-1458.213
nav,1700000450.300,-0.237,-16.291,-1457.876
nav,1700000450.400,-1.058,-15.969,-1458.314
nav,1700000450.500,-2.122,-15.771,-1458.792
nav,1700000450.600,-0.773,-15.221,-1457.865
nav,1700000450.700,-0.750,-16.012,-1457.030
nav,1700000450.800,-1.828,-17.182,-1457.917
nav,1700000450.900,-0.946,-15.733,-1458.182
nav,1700000451.000,-1.836,-15.514,-1458.014
nav,1700000451.100,-0.887,-16.259,-1457.517
nav,1700000451.200,-2.019,-16.350,-1458.278
nav,1700000451.300,-2.091,-15.928,-1457.943
nav,1700000451.400,-3.618,-15.672,-1458.016
nav,1700000451.500,-3.032,-15.820,-1458.411
nav,1700000451.600,-3.496,-16.121,-1458.486
nav,1700000451.700,-2.310,-15.544,-1458.785
nav,1700000451.800,-2.582,-16.216,-1458.333
nav,1700000451.900,-3.351,-16.985,-1458.514
nav,1700000452.000,-4.287,-15.897,-1458.257
nav,1700000452.100,-4.239,-16.062,-1457.957
nav,1700000452.200,-4.249,-15.979,-1458.462
nav,1700000452.300,-3.682,-15.914,-1458.841
nav,1700000452.400,-5.754,-16.717,-1458.864
nav,1700000452.500,-5.054,-16.278,-1458.502
nav,1700000452.600,-5.484,-16.457,-1458.418
nav,1700000452.700,-4.715,-16.554,-1458.650
nav,1700000452.800,-6.553,-16.737,-1459.113
nav,1700000452.900,-5.233,-16.389,-1459.274
nav,1700000453.000,-5.982,-15.981,-1459.305
nav,1700000453.100,-5.207,-16.133,-1458.903
nav,1700000453.200,-6.601,-15.780,-1458.389
nav,1700000453.300,-5.768,-16.381,-1458.503
nav,1700000453.400,-6.525,-15.513,-1459.147
nav,1700000453.500,-7.094,-15.532,-1458.671
nav,1700000453.600,-6.417,-15.901,-1459.248
nav,1700000453.700,-8.630,-16.806,-1459.439
nav,1700000453.800,-8.151,-15.593,-1459.944
nav,1700000453.900,-8.051,-16.231,-1458.733
nav,1700000454.000,-8.304,-15.774,-1459.285
nav,1700000454.100,-7.748,-15.575,-1459.446
nav,1700000454.200,-9.248,-16.116,-1459.487
nav,1700000454.300,-8.457,-16.369,-1458.953
nav,1700000454.400,-8.793,-16.460,-1459.800
nav,1700000454.500,-8.036,-15.668,-1459.093
nav,1700000454.600,-9.721,-16.344,-1460.005
nav,1700000454.700,-9.308,-16.087,-1459.956
nav,1700000454.800,-9.782,-16.397,-1459.848
nav,1700000454.900,-9.243,-16.757,-1459.632
nav,1700000455.000,-9.310,-16.092,-1460.116
nav,1700000455.100,-9.738,-16.492,-1459.910
nav,1700000455.200,-10.920,-16.935,-1460.022
nav,1700000455.300,-11.232,-16.006,-1459.435
nav,1700000455.400,-9.873,-15.953,-1459.530
nav,1700000455.500,-10.801,-16.192,-1461.048
nav,1700000455.600,-10.387,-16.525,-1459.442
nav,1700000455.700,-11.132,-16.488,-1460.024
nav,1700000455.800,-10.534,-15.232,-1460.483
nav,1700000455.900,-12.156,-15.950,-1460.356
nav,1700000456.000,-11.400,-15.630,-1461.166
nav,1700000456.100,-11.971,-16.090,-1460.348
nav,1700000456.200,-12.276,-15.401,-1459.925
nav,1700000456.300,-12.975,-16.029,-1460.684
nav,1700000456.400,-13.641,-16.055,-1459.585
nav,1700000456.500,-13.856,-16.012,-1460.582
nav,1700000456.600,-13.056,-16.481,-1461.313
nav,1700000456.700,-14.089,-15.335,-1461.138
nav,1700000456.800,-13.850,-14.948,-1461.061
nav,1700000456.900,-13.629,-15.468,-1460.232
nav,1700000457.000,-14.666,-16.357,-1460.636
nav,1700000457.100,-13.235,-16.381,-1461.080
nav,1700000457.200,-14.190,-15.690,-1460.540
nav,1700000457.300,-15.023,-16.266,-1460.819
nav,1700000457.400,-14.169,-16.119,-1460.984
nav,1700000457.500,-15.513,-15.068,-1460.943
nav,1700000457.600,-14.661,-15.985,-1461.024
nav,1700000457.700,-16.150,-17.075,-1460.487
nav,1700000457.800,-15.561,-15.897,-1461.784
nav,1700000457.900,-16.252,-15.469,-1460.336
nav,1700000458.000,-16.311,-15.664,-1461.157
nav,1700000458.100,-16.260,-15.074,-1461.525
nav,1700000458.200,-15.780,-15.809,-1461.354
nav,1700000458.300,-15.914,-15.855,-1461.440
nav,1700000458.400,-16.110,-15.375,-1460.837
nav,1700000458.500,-18.944,-15.780,-1461.378
nav,1700000458.600,-17.217,-15.695,-1461.400
nav,1700000458.700,-17.061,-16.134,-1460.828
nav,1700000458.800,-17.211,-15.729,-1461.377
nav,1700000458.900,-17.221,-15.489,-1461.726
nav,1700000459.000,-17.505,-15.913,-1460.758
nav,1700000459.100,-17.651,-16.313,-1460.597
nav,1700000459.200,-19.451,-15.681,-1462.157
nav,1700000459.300,-17.659,-15.874,-1462.252
nav,1700000459.400,-18.933,-16.357,-1462.054
nav,1700000459.500,-19.164,-16.376,-1461.812
nav,1700000459.600,-19.004,-16.498,-1462.823
nav,1700000459.700,-19.245,-15.734,-1461.675
nav,1700000459.800,-19.324,-15.214,-1461.587
nav,1700000459.900,-18.460,-14.450,-1463.011
nav,1700000460.000,-21.099,-16.004,-1461.926
nav,1700000460.100,-20.238,-15.648,-1462.359
nav,1700000460.200,-20.747,-16.271,-1462.370
nav,1700000460.300,-20.178,-16.243,-1462.461
nav,1700000460.400,-20.515,-16.099,-1461.804
nav,1700000460.500,-21.460,-16.568,-1462.256
nav,1700000460.600,-20.998,-16.432,-1461.782
nav,1700000460.700,-20.438,-16.314,-1461.757
nav,1700000460.800,-22.791,-15.462,-1462.975
nav,1700000460.900,-21.312,-16.481,-1462.626
nav,1700000461.000,-22.405,-16.107,-1461.723
nav,1700000461.100,-22.254,-14.945,-1462.877
nav,1700000461.200,-21.654,-16.813,-1462.873
nav,1700000461.300,-22.868,-15.231,-1462.683
nav,1700000461.400,-23.844,-16.655,-1463.328
nav,1700000461.500,-22.533,-15.597,-1463.017
nav,1700000461.600,-23.474,-15.642,-1463.478
nav,1700000461.700,-23.171,-15.814,-1463.096
nav,1700000461.800,-23.401,-15.949,-1462.755
nav,1700000461.900,-24.467,-15.693,-1462.537
nav,1700000462.000,-23.840,-15.699,-1463.150
nav,1700000462.100,-23.754,-15.967,-1463.715
nav,1700000462.200,-23.990,-16.817,-1463.045
nav,1700000462.300,-24.792,-16.224,-1463.146
nav,1700000462.400,-25.155,-15.744,-1463.249
nav,1700000462.500,-25.309,-15.331,-1463.221
nav,1700000462.600,-24.885,-15.292,-1462.669
nav,1700000462.700,-25.110,-16.151,-1464.129
nav,1700000462.800,-25.497,-15.453,-1463.283
nav,1700000462.900,-27.522,-15.565,-1463.040
nav,1700000463.000,-26.151,-15.506,-1463.237
nav,1700000463.100,-26.543,-15.364,-1464.230
nav,1700000463.200,-26.429,-16.079,-1464.054
nav,1700000463.300,-26.448,-15.345,-1463.063
nav,1700000463.400,-26.438,-16.848,-1464.400
nav,1700000463.500,-26.917,-16.017,-1464.026
nav,1700000463.600,-26.247,-15.947,-1463.551
nav,1700000463.700,-26.906,-15.973,-1462.572
nav,1700000463.800,-28.070,-16.303,-1464.384
nav,1700000463.900,-27.019,-15.599,-1464.230
nav,1700000464.000,-28.432,-15.308,-1463.822
nav,1700000464.100,-27.495,-16.030,-1463.793
nav,1700000464.200,-28.250,-16.312,-1464.165
nav,1700000464.300,-29.192,-15.753,-1463.758
nav,1700000464.400,-28.305,-15.667,-1464.248
nav,1700000464.500,-28.224,-15.554,-1463.534
nav,1700000464.600,-28.474,-16.063,-1464.079
nav,1700000464.700,-29.013,-16.575,-1464.882
nav,1700000464.800,-30.250,-16.054,-1464.530
nav,1700000464.900,-30.518,-15.925,-1464.456
nav,1700000465.000,-29.409,-14.994,-1464.225
nav,1700000465.100,-30.548,-15.677,-1464.493
nav,1700000465.200,-30.520,-16.431,-1464.775
nav,1700000465.300,-30.689,-15.598,-1464.332
nav,1700000465.400,-29.887,-15.663,-1464.420
nav,1700000465.500,-31.153,-16.519,-1464.962
nav,1700000465.600,-31.550,-17.280,-1465.226
nav,1700000465.700,-30.599,-15.816,-1464.954
nav,1700000465.800,-31.401,-16.977,-1464.669
nav,1700000465.900,-31.161,-16.061,-1465.741
nav,1700000466.000,-32.207,-15.360,-1464.770
nav,1700000466.100,-32.909,-14.816,-1465.571
nav,1700000466.200,-32.521,-16.519,-1465.506
nav,1700000466.300,-32.826,-15.682,-1464.388
nav,1700000466.400,-32.993,-16.505,-1464.838
nav,1700000466.500,-32.746,-15.880,-1464.984
nav,1700000466.600,-33.256,-15.951,-1465.257
nav,1700000466.700,-32.865,-14.886,-1465.120
nav,1700000466.800,-33.603,-15.872,-1465.583
nav,1700000466.900,-33.418,-15.779,-1465.509
nav,1700000467.000,-33.549,-15.991,-1465.828
nav,1700000467.100,-34.024,-15.882,-1464.907
nav,1700000467.200,-33.984,-16.055,-1465.667
nav,1700000467.300,-34.599,-15.818,-1465.233
nav,1700000467.400,-34.649,-16.045,-1465.021
nav,1700000467.500,-35.337,-14.760,-1465.182
nav,1700000467.600,-35.764,-15.907,-1465.221
nav,1700000467.700,-35.575,-16.748,-1466.171
nav,1700000467.800,-35.329,-16.877,-1466.420
nav,1700000467.900,-35.532,-16.111,-1466.087
nav,1700000468.000,-36.247,-16.735,-1465.541
nav,1700000468.100,-36.603,-16.268,-1465.653
nav,1700000468.200,-36.528,-16.352,-1466.865
nav,1700000468.300,-36.416,-15.961,-1466.173
nav,1700000468.400,-37.319,-15.994,-1465.718
nav,1700000468.500,-36.951,-15.181,-1465.649
nav,1700000468.600,-37.254,-15.631,-1466.021
nav,1700000468.700,-37.377,-15.352,-1466.538
nav,1700000468.800,-37.588,-15.405,-1465.978
nav,1700000468.900,-37.985,-16.853,-1467.311
nav,1700000469.000,-36.962,-15.846,-1466.511
nav,1700000469.100,-38.025,-16.474,-1466.428
nav,1700000469.200,-38.870,-16.707,-1467.358
nav,1700000469.300,-39.399,-15.489,-1466.843
nav,1700000469.400,-38.533,-15.522,-1466.384
nav,1700000469.500,-39.149,-15.933,-1466.644
nav,1700000469.600,-38.598,-15.062,-1465.754
nav,1700000469.700,-40.476,-16.219,-1466.520
nav,1700000469.800,-39.368,-16.864,-1467.437
nav,1700000469.900,-39.147,-16.280,-1467.352
nav,1700000470.000,-40.552,-15.805,-1467.063
nav,1700000470.100,-40.079,-16.489,-1467.567
nav,1700000470.200,-39.688,-15.801,-1466.904
nav,1700000470.300,-40.861,-15.268,-1466.485
nav,1700000470.400,-40.227,-16.292,-1466.798
nav,1700000470.500,-40.799,-16.275,-1466.914
nav,1700000470.600,-41.492,-15.800,-1467.570
nav,1700000470.700,-41.114,-15.845,-1467.054
nav,1700000470.800,-41.375,-16.182,-1467.330
nav,1700000470.900,-41.528,-15.706,-1467.291
nav,1700000471.000,-42.297,-16.091,-1467.356
nav,1700000471.100,-41.437,-15.842,-1467.115
nav,1700000471.200,-42.866,-15.631,-1467.471
nav,1700000471.300,-42.926,-15.614,-1467.014
nav,1700000471.400,-44.052,-16.079,-1467.187
nav,1700000471.500,-43.170,-15.920,-1468.198
nav,1700000471.600,-44.616,-16.488,-1467.194
nav,1700000471.700,-45.012,-16.422,-1468.339
nav,1700000471.800,-43.721,-15.021,-1467.528
nav,1700000471.900,-43.854,-15.580,-1467.451
nav,1700000472.000,-44.107,-15.537,-1467.268
nav,1700000472.100,-44.056,-16.069,-1467.720
nav,1700000472.200,-43.941,-16.168,-1466.973
nav,1700000472.300,-45.124,-15.283,-1467.395
nav,1700000472.400,-45.284,-15.746,-1467.998
nav,1700000472.500,-44.983,-16.243,-1467.781
nav,1700000472.600,-44.729,-15.741,-1468.319
nav,1700000472.700,-45.934,-15.865,-1467.627
nav,1700000472.800,-45.937,-15.204,-1467.434
nav,1700000472.900,-46.113,-16.361,-1467.996
nav,1700000473.000,-46.166,-15.372,-1467.432
nav,1700000473.100,-46.182,-15.661,-1467.554
nav,1700000473.200,-46.371,-15.799,-1467.710
nav,1700000473.300,-46.356,-16.389,-1468.388
nav,1700000473.400,-46.944,-16.353,-1468.827
nav,1700000473.500,-46.662,-15.827,-1468.802
nav,1700000473.600,-47.320,-16.092,-1468.083
nav,1700000473.700,-47.941,-16.677,-1467.955
nav,1700000473.800,-48.367,-16.116,-1468.420
nav,1700000473.900,-47.862,-15.874,-1467.499
nav,1700000474.000,-48.800,-15.562,-1469.596
nav,1700000474.100,-47.503,-17.021,-1467.163
nav,1700000474.200,-48.595,-15.355,-1467.880
nav,1700000474.300,-48.818,-16.180,-1468.882
nav,1700000474.400,-48.406,-16.212,-1468.914
nav,1700000474.500,-48.731,-16.449,-1468.710
nav,1700000474.600,-49.146,-16.321,-1468.832
nav,1700000474.700,-48.633,-16.102,-1468.807
nav,1700000474.800,-49.688,-15.773,-1469.185
nav,1700000474.900,-49.586,-15.872,-1469.603
nav,1700000475.000,-49.103,-15.270,-1469.150
nav,1700000475.100,-50.761,-15.886,-1469.504
nav,1700000475.200,-49.718,-16.234,-1468.021
nav,1700000475.300,-51.012,-16.056,-1468.239
nav,1700000475.400,-50.962,-15.864,-1468.367
nav,1700000475.500,-51.278,-16.631,-1469.683
nav,1700000475.600,-50.908,-15.806,-1468.463
nav,1700000475.700,-51.537,-16.715,-1470.211
nav,1700000475.800,-50.166,-15.737,-1469.006
nav,1700000475.900,-51.661,-16.716,-1469.513
nav,1700000476.000,-51.128,-15.671,-1469.537
nav,1700000476.100,-52.813,-16.258,-1469.354
nav,1700000476.200,-51.375,-16.094,-1469.831
nav,1700000476.300,-52.629,-15.868,-1469.917
nav,1700000476.400,-52.599,-15.396,-1469.247
nav,1700000476.500,-53.399,-16.264,-1470.186
nav,1700000476.600,-53.267,-15.845,-1469.845
nav,1700000476.700,-52.430,-15.604,-1470.333
nav,1700000476.800,-54.486,-16.492,-1468.690
nav,1700000476.900,-53.355,-15.188,-1469.511
nav,1700000477.000,-54.105,-16.624,-1469.381
nav,1700000477.100,-54.298,-16.117,-1468.787
nav,1700000477.200,-54.463,-15.335,-1470.430
nav,1700000477.300,-53.256,-16.187,-1469.322
nav,1700000477.400,-54.367,-16.249,-1469.305
nav,1700000477.500,-54.564,-16.357,-1470.105
nav,1700000477.600,-55.177,-16.058,-1469.097
nav,1700000477.700,-55.049,-16.035,-1469.530
nav,1700000477.800,-56.623,-16.308,-1469.729
nav,1700000477.900,-55.242,-15.900,-1469.183
nav,1700000478.000,-55.566,-16.244,-1470.021
nav,1700000478.100,-55.996,-16.224,-1469.225
nav,1700000478.200,-56.954,-15.842,-1469.662
nav,1700000478.300,-56.757,-16.269,-1470.107
nav,1700000478.400,-56.394,-16.250,-1470.642
nav,1700000478.500,-56.425,-15.800,-1469.643
nav,1700000478.600,-56.820,-14.910,-1469.628
nav,1700000478.700,-57.762,-15.765,-1470.503
nav,1700000478.800,-57.827,-16.706,-1470.407
nav,1700000478.900,-57.527,-16.033,-1470.852
nav,1700000479.000,-58.762,-14.944,-1470.178
nav,1700000479.100,-58.612,-15.769,-1469.285
nav,1700000479.200,-58.090,-17.394,-1469.092
nav,1700000479.300,-59.525,-16.103,-1471.024
nav,1700000479.400,-59.170,-15.858,-1471.531
nav,1700000479.500,-59.045,-15.426,-1470.955
nav,1700000479.600,-59.895,-16.070,-1470.741
nav,1700000479.700,-59.698,-16.594,-1470.351
nav,1700000479.800,-59.302,-16.533,-1471.112
nav,1700000479.900,-59.732,-16.482,-1470.598
nav,1700000480.000,-59.266,-8.030,-1471.332
nav,1700000480.100,-59.604,-8.089,-1470.838
nav,1700000480.200,-59.362,-7.654,-1470.784
nav,1700000480.300,-59.430,-6.968,-1470.239
nav,1700000480.400,-58.783,-7.934,-1471.380
nav,1700000480.500,-58.436,-7.928,-1471.204
nav,1700000480.600,-58.922,-8.483,-1470.424
nav,1700000480.700,-58.258,-7.909,-1471.012
nav,1700000480.800,-58.740,-9.065,-1471.735
nav,1700000480.900,-58.571,-8.446,-1470.921
nav,1700000481.000,-57.594,-8.064,-1470.399
nav,1700000481.100,-58.191,-8.068,-1471.166
nav,1700000481.200,-57.054,-7.947,-1471.112
nav,1700000481.300,-58.227,-8.450,-1470.668
nav,1700000481.400,-58.238,-7.329,-1471.003
nav,1700000481.500,-57.374,-8.416,-1470.342
nav,1700000481.600,-56.094,-8.060,-1471.260
nav,1700000481.700,-56.923,-7.933,-1471.702
nav,1700000481.800,-56.439,-7.095,-1471.450
nav,1700000481.900,-56.724,-8.683,-1471.375
nav,1700000482.000,-56.380,-7.877,-1472.286
nav,1700000482.100,-55.455,-8.530,-1471.490
nav,1700000482.200,-55.769,-7.141,-1471.464
nav,1700000482.300,-54.427,-7.720,-1470.874
nav,1700000482.400,-55.304,-7.827,-1471.014
nav,1700000482.500,-54.548,-7.735,-1471.824
nav,1700000482.600,-54.879,-7.431,-1471.023
nav,1700000482.700,-54.896,-8.372,-1472.185
nav,1700000482.800,-53.985,-8.465,-1471.360
nav,1700000482.900,-53.927,-8.273,-1471.024
nav,1700000483.000,-54.731,-7.170,-1471.683
nav,1700000483.100,-54.837,-7.204,-1471.392
nav,1700000483.200,-53.814,-8.482,-1472.699
nav,1700000483.300,-52.192,-8.462,-1472.582
nav,1700000483.400,-53.066,-8.819,-1472.478
nav,1700000483.500,-52.503,-7.768,-1472.216
nav,1700000483.600,-52.791,-8.221,-1472.090
nav,1700000483.700,-52.981,-8.290,-1472.400
nav,1700000483.800,-52.763,-7.478,-1471.745
nav,1700000483.900,-52.666,-8.597,-1472.245
nav,1700000484.000,-50.922,-8.514,-1472.283
nav,1700000484.100,-51.756,-8.054,-1472.467
nav,1700000484.200,-51.022,-7.773,-1471.850
nav,1700000484.300,-51.105,-7.553,-1471.516
nav,1700000484.400,-50.534,-6.838,-1471.735
nav,1700000484.500,-51.335,-7.576,-1472.024
nav,1700000484.600,-49.840,-8.484,-1472.136
nav,1700000484.700,-50.941,-7.744,-1472.557
nav,1700000484.800,-50.160,-8.705,-1472.089
nav,1700000484.900,-50.097,-7.924,-1471.545
nav,1700000485.000,-50.191,-7.829,-1472.505
nav,1700000485.100,-49.701,-6.889,-1472.559
nav,1700000485.200,-49.884,-7.065,-1472.779
nav,1700000485.300,-50.203,-8.370,-1473.283
nav,1700000485.400,-50.100,-8.182,-1472.730
nav,1700000485.500,-48.410,-7.685,-1472.438
nav,1700000485.600,-49.247,-7.558,-1472.069
nav,1700000485.700,-48.403,-7.789,-1473.431
nav,1700000485.800,-47.873,-7.110,-1472.672
nav,1700000485.900,-48.497,-8.081,-1473.078
nav,1700000486.000,-48.180,-7.676,-1472.763
nav,1700000486.100,-47.298,-7.815,-1473.369
nav,1700000486.200,-47.850,-8.281,-1473.064
nav,1700000486.300,-46.503,-7.023,-1472.587
nav,1700000486.400,-47.141,-8.681,-1472.929
nav,1700000486.500,-47.395,-7.185,-1473.876
nav,1700000486.600,-46.608,-8.437,-1473.112
nav,1700000486.700,-46.267,-7.489,-1473.171
nav,1700000486.800,-46.019,-8.331,-1473.052
nav,1700000486.900,-45.699,-7.834,-1473.473
nav,1700000487.000,-46.140,-7.492,-1473.788
nav,1700000487.100,-46.272,-7.699,-1473.496
nav,1700000487.200,-46.327,-7.325,-1473.859
nav,1700000487.300,-45.500,-8.310,-1473.492
nav,1700000487.400,-45.642,-7.643,-1473.321
nav,1700000487.500,-44.508,-8.305,-1472.343
nav,1700000487.600,-45.752,-8.793,-1472.567
nav,1700000487.700,-44.363,-7.829,-1473.261
nav,1700000487.800,-44.114,-7.850,-1473.993
nav,1700000487.900,-43.791,-7.670,-1472.828
nav,1700000488.000,-43.118,-7.835,-1474.189
nav,1700000488.100,-42.914,-8.509,-1473.440
nav,1700000488.200,-43.728,-8.215,-1473.259
nav,1700000488.300,-43.278,-7.743,-1474.082
nav,1700000488.400,-43.287,-8.385,-1473.806
nav,1700000488.500,-43.059,-7.078,-1473.869
nav,1700000488.600,-43.863,-7.302,-1473.548
nav,1700000488.700,-42.666,-8.219,-1474.278
nav,1700000488.800,-41.431,-7.974,-1474.706
nav,1700000488.900,-42.036,-7.397,-1473.791
nav,1700000489.000,-42.451,-8.496,-1474.360
nav,1700000489.100,-41.039,-8.036,-1474.773
nav,1700000489.200,-41.408,-7.929,-1474.191
nav,1700000489.300,-41.910,-8.532,-1473.455
nav,1700000489.400,-41.076,-7.761,-1473.908
nav,1700000489.500,-40.836,-8.234,-1474.165
nav,1700000489.600,-40.218,-7.293,-1474.705
nav,1700000489.700,-40.704,-7.580,-1473.185
nav,1700000489.800,-39.509,-8.398,-1473.520
nav,1700000489.900,-40.171,-7.478,-1473.795
nav,1700000490.000,-40.632,-7.725,-1473.718
nav,1700000490.100,-39.810,-8.123,-1475.038
nav,1700000490.200,-39.258,-7.896,-1474.745
nav,1700000490.300,-39.563,-7.923,-1474.594
nav,1700000490.400,-39.199,-8.875,-1473.672
nav,1700000490.500,-38.992,-8.550,-1475.607
nav,1700000490.600,-38.285,-7.721,-1474.303
nav,1700000490.700,-38.168,-7.570,-1474.342
nav,1700000490.800,-38.527,-8.209,-1474.260
nav,1700000490.900,-37.501,-8.051,-1473.763
nav,1700000491.000,-37.813,-7.810,-1473.330
nav,1700000491.100,-36.974,-7.161,-1474.962
nav,1700000491.200,-36.504,-8.041,-1474.708
nav,1700000491.300,-38.480,-7.837,-1475.166
nav,1700000491.400,-36.996,-8.581,-1473.756
nav,1700000491.500,-36.724,-6.860,-1475.197
nav,1700000491.600,-36.025,-8.901,-1474.612
nav,1700000491.700,-36.916,-8.224,-1475.004
nav,1700000491.800,-36.857,-8.630,-1474.998
nav,1700000491.900,-36.142,-7.418,-1474.659
nav,1700000492.000,-35.417,-8.739,-1475.053
nav,1700000492.100,-35.444,-7.828,-1475.297
nav,1700000492.200,-35.133,-8.266,-1475.285
nav,1700000492.300,-35.157,-7.997,-1475.188
nav,1700000492.400,-35.478,-8.535,-1475.154
nav,1700000492.500,-34.450,-7.878,-1474.506
nav,1700000492.600,-34.542,-8.306,-1475.840
nav,1700000492.700,-35.063,-8.336,-1475.419
nav,1700000492.800,-33.909,-7.515,-1473.968
nav,1700000492.900,-34.582,-7.201,-1474.308
nav,1700000493.000,-34.116,-7.763,-1474.513
nav,1700000493.100,-33.829,-8.068,-1475.476
nav,1700000493.200,-34.780,-7.965,-1475.546
nav,1700000493.300,-33.938,-7.789,-1475.946
nav,1700000493.400,-32.797,-7.758,-1475.450
nav,1700000493.500,-33.032,-8.595,-1474.903
nav,1700000493.600,-32.706,-7.869,-1475.056
nav,1700000493.700,-32.921,-8.760,-1474.857
nav,1700000493.800,-32.056,-8.268,-1475.160
nav,1700000493.900,-31.571,-7.431,-1475.676
nav,1700000494.000,-32.744,-8.659,-1475.578
nav,1700000494.100,-31.069,-8.364,-1475.749
nav,1700000494.200,-31.908,-8.266,-1475.484
nav,1700000494.300,-32.040,-7.458,-1475.579
nav,1700000494.400,-29.960,-8.587,-1474.740
nav,1700000494.500,-30.304,-8.206,-1475.761
nav,1700000494.600,-31.261,-8.455,-1475.592
nav,1700000494.700,-30.590,-8.801,-1474.473
nav,1700000494.800,-30.530,-7.967,-1475.960
nav,1700000494.900,-30.334,-8.179,-1475.677
nav,1700000495.000,-30.007,-7.598,-1475.589
nav,1700000495.100,-29.448,-8.005,-1475.615
nav,1700000495.200,-29.721,-7.498,-1475.597
nav,1700000495.300,-29.479,-8.094,-1475.840
nav,1700000495.400,-29.185,-8.028,-1476.092
nav,1700000495.500,-28.618,-7.586,-1474.948
nav,1700000495.600,-29.102,-7.667,-1476.822
nav,1700000495.700,-28.185,-8.728,-1476.387
nav,1700000495.800,-28.234,-8.311,-1476.301
nav,1700000495.900,-28.442,-7.635,-1476.415
nav,1700000496.000,-28.027,-8.189,-1475.566
nav,1700000496.100,-27.376,-8.918,-1475.480
nav,1700000496.200,-27.905,-7.882,-1476.499
nav,1700000496.300,-27.214,-6.724,-1475.993
nav,1700000496.400,-27.430,-8.116,-1476.817
nav,1700000496.500,-26.276,-7.844,-1476.634
nav,1700000496.600,-27.308,-7.992,-1475.670
nav,1700000496.700,-27.175,-7.443,-1476.208
nav,1700000496.800,-26.865,-8.234,-1475.314
nav,1700000496.900,-26.894,-8.366,-1475.738
nav,1700000497.000,-25.892,-8.396,-1475.758
nav,1700000497.100,-25.294,-7.834,-1476.573
nav,1700000497.200,-25.829,-7.858,-1476.949
nav,1700000497.300,-24.736,-7.150,-1476.437
nav,1700000497.400,-25.022,-7.407,-1475.367
nav,1700000497.500,-24.222,-8.868,-1476.528
nav,1700000497.600,-24.550,-8.247,-1475.504
nav,1700000497.700,-23.785,-8.408,-1476.502
nav,1700000497.800,-24.775,-8.098,-1476.559
nav,1700000497.900,-23.723,-8.444,-1477.780
nav,1700000498.000,-24.802,-8.514,-1476.825
nav,1700000498.100,-23.706,-8.540,-1477.128
nav,1700000498.200,-24.065,-8.558,-1476.825
nav,1700000498.300,-23.699,-7.655,-1477.068
nav,1700000498.400,-23.379,-8.273,-1476.193
nav,1700000498.500,-23.077,-7.475,-1477.199
nav,1700000498.600,-22.825,-8.288,-1477.260
nav,1700000498.700,-22.634,-7.134,-1477.099
nav,1700000498.800,-22.464,-8.656,-1477.426
nav,1700000498.900,-22.594,-8.225,-1476.924
nav,1700000499.000,-22.113,-8.824,-1477.059
nav,1700000499.100,-21.549,-8.679,-1476.948
nav,1700000499.200,-21.454,-8.391,-1476.624
nav,1700000499.300,-22.161,-7.556,-1476.636
nav,1700000499.400,-21.172,-7.438,-1477.007
nav,1700000499.500,-21.309,-7.314,-1475.946
nav,1700000499.600,-21.147,-8.057,-1476.368
nav,1700000499.700,-20.639,-7.703,-1476.524
nav,1700000499.800,-20.681,-7.790,-1476.941
nav,1700000499.900,-20.808,-8.495,-1477.288
nav,1700000500.000,-19.536,-7.519,-1476.611
nav,1700000500.100,-19.580,-7.794,-1476.870
nav,1700000500.200,-19.396,-7.762,-1477.735
nav,1700000500.300,-19.795,-8.514,-1476.502
nav,1700000500.400,-18.373,-9.085,-1476.297
nav,1700000500.500,-18.957,-7.494,-1476.849
nav,1700000500.600,-18.080,-7.895,-1477.807
nav,1700000500.700,-18.653,-7.742,-1477.256
nav,1700000500.800,-18.071,-8.033,-1477.469
nav,1700000500.900,-18.743,-8.196,-1477.092
nav,1700000501.000,-18.980,-8.390,-1478.215
nav,1700000501.100,-18.109,-7.401,-1477.833
nav,1700000501.200,-17.248,-6.576,-1476.535
nav,1700000501.300,-17.333,-7.571,-1477.969
nav,1700000501.400,-17.987,-7.986,-1477.108
nav,1700000501.500,-16.453,-8.284,-1477.233
nav,1700000501.600,-16.720,-8.066,-1477.388
nav,1700000501.700,-17.027,-7.860,-1477.276
nav,1700000501.800,-16.620,-7.667,-1476.882
nav,1700000501.900,-15.861,-8.521,-1477.368
nav,1700000502.000,-16.456,-7.952,-1477.893
nav,1700000502.100,-15.161,-7.608,-1476.885
nav,1700000502.200,-15.074,-8.135,-1477.696
nav,1700000502.300,-14.529,-8.083,-1478.182
nav,1700000502.400,-14.696,-7.928,-1476.773
nav,1700000502.500,-14.879,-8.010,-1476.785
nav,1700000502.600,-15.569,-8.293,-1478.013
nav,1700000502.700,-15.698,-7.563,-1477.869
nav,1700000502.800,-13.947,-7.805,-1477.308
nav,1700000502.900,-14.428,-8.382,-1477.588
nav,1700000503.000,-13.540,-8.025,-1478.004
nav,1700000503.100,-14.400,-7.898,-1477.951
nav,1700000503.200,-13.636,-8.119,-1477.917
nav,1700000503.300,-13.253,-7.723,-1476.733
nav,1700000503.400,-12.821,-7.203,-1478.146
nav,1700000503.500,-13.800,-8.007,-1477.328
nav,1700000503.600,-12.449,-7.394,-1479.046
nav,1700000503.700,-11.974,-7.832,-1478.570
nav,1700000503.800,-12.038,-7.915,-1477.628
nav,1700000503.900,-11.700,-7.785,-1478.575
nav,1700000504.000,-12.072,-8.809,-1477.534
nav,1700000504.100,-11.101,-8.621,-1478.214
nav,1700000504.200,-12.041,-8.227,-1477.692
nav,1700000504.300,-11.622,-7.674,-1477.386
nav,1700000504.400,-10.649,-8.559,-1477.245
nav,1700000504.500,-10.267,-7.224,-1478.037
nav,1700000504.600,-11.176,-8.492,-1478.528
nav,1700000504.700,-10.594,-7.576,-1477.344
nav,1700000504.800,-10.643,-8.019,-1478.068
nav,1700000504.900,-10.518,-7.632,-1477.854
nav,1700000505.000,-9.929,-7.821,-1477.747
nav,1700000505.100,-9.497,-8.419,-1477.626
nav,1700000505.200,-9.472,-8.217,-1477.976
nav,1700000505.300,-9.228,-7.459,-1478.635
nav,1700000505.400,-8.538,-7.988,-1478.384
nav,1700000505.500,-9.268,-8.501,-1479.020
nav,1700000505.600,-8.461,-7.010,-1478.977
nav,1700000505.700,-9.075,-7.624,-1478.210
nav,1700000505.800,-7.983,-8.051,-1478.496
nav,1700000505.900,-8.313,-9.191,-1478.795
nav,1700000506.000,-7.526,-7.404,-1477.539
nav,1700000506.100,-7.580,-9.128,-1478.578
nav,1700000506.200,-6.938,-7.188,-1477.597
nav,1700000506.300,-7.518,-8.653,-1478.317
nav,1700000506.400,-7.193,-7.217,-1478.200
nav,1700000506.500,-6.992,-7.963,-1478.132
nav,1700000506.600,-6.487,-8.362,-1478.879
nav,1700000506.700,-5.915,-8.821,-1477.549
nav,1700000506.800,-7.355,-8.292,-1477.899
nav,1700000506.900,-6.200,-8.658,-1478.189
nav,1700000507.000,-5.966,-8.108,-1478.732
nav,1700000507.100,-5.817,-8.291,-1477.220
nav,1700000507.200,-5.720,-8.187,-1478.725
nav,1700000507.300,-4.512,-8.820,-1478.292
nav,1700000507.400,-5.320,-8.712,-1478.898
nav,1700000507.500,-4.842,-8.432,-1478.376
nav,1700000507.600,-3.935,-7.915,-1479.249
nav,1700000507.700,-5.023,-8.143,-1478.715
nav,1700000507.800,-4.324,-7.844,-1477.691
nav,1700000507.900,-4.202,-8.576,-1477.995
nav,1700000508.000,-3.368,-7.884,-1478.712
nav,1700000508.100,-3.489,-8.106,-1479.633
nav,1700000508.200,-3.318,-7.554,-1477.901
nav,1700000508.300,-3.765,-7.887,-1478.514
nav,1700000508.400,-3.157,-7.943,-1478.635
nav,1700000508.500,-2.894,-7.630,-1478.060
nav,1700000508.600,-3.178,-8.086,-1478.897
nav,1700000508.700,-2.883,-8.808,-1478.689
nav,1700000508.800,-2.160,-8.078,-1478.722
nav,1700000508.900,-1.991,-7.294,-1478.943
nav,1700000509.000,-2.586,-8.045,-1477.807
nav,1700000509.100,-2.380,-7.675,-1478.185
nav,1700000509.200,-2.783,-7.795,-1478.478
nav,1700000509.300,-1.534,-8.323,-1479.090
nav,1700000509.400,-1.364,-8.151,-1479.055
nav,1700000509.500,-1.172,-7.405,-1479.432
nav,1700000509.600,-1.675,-7.397,-1478.936
nav,1700000509.700,-0.794,-8.056,-1478.750
nav,1700000509.800,-0.662,-7.747,-1479.351
nav,1700000509.900,-0.351,-9.107,-1478.298
nav,1700000510.000,-0.088,-7.665,-1478.660
nav,1700000510.100,0.475,-8.004,-1478.719
nav,1700000510.200,-0.081,-8.586,-1478.978
nav,1700000510.300,0.260,-7.287,-1478.754
nav,1700000510.400,0.442,-8.136,-1478.890
nav,1700000510.500,0.966,-7.864,-1478.936
nav,1700000510.600,0.505,-9.075,-1479.171
nav,1700000510.700,1.680,-8.181,-1478.380
nav,1700000510.800,1.577,-7.321,-1478.436
nav,1700000510.900,2.326,-8.602,-1479.017
nav,1700000511.000,2.611,-7.864,-1478.763
nav,1700000511.100,1.506,-7.041,-1479.449
nav,1700000511.200,1.403,-8.176,-1480.290
nav,1700000511.300,2.057,-6.721,-1479.270
nav,1700000511.400,2.086,-7.987,-1479.542
nav,1700000511.500,3.432,-8.445,-1478.971
nav,1700000511.600,2.626,-6.700,-1478.868
nav,1700000511.700,3.327,-8.146,-1479.410
nav,1700000511.800,3.220,-8.394,-1478.306
nav,1700000511.900,3.524,-9.065,-1479.741
nav,1700000512.000,4.464,-8.126,-1479.238
nav,1700000512.100,4.785,-8.389,-1478.868
nav,1700000512.200,4.066,-7.712,-1479.392
nav,1700000512.300,4.479,-7.590,-1478.835
nav,1700000512.400,4.717,-8.236,-1478.422
nav,1700000512.500,5.295,-8.196,-1479.560
nav,1700000512.600,5.712,-7.942,-1479.327
nav,1700000512.700,5.457,-7.831,-1479.286
nav,1700000512.800,6.202,-7.370,-1479.004
nav,1700000512.900,6.487,-7.996,-1478.936
nav,1700000513.000,6.502,-7.490,-1478.835
nav,1700000513.100,6.516,-7.021,-1479.575
nav,1700000513.200,6.322,-8.107,-1479.500
nav,1700000513.300,5.606,-7.313,-1479.841
nav,1700000513.400,6.885,-8.711,-1479.029
nav,1700000513.500,6.607,-8.568,-1479.253
nav,1700000513.600,6.850,-8.287,-1479.276
nav,1700000513.700,7.800,-8.409,-1479.868
nav,1700000513.800,7.612,-7.730,-1478.652
nav,1700000513.900,7.264,-8.159,-1478.807
nav,1700000514.000,8.987,-8.497,-1479.775
nav,1700000514.100,8.391,-8.289,-1479.796
nav,1700000514.200,8.522,-7.225,-1480.082
nav,1700000514.300,9.349,-8.287,-1479.264
nav,1700000514.400,9.595,-7.837,-1479.597
nav,1700000514.500,9.359,-8.087,-1479.197
nav,1700000514.600,9.098,-7.569,-1480.165
nav,1700000514.700,8.893,-8.704,-1479.507
nav,1700000514.800,8.835,-8.346,-1480.042
nav,1700000514.900,10.540,-8.495,-1480.142
nav,1700000515.000,10.124,-7.157,-1479.566
nav,1700000515.100,10.181,-7.355,-1479.079
nav,1700000515.200,10.613,-8.291,-1479.300
nav,1700000515.300,9.920,-8.312,-1478.822
nav,1700000515.400,11.451,-7.781,-1480.511
nav,1700000515.500,10.396,-8.340,-1479.642
nav,1700000515.600,10.575,-8.123,-1478.682
nav,1700000515.700,11.600,-7.891,-1480.083
nav,1700000515.800,10.781,-8.614,-1480.423
nav,1700000515.900,11.838,-7.808,-1480.075
nav,1700000516.000,12.074,-7.266,-1478.623
nav,1700000516.100,12.585,-8.087,-1479.241
nav,1700000516.200,13.076,-9.004,-1478.878
nav,1700000516.300,12.328,-8.267,-1479.805
nav,1700000516.400,12.960,-8.556,-1479.778
nav,1700000516.500,13.263,-7.891,-1479.454
nav,1700000516.600,13.038,-7.653,-1479.124
nav,1700000516.700,13.898,-7.786,-1479.191
nav,1700000516.800,14.036,-6.662,-1479.060
nav,1700000516.900,13.756,-8.456,-1479.808
nav,1700000517.000,13.834,-7.744,-1480.035
nav,1700000517.100,14.796,-8.695,-1480.509
nav,1700000517.200,14.332,-8.421,-1480.330
nav,1700000517.300,14.281,-8.381,-1479.703
nav,1700000517.400,14.490,-8.270,-1479.718
nav,1700000517.500,15.507,-7.265,-1479.649
nav,1700000517.600,15.313,-8.092,-1479.490
nav,1700000517.700,15.595,-7.337,-1480.682
nav,1700000517.800,15.483,-7.830,-1479.758
nav,1700000517.900,15.330,-8.650,-1479.349
nav,1700000518.000,15.622,-8.877,-1479.330
nav,1700000518.100,16.429,-8.058,-1480.223
nav,1700000518.200,16.343,-7.392,-1480.580
nav,1700000518.300,15.818,-8.314,-1479.792
nav,1700000518.400,16.552,-7.679,-1479.241
nav,1700000518.500,17.139,-7.720,-1479.656
nav,1700000518.600,17.205,-8.647,-1480.312
nav,1700000518.700,16.725,-8.074,-1479.688
nav,1700000518.800,16.875,-7.964,-1480.248
nav,1700000518.900,17.265,-8.313,-1480.377
nav,1700000519.000,18.303,-8.084,-1479.415
nav,1700000519.100,17.978,-8.203,-1478.892
nav,1700000519.200,17.588,-7.358,-1479.007
nav,1700000519.300,18.983,-8.165,-1479.126
nav,1700000519.400,18.639,-8.353,-1480.040
nav,1700000519.500,18.715,-8.473,-1479.296
nav,1700000519.600,18.813,-8.015,-1480.578
nav,1700000519.700,19.415,-8.578,-1480.452
nav,1700000519.800,19.545,-7.472,-1479.646
nav,1700000519.900,20.055,-8.065,-1480.040
nav,1700000520.000,20.396,-8.282,-1479.460
nav,1700000520.100,20.818,-8.421,-1480.229
nav,1700000520.200,20.127,-8.733,-1480.121
nav,1700000520.300,21.251,-8.523,-1479.228
nav,1700000520.400,20.583,-6.943,-1480.237
nav,1700000520.500,20.928,-8.455,-1480.244
nav,1700000520.600,21.869,-7.763,-1479.390
nav,1700000520.700,20.742,-7.673,-1480.395
nav,1700000520.800,20.931,-7.881,-1479.799
nav,1700000520.900,21.827,-7.641,-1479.480
nav,1700000521.000,22.735,-8.595,-1479.170
nav,1700000521.100,23.141,-8.183,-1480.759
nav,1700000521.200,21.708,-8.231,-1478.922
nav,1700000521.300,22.609,-8.309,-1480.275
nav,1700000521.400,22.139,-7.563,-1479.982
nav,1700000521.500,24.050,-7.686,-1479.525
nav,1700000521.600,23.079,-8.546,-1480.380
nav,1700000521.700,22.715,-7.545,-1480.139
nav,1700000521.800,24.076,-7.932,-1480.096
nav,1700000521.900,23.215,-7.849,-1480.062
nav,1700000522.000,24.451,-8.358,-1479.648
nav,1700000522.100,25.020,-7.864,-1479.566
nav,1700000522.200,24.686,-7.051,-1479.776
nav,1700000522.300,24.950,-8.018,-1480.351
nav,1700000522.400,24.196,-7.367,-1480.471
nav,1700000522.500,25.373,-7.792,-1479.510
nav,1700000522.600,24.943,-8.395,-1479.782
nav,1700000522.700,25.254,-8.616,-1479.005
nav,1700000522.800,25.204,-8.497,-1480.097
nav,1700000522.900,26.426,-9.083,-1479.393
nav,1700000523.000,25.544,-7.868,-1480.318
nav,1700000523.100,27.196,-7.938,-1480.336
nav,1700000523.200,26.249,-7.955,-1479.895
nav,1700000523.300,26.819,-8.001,-1480.674
nav,1700000523.400,26.630,-7.697,-1480.322
nav,1700000523.500,27.336,-7.984,-1480.098
nav,1700000523.600,27.797,-8.869,-1480.328
nav,1700000523.700,28.016,-7.085,-1478.849
nav,1700000523.800,27.625,-7.771,-1479.584
nav,1700000523.900,28.438,-7.843,-1479.531
nav,1700000524.000,28.230,-7.739,-1480.454
nav,1700000524.100,28.035,-8.261,-1480.590
nav,1700000524.200,27.574,-8.212,-1480.129
nav,1700000524.300,28.653,-7.722,-1479.904
nav,1700000524.400,28.672,-8.458,-1479.560
nav,1700000524.500,28.949,-8.217,-1480.092
nav,1700000524.600,28.834,-8.265,-1480.280
nav,1700000524.700,29.256,-7.672,-1479.796
nav,1700000524.800,30.373,-7.394,-1479.022
nav,1700000524.900,30.080,-7.728,-1480.244
nav,1700000525.000,30.413,-8.328,-1480.735
nav,1700000525.100,30.963,-8.625,-1479.781
nav,1700000525.200,29.960,-7.437,-1479.368
nav,1700000525.300,30.865,-7.377,-1479.996
nav,1700000525.400,31.917,-7.627,-1480.449
nav,1700000525.500,31.035,-8.076,-1480.124
nav,1700000525.600,30.371,-7.807,-1480.691
nav,1700000525.700,30.137,-8.172,-1480.376
nav,1700000525.800,31.169,-9.552,-1480.422
nav,1700000525.900,31.713,-8.317,-1479.802
nav,1700000526.000,32.696,-7.742,-1479.482
nav,1700000526.100,32.755,-8.509,-1479.774
nav,1700000526.200,32.898,-8.218,-1480.388
nav,1700000526.300,32.865,-8.741,-1480.536
nav,1700000526.400,32.467,-7.775,-1479.881
nav,1700000526.500,33.516,-8.461,-1480.477
nav,1700000526.600,33.462,-8.399,-1480.289
nav,1700000526.700,32.472,-7.855,-1479.215
nav,1700000526.800,33.085,-7.489,-1480.014
nav,1700000526.900,32.917,-8.447,-1480.460
nav,1700000527.000,33.842,-7.790,-1479.056
nav,1700000527.100,33.484,-8.242,-1480.426
nav,1700000527.200,33.766,-7.952,-1479.975
nav,1700000527.300,33.693,-7.991,-1480.577
nav,1700000527.400,34.806,-7.365,-1479.740
nav,1700000527.500,35.089,-8.264,-1479.936
nav,1700000527.600,35.482,-7.768,-1480.016
nav,1700000527.700,35.509,-8.658,-1480.331
nav,1700000527.800,35.954,-7.579,-1479.915
nav,1700000527.900,36.539,-7.746,-1480.075
nav,1700000528.000,35.390,-7.281,-1479.570
nav,1700000528.100,37.099,-6.917,-1480.596
nav,1700000528.200,35.758,-9.432,-1479.490
nav,1700000528.300,36.928,-7.951,-1480.559
nav,1700000528.400,36.755,-7.908,-1479.552
nav,1700000528.500,37.136,-7.668,-1480.002
nav,1700000528.600,37.791,-7.684,-1480.530
nav,1700000528.700,38.095,-7.387,-1479.700
nav,1700000528.800,37.740,-7.171,-1480.745
nav,1700000528.900,38.421,-8.238,-1479.377
nav,1700000529.000,38.060,-8.621,-1480.169
nav,1700000529.100,38.711,-8.105,-1480.228
nav,1700000529.200,38.086,-7.679,-1479.038
nav,1700000529.300,37.530,-6.600,-1479.807
nav,1700000529.400,39.090,-8.218,-1479.906
nav,1700000529.500,39.096,-8.525,-1480.303
nav,1700000529.600,39.792,-8.776,-1479.675
nav,1700000529.700,39.215,-8.480,-1478.905
nav,1700000529.800,39.123,-8.565,-1479.980
nav,1700000529.900,39.416,-7.997,-1479.804
nav,1700000530.000,40.117,-8.062,-1480.228
nav,1700000530.100,40.522,-8.056,-1480.120
nav,1700000530.200,41.140,-8.061,-1479.321
nav,1700000530.300,41.213,-7.356,-1479.516
nav,1700000530.400,40.800,-8.032,-1479.978
nav,1700000530.500,39.917,-7.641,-1479.729
nav,1700000530.600,41.613,-8.059,-1479.513
nav,1700000530.700,40.711,-8.585,-1481.078
nav,1700000530.800,41.533,-8.386,-1480.286
nav,1700000530.900,41.967,-8.213,-1480.545
nav,1700000531.000,43.272,-8.019,-1480.364
nav,1700000531.100,41.865,-8.087,-1479.904
nav,1700000531.200,43.051,-8.040,-1478.883
nav,1700000531.300,42.384,-7.787,-1479.293
nav,1700000531.400,43.398,-7.344,-1479.934
nav,1700000531.500,42.997,-9.240,-1479.890
nav,1700000531.600,43.746,-7.552,-1479.829
nav,1700000531.700,44.250,-8.192,-1480.137
nav,1700000531.800,43.366,-8.561,-1479.461
nav,1700000531.900,43.944,-7.695,-1479.973
nav,1700000532.000,43.971,-9.089,-1479.571
nav,1700000532.100,44.249,-8.550,-1479.804
nav,1700000532.200,44.271,-7.118,-1480.275
nav,1700000532.300,44.766,-8.545,-1480.016
nav,1700000532.400,44.938,-8.106,-1479.733
nav,1700000532.500,45.166,-8.247,-1479.281
nav,1700000532.600,45.047,-8.049,-1479.535
nav,1700000532.700,45.514,-7.678,-1479.550
nav,1700000532.800,45.835,-8.163,-1480.235
nav,1700000532.900,45.086,-8.835,-1478.811
nav,1700000533.000,44.894,-7.403,-1480.095
nav,1700000533.100,46.793,-9.101,-1479.795
nav,1700000533.200,47.127,-7.643,-1479.838
nav,1700000533.300,45.629,-8.661,-1478.966
nav,1700000533.400,46.626,-8.036,-1479.511
nav,1700000533.500,46.349,-7.796,-1479.854
nav,1700000533.600,47.347,-8.289,-1480.423
nav,1700000533.700,47.186,-7.680,-1479.430
nav,1700000533.800,47.615,-7.551,-1479.721
nav,1700000533.900,47.828,-8.240,-1479.132
nav,1700000534.000,48.146,-8.278,-1480.346
nav,1700000534.100,48.752,-8.372,-1479.557
nav,1700000534.200,49.576,-7.599,-1478.778
nav,1700000534.300,48.331,-7.465,-1479.561
nav,1700000534.400,48.983,-6.990,-1479.705
nav,1700000534.500,49.010,-8.452,-1479.112
nav,1700000534.600,48.920,-7.489,-1480.372
nav,1700000534.700,49.674,-8.322,-1479.172
nav,1700000534.800,49.593,-8.268,-1479.721
nav,1700000534.900,49.375,-7.581,-1480.042
nav,1700000535.000,49.866,-7.827,-1478.702
nav,1700000535.100,50.195,-8.121,-1479.362
nav,1700000535.200,49.363,-8.599,-1479.676
nav,1700000535.300,50.244,-8.800,-1479.050
nav,1700000535.400,50.930,-7.930,-1479.815
nav,1700000535.500,51.040,-7.743,-1479.591
nav,1700000535.600,51.422,-8.398,-1479.399
nav,1700000535.700,51.971,-7.384,-1478.774
nav,1700000535.800,51.743,-7.984,-1479.651
nav,1700000535.900,50.896,-8.672,-1479.500
nav,1700000536.000,51.946,-7.294,-1478.748
nav,1700000536.100,51.857,-7.591,-1479.633
nav,1700000536.200,52.741,-7.597,-1478.763
nav,1700000536.300,52.354,-7.493,-1480.309
nav,1700000536.400,53.448,-8.013,-1479.364
nav,1700000536.500,51.981,-8.194,-1478.673
nav,1700000536.600,52.987,-7.643,-1479.322
nav,1700000536.700,53.931,-7.904,-1479.794
nav,1700000536.800,53.628,-7.199,-1479.068
nav,1700000536.900,53.742,-6.872,-1478.725
nav,1700000537.000,54.408,-7.841,-1478.928
nav,1700000537.100,54.581,-9.091,-1479.084
nav,1700000537.200,54.320,-8.250,-1479.367
nav,1700000537.300,53.822,-8.902,-1478.634
nav,1700000537.400,55.031,-9.207,-1479.534
nav,1700000537.500,55.440,-8.140,-1478.611
nav,1700000537.600,55.725,-8.678,-1479.293
nav,1700000537.700,55.176,-8.695,-1479.936
nav,1700000537.800,55.197,-8.320,-1479.055
nav,1700000537.900,56.322,-7.743,-1478.809
nav,1700000538.000,55.867,-7.698,-1479.245
nav,1700000538.100,55.979,-7.051,-1480.324
nav,1700000538.200,55.463,-7.809,-1479.278
nav,1700000538.300,55.882,-8.527,-1479.595
nav,1700000538.400,57.246,-7.394,-1478.300
nav,1700000538.500,56.205,-8.684,-1479.824
nav,1700000538.600,57.844,-7.791,-1479.053
nav,1700000538.700,57.515,-8.028,-1479.641
nav,1700000538.800,57.857,-8.093,-1479.667
nav,1700000538.900,58.087,-8.213,-1478.940
nav,1700000539.000,57.938,-7.554,-1478.930
nav,1700000539.100,57.758,-7.839,-1478.849
nav,1700000539.200,58.656,-7.482,-1479.320
nav,1700000539.300,58.934,-8.862,-1479.058
nav,1700000539.400,58.663,-7.276,-1479.063
nav,1700000539.500,59.304,-8.881,-1479.146
nav,1700000539.600,58.777,-6.762,-1479.290
nav,1700000539.700,59.437,-7.937,-1479.737
nav,1700000539.800,59.337,-7.798,-1478.885
nav,1700000539.900,58.650,-8.283,-1478.403
nav,1700000540.000,60.294,-7.391,-1479.392
nav,1700000540.100,60.440,-8.022,-1478.088
nav,1700000540.200,59.602,-9.024,-1478.445
nav,1700000540.300,59.178,-8.188,-1479.581
nav,1700000540.400,60.011,-8.261,-1478.052
nav,1700000540.500,58.784,-8.464,-1478.165
nav,1700000540.600,58.763,-8.032,-1479.451
nav,1700000540.700,58.371,-7.786,-1479.444
nav,1700000540.800,58.130,-8.210,-1478.746
nav,1700000540.900,58.940,-8.150,-1479.109
nav,1700000541.000,59.373,-8.217,-1478.844
nav,1700000541.100,57.621,-8.138,-1478.694
nav,1700000541.200,58.060,-7.798,-1478.179
nav,1700000541.300,57.922,-7.896,-1478.513
nav,1700000541.400,57.754,-8.556,-1477.437
nav,1700000541.500,56.744,-8.175,-1479.276
nav,1700000541.600,56.209,-7.513,-1477.519
nav,1700000541.700,56.316,-7.826,-1478.528
nav,1700000541.800,56.900,-6.891,-1477.861
nav,1700000541.900,56.081,-7.736,-1478.291
nav,1700000542.000,55.990,-8.548,-1478.988
nav,1700000542.100,56.374,-7.374,-1478.676
nav,1700000542.200,55.731,-7.401,-1479.408
nav,1700000542.300,55.177,-6.991,-1478.389
nav,1700000542.400,54.635,-7.941,-1478.012
nav,1700000542.500,53.727,-7.912,-1478.692
nav,1700000542.600,53.979,-7.959,-1478.557
nav,1700000542.700,54.588,-8.174,-1478.982
nav,1700000542.800,53.673,-8.345,-1478.025
nav,1700000542.900,54.317,-8.035,-1478.957
nav,1700000543.000,53.813,-7.631,-1478.168
nav,1700000543.100,53.561,-9.306,-1478.740
nav,1700000543.200,53.359,-8.454,-1478.592
nav,1700000543.300,53.808,-8.019,-1477.873
nav,1700000543.400,52.446,-8.153,-1479.319
nav,1700000543.500,52.787,-8.523,-1477.691
nav,1700000543.600,53.005,-7.493,-1478.529
nav,1700000543.700,52.090,-8.526,-1478.164
nav,1700000543.800,53.305,-7.794,-1478.466
nav,1700000543.900,52.106,-8.016,-1477.247
nav,1700000544.000,52.617,-7.870,-1478.187
nav,1700000544.100,51.950,-7.753,-1478.430
nav,1700000544.200,51.178,-7.484,-1478.194
nav,1700000544.300,51.874,-7.177,-1477.926
nav,1700000544.400,51.379,-6.400,-1478.065
nav,1700000544.500,50.455,-8.141,-1477.374
nav,1700000544.600,50.153,-8.376,-1477.578
nav,1700000544.700,50.464,-8.055,-1477.575
nav,1700000544.800,50.042,-8.734,-1478.787
nav,1700000544.900,50.491,-7.870,-1478.420
nav,1700000545.000,49.421,-8.135,-1477.497
nav,1700000545.100,49.382,-8.331,-1478.631
nav,1700000545.200,49.416,-7.831,-1476.959
nav,1700000545.300,49.509,-8.027,-1477.565
nav,1700000545.400,49.548,-8.289,-1476.826
nav,1700000545.500,48.988,-7.882,-1477.682
nav,1700000545.600,48.973,-7.237,-1478.233
nav,1700000545.700,48.992,-7.918,-1477.427
nav,1700000545.800,48.293,-8.175,-1477.533
nav,1700000545.900,48.379,-8.410,-1477.206
nav,1700000546.000,48.366,-8.037,-1478.093
nav,1700000546.100,47.982,-7.670,-1478.636
nav,1700000546.200,47.788,-7.674,-1478.995
nav,1700000546.300,47.498,-7.653,-1477.508
nav,1700000546.400,47.601,-8.164,-1478.298
nav,1700000546.500,46.100,-7.454,-1477.406
nav,1700000546.600,47.384,-8.363,-1477.335
nav,1700000546.700,45.849,-8.435,-1477.653
nav,1700000546.800,46.732,-7.160,-1477.815
nav,1700000546.900,45.767,-8.459,-1478.018
nav,1700000547.000,47.111,-7.622,-1477.097
nav,1700000547.100,45.681,-8.001,-1477.283
nav,1700000547.200,45.347,-8.146,-1477.949
nav,1700000547.300,45.176,-7.976,-1478.001
nav,1700000547.400,45.343,-7.858,-1477.659
nav,1700000547.500,44.586,-7.948,-1477.800
nav,1700000547.600,44.823,-7.451,-1478.153
nav,1700000547.700,45.687,-8.036,-1477.299
nav,1700000547.800,44.024,-7.429,-1477.546
nav,1700000547.900,44.003,-8.288,-1477.596
nav,1700000548.000,44.209,-7.914,-1477.460
nav,1700000548.100,43.444,-8.385,-1477.648
nav,1700000548.200,43.830,-7.669,-1476.997
nav,1700000548.300,43.399,-7.808,-1477.458
nav,1700000548.400,42.329,-8.108,-1477.539
nav,1700000548.500,42.480,-8.284,-1477.262
nav,1700000548.600,42.233,-8.355,-1476.533
nav,1700000548.700,41.799,-8.092,-1477.868
nav,1700000548.800,42.024,-8.099,-1477.756
nav,1700000548.900,42.487,-7.324,-1476.819
nav,1700000549.000,42.512,-8.690,-1477.338
nav,1700000549.100,42.034,-7.564,-1476.317
nav,1700000549.200,42.135,-7.552,-1475.855
nav,1700000549.300,41.448,-8.145,-1477.060
nav,1700000549.400,40.742,-7.966,-1477.989
nav,1700000549.500,40.735,-8.058,-1476.627
nav,1700000549.600,41.356,-8.482,-1476.041
nav,1700000549.700,40.674,-7.880,-1477.865
nav,1700000549.800,40.090,-7.475,-1476.948
nav,1700000549.900,40.254,-7.886,-1477.731
nav,1700000550.000,39.952,-7.296,-1476.442
nav,1700000550.100,39.737,-7.218,-1477.592
nav,1700000550.200,39.114,-7.068,-1476.649
nav,1700000550.300,39.256,-8.028,-1477.318
nav,1700000550.400,39.338,-7.901,-1476.881
nav,1700000550.500,38.420,-7.868,-1477.131
nav,1700000550.600,38.307,-7.367,-1475.758
nav,1700000550.700,39.571,-7.675,-1476.951
nav,1700000550.800,38.365,-7.797,-1477.004
nav,1700000550.900,38.859,-9.018,-1476.918
nav,1700000551.000,38.401,-8.423,-1476.866
nav,1700000551.100,38.097,-7.241,-1477.368
nav,1700000551.200,36.916,-8.473,-1477.465
nav,1700000551.300,36.667,-8.486,-1476.055
nav,1700000551.400,37.044,-7.984,-1477.125
nav,1700000551.500,37.317,-7.062,-1477.066
nav,1700000551.600,37.662,-7.818,-1476.589
nav,1700000551.700,36.800,-7.805,-1475.644
nav,1700000551.800,36.660,-7.729,-1476.758
nav,1700000551.900,36.620,-8.478,-1476.468
nav,1700000552.000,37.442,-9.252,-1476.381
nav,1700000552.100,35.936,-8.114,-1476.574
nav,1700000552.200,35.646,-8.126,-1476.336
nav,1700000552.300,35.156,-6.989,-1476.547
nav,1700000552.400,35.485,-8.335,-1475.929
nav,1700000552.500,35.367,-7.790,-1476.884
nav,1700000552.600,34.424,-7.157,-1476.726
nav,1700000552.700,34.920,-8.472,-1475.814
nav,1700000552.800,34.057,-8.482,-1476.649
nav,1700000552.900,33.923,-7.798,-1476.232
nav,1700000553.000,33.452,-8.014,-1476.812
nav,1700000553.100,34.122,-7.587,-1476.227
nav,1700000553.200,33.736,-7.124,-1476.267
nav,1700000553.300,32.928,-7.710,-1476.728
nav,1700000553.400,33.095,-8.299,-1476.487
nav,1700000553.500,32.875,-7.550,-1475.556
nav,1700000553.600,33.263,-7.832,-1476.212
nav,1700000553.700,31.421,-7.816,-1477.196
nav,1700000553.800,31.438,-8.081,-1475.897
nav,1700000553.900,31.974,-7.232,-1475.772
nav,1700000554.000,31.875,-7.307,-1475.193
nav,1700000554.100,32.056,-8.388,-1476.224
nav,1700000554.200,30.877,-8.021,-1476.447
nav,1700000554.300,31.235,-7.870,-1476.887
nav,1700000554.400,30.568,-8.253,-1475.894
nav,1700000554.500,30.753,-8.135,-1476.193
nav,1700000554.600,30.075,-8.267,-1475.920
nav,1700000554.700,30.445,-7.944,-1475.576
nav,1700000554.800,30.741,-8.317,-1476.546
nav,1700000554.900,30.836,-7.807,-1476.208
nav,1700000555.000,30.139,-7.466,-1474.838
nav,1700000555.100,29.925,-7.470,-1476.280
nav,1700000555.200,29.582,-8.168,-1475.476
nav,1700000555.300,30.206,-7.875,-1476.088
nav,1700000555.400,28.568,-7.177,-1475.335
nav,1700000555.500,29.224,-8.172,-1475.429
nav,1700000555.600,28.307,-7.806,-1476.123
nav,1700000555.700,28.420,-8.321,-1477.136
nav,1700000555.800,28.227,-8.449,-1475.584
nav,1700000555.900,28.201,-7.116,-1475.298
nav,1700000556.000,28.167,-7.752,-1474.986
nav,1700000556.100,28.027,-7.859,-1475.038
nav,1700000556.200,26.387,-6.955,-1474.570
nav,1700000556.300,27.509,-8.707,-1474.731
nav,1700000556.400,26.853,-7.733,-1475.949
nav,1700000556.500,28.113,-8.721,-1475.244
nav,1700000556.600,25.739,-8.021,-1475.462
nav,1700000556.700,27.169,-8.213,-1474.651
nav,1700000556.800,25.888,-8.141,-1475.322
nav,1700000556.900,26.448,-7.816,-1474.801
nav,1700000557.000,26.133,-7.669,-1475.582
nav,1700000557.100,25.994,-7.196,-1475.944
nav,1700000557.200,25.845,-7.662,-1474.344
nav,1700000557.300,25.763,-7.950,-1474.830
nav,1700000557.400,24.832,-8.194,-1475.683
nav,1700000557.500,25.744,-7.775,-1475.444
nav,1700000557.600,24.936,-7.420,-1474.460
nav,1700000557.700,24.136,-9.567,-1474.729
nav,1700000557.800,23.957,-7.689,-1474.421
nav,1700000557.900,24.757,-7.128,-1474.248
nav,1700000558.000,24.875,-7.310,-1474.103
nav,1700000558.100,23.780,-8.645,-1473.565
nav,1700000558.200,23.631,-7.386,-1475.051
nav,1700000558.300,23.882,-9.222,-1474.951
nav,1700000558.400,23.151,-7.769,-1474.180
nav,1700000558.500,22.453,-7.670,-1474.072
nav,1700000558.600,23.973,-7.647,-1474.885
nav,1700000558.700,21.964,-7.085,-1474.256
nav,1700000558.800,22.389,-8.810,-1475.059
nav,1700000558.900,22.516,-7.823,-1475.536
nav,1700000559.000,22.316,-8.784,-1473.855
nav,1700000559.100,21.904,-8.232,-1474.006
nav,1700000559.200,21.777,-7.338,-1474.430
nav,1700000559.300,21.469,-8.143,-1474.308
nav,1700000559.400,22.049,-8.251,-1474.085
nav,1700000559.500,20.560,-9.033,-1474.274
nav,1700000559.600,20.985,-8.055,-1475.094
nav,1700000559.700,20.752,-7.867,-1474.759
nav,1700000559.800,19.723,-8.126,-1473.957
nav,1700000559.900,20.408,-8.440,-1474.184
nav,1700000560.000,20.444,-8.586,-1474.189
nav,1700000560.100,20.470,-8.637,-1473.611
nav,1700000560.200,20.410,-8.111,-1474.329
nav,1700000560.300,19.917,-8.093,-1475.302
nav,1700000560.400,19.151,-7.765,-1473.724
nav,1700000560.500,18.560,-8.135,-1473.574
nav,1700000560.600,18.770,-8.764,-1473.411
nav,1700000560.700,18.493,-7.454,-1474.696
nav,1700000560.800,18.340,-7.745,-1474.010
nav,1700000560.900,17.608,-9.193,-1473.172
nav,1700000561.000,18.124,-7.417,-1473.437
nav,1700000561.100,18.098,-8.161,-1473.625
nav,1700000561.200,18.316,-7.958,-1472.886
nav,1700000561.300,16.650,-8.803,-1473.311
nav,1700000561.400,16.791,-6.978,-1473.104
nav,1700000561.500,17.794,-7.558,-1474.200
nav,1700000561.600,15.970,-7.252,-1474.457
nav,1700000561.700,17.392,-7.665,-1473.712
nav,1700000561.800,16.621,-7.767,-1473.743
nav,1700000561.900,16.913,-7.304,-1473.531
nav,1700000562.000,15.700,-7.347,-1474.587
nav,1700000562.100,16.022,-7.630,-1473.957
nav,1700000562.200,16.087,-8.013,-1473.782
nav,1700000562.300,15.882,-8.543,-1473.042
nav,1700000562.400,14.209,-7.857,-1473.421
nav,1700000562.500,14.730,-7.805,-1473.450
nav,1700000562.600,15.327,-7.720,-1473.150
nav,1700000562.700,14.746,-8.236,-1473.494
nav,1700000562.800,14.524,-8.087,-1472.754
nav,1700000562.900,14.247,-7.812,-1473.977
nav,1700000563.000,14.472,-8.291,-1473.764
nav,1700000563.100,14.623,-7.651,-1472.720
nav,1700000563.200,13.827,-8.047,-1473.315
nav,1700000563.300,13.790,-7.434,-1473.175
nav,1700000563.400,14.236,-8.099,-1473.804
nav,1700000563.500,12.139,-8.844,-1473.280
nav,1700000563.600,12.684,-7.659,-1473.053
nav,1700000563.700,13.022,-7.978,-1472.998
nav,1700000563.800,12.111,-7.289,-1473.737
nav,1700000563.900,12.351,-8.091,-1472.546
nav,1700000564.000,11.990,-7.996,-1473.036
nav,1700000564.100,12.497,-7.999,-1471.883
nav,1700000564.200,11.736,-7.989,-1472.906
nav,1700000564.300,11.682,-8.294,-1472.726
nav,1700000564.400,11.204,-7.837,-1472.589
nav,1700000564.500,11.201,-7.953,-1471.945
nav,1700000564.600,11.011,-6.697,-1472.670
nav,1700000564.700,11.079,-8.363,-1471.960
nav,1700000564.800,10.048,-7.772,-1472.758
nav,1700000564.900,10.426,-8.117,-1472.985
nav,1700000565.000,9.864,-7.229,-1472.322
nav,1700000565.100,9.156,-7.452,-1472.966
nav,1700000565.200,9.972,-7.723,-1472.177
nav,1700000565.300,10.327,-8.414,-1472.145
nav,1700000565.400,9.830,-8.322,-1472.788
nav,1700000565.500,8.856,-7.838,-1473.085
nav,1700000565.600,9.076,-8.704,-1471.697
nav,1700000565.700,8.857,-7.043,-1471.974
nav,1700000565.800,8.248,-8.399,-1472.154
nav,1700000565.900,8.185,-7.407,-1472.702
nav,1700000566.000,9.010,-7.363,-1472.304
nav,1700000566.100,8.699,-8.392,-1472.063
nav,1700000566.200,6.962,-7.077,-1472.954
nav,1700000566.300,6.680,-8.317,-1471.433
nav,1700000566.400,7.677,-7.939,-1471.549
nav,1700000566.500,6.942,-7.789,-1471.197
nav,1700000566.600,6.677,-8.383,-1471.752
nav,1700000566.700,6.970,-7.945,-1471.449
nav,1700000566.800,6.299,-7.936,-1471.727
nav,1700000566.900,6.344,-7.193,-1471.694
nav,1700000567.000,5.848,-7.736,-1471.338
nav,1700000567.100,6.187,-7.641,-1472.555
nav,1700000567.200,4.354,-7.362,-1471.550
nav,1700000567.300,5.389,-7.653,-1470.769
nav,1700000567.400,5.907,-7.519,-1472.140
nav,1700000567.500,4.622,-9.193,-1471.343
nav,1700000567.600,5.354,-7.405,-1471.285
nav,1700000567.700,4.523,-8.282,-1471.999
nav,1700000567.800,4.318,-8.489,-1470.672
nav,1700000567.900,3.549,-8.099,-1472.481
nav,1700000568.000,4.148,-8.001,-1471.654
nav,1700000568.100,3.334,-7.999,-1471.711
nav,1700000568.200,3.532,-7.021,-1471.316
nav,1700000568.300,3.666,-8.232,-1471.757
nav,1700000568.400,3.189,-6.748,-1471.471
nav,1700000568.500,3.181,-8.414,-1472.668
nav,1700000568.600,2.405,-6.810,-1470.955
nav,1700000568.700,3.420,-8.174,-1472.394
nav,1700000568.800,1.846,-7.801,-1471.060
nav,1700000568.900,2.195,-8.265,-1470.671
nav,1700000569.000,1.749,-7.846,-1471.006
nav,1700000569.100,1.616,-8.441,-1471.280
nav,1700000569.200,2.537,-7.444,-1470.518
nav,1700000569.300,1.007,-8.719,-1470.442
nav,1700000569.400,1.652,-7.931,-1471.138
nav,1700000569.500,0.268,-7.566,-1470.322
nav,1700000569.600,0.460,-8.381,-1470.257
nav,1700000569.700,0.279,-7.110,-1470.894
nav,1700000569.800,0.207,-7.977,-1470.995
nav,1700000569.900,0.763,-7.557,-1470.219
nav,1700000570.000,0.092,-8.228,-1470.730
nav,1700000570.100,-0.413,-7.267,-1470.186
nav,1700000570.200,-0.446,-8.463,-1469.878
nav,1700000570.300,-0.532,-8.065,-1469.836
nav,1700000570.400,-1.055,-8.159,-1470.688
nav,1700000570.500,-1.658,-7.842,-1470.915
nav,1700000570.600,-1.485,-8.352,-1470.789
nav,1700000570.700,-1.819,-7.876,-1470.535
nav,1700000570.800,-1.576,-6.823,-1470.496
nav,1700000570.900,-1.498,-7.641,-1470.411
nav,1700000571.000,-1.863,-7.990,-1470.240
nav,1700000571.100,-2.493,-8.247,-1470.294
nav,1700000571.200,-3.386,-7.252,-1469.183
nav,1700000571.300,-2.515,-7.667,-1469.684
nav,1700000571.400,-3.462,-7.536,-1470.399
nav,1700000571.500,-1.855,-8.094,-1469.693
nav,1700000571.600,-3.289,-6.902,-1470.364
nav,1700000571.700,-2.817,-7.687,-1469.867
nav,1700000571.800,-3.485,-8.334,-1471.323
nav,1700000571.900,-3.263,-8.244,-1469.406
nav,1700000572.000,-3.824,-7.400,-1469.550
nav,1700000572.100,-5.432,-7.693,-1470.084
nav,1700000572.200,-3.817,-7.704,-1469.571
nav,1700000572.300,-4.736,-8.456,-1470.050
nav,1700000572.400,-5.700,-8.295,-1470.526
nav,1700000572.500,-5.719,-7.942,-1469.487
nav,1700000572.600,-5.216,-8.249,-1470.189
nav,1700000572.700,-5.559,-8.411,-1469.707
nav,1700000572.800,-6.361,-7.649,-1469.919
nav,1700000572.900,-5.612,-7.556,-1469.432
nav,1700000573.000,-5.600,-9.033,-1469.803
nav,1700000573.100,-5.648,-7.745,-1468.592
nav,1700000573.200,-5.548,-7.850,-1469.602
nav,1700000573.300,-7.079,-8.238,-1469.641
nav,1700000573.400,-7.097,-8.459,-1469.196
nav,1700000573.500,-6.152,-7.533,-1469.518
nav,1700000573.600,-6.693,-7.827,-1469.337
nav,1700000573.700,-7.452,-8.100,-1468.951
nav,1700000573.800,-7.530,-8.364,-1469.625
nav,1700000573.900,-7.647,-7.786,-1469.352
nav,1700000574.000,-8.566,-7.375,-1468.636
nav,1700000574.100,-9.194,-7.330,-1469.220
nav,1700000574.200,-8.305,-7.431,-1468.249
nav,1700000574.300,-8.099,-7.879,-1469.722
nav,1700000574.400,-9.813,-7.561,-1468.323
nav,1700000574.500,-9.407,-8.135,-1469.232
nav,1700000574.600,-9.492,-7.463,-1468.804
nav,1700000574.700,-9.515,-6.671,-1469.589
nav,1700000574.800,-9.326,-8.524,-1468.910
nav,1700000574.900,-9.726,-7.578,-1468.921
nav,1700000575.000,-10.183,-8.140,-1469.290
nav,1700000575.100,-9.884,-7.859,-1468.492
nav,1700000575.200,-10.435,-8.096,-1468.080
nav,1700000575.300,-10.089,-7.293,-1468.441
nav,1700000575.400,-10.124,-8.208,-1468.687
nav,1700000575.500,-10.402,-7.578,-1468.691
nav,1700000575.600,-11.723,-8.102,-1468.847
nav,1700000575.700,-10.538,-7.620,-1468.846
nav,1700000575.800,-12.122,-8.389,-1468.701
nav,1700000575.900,-11.883,-7.443,-1468.864
nav,1700000576.000,-10.855,-8.472,-1469.044
nav,1700000576.100,-11.356,-7.339,-1468.389
nav,1700000576.200,-12.209,-7.797,-1468.188
nav,1700000576.300,-13.248,-9.241,-1468.638
nav,1700000576.400,-11.892,-7.072,-1468.305
nav,1700000576.500,-13.479,-7.861,-1467.913
nav,1700000576.600,-12.900,-9.264,-1466.512
nav,1700000576.700,-12.834,-8.099,-1468.408
nav,1700000576.800,-13.106,-7.752,-1467.962
nav,1700000576.900,-13.571,-8.056,-1467.765
nav,1700000577.000,-13.637,-7.828,-1467.779
nav,1700000577.100,-13.504,-8.799,-1468.281
nav,1700000577.200,-14.387,-8.365,-1468.039
nav,1700000577.300,-13.956,-8.074,-1468.713
nav,1700000577.400,-15.012,-7.971,-1467.737
nav,1700000577.500,-14.722,-7.763,-1467.784
nav,1700000577.600,-15.797,-8.221,-1467.984
nav,1700000577.700,-15.543,-7.654,-1467.429
nav,1700000577.800,-15.188,-8.192,-1466.834
nav,1700000577.900,-15.464,-7.944,-1467.245
nav,1700000578.000,-16.338,-9.054,-1467.808
nav,1700000578.100,-15.826,-7.960,-1467.530
nav,1700000578.200,-16.824,-8.978,-1466.707
nav,1700000578.300,-16.704,-8.215,-1467.713
nav,1700000578.400,-16.173,-7.559,-1467.819
nav,1700000578.500,-16.418,-8.073,-1467.598
nav,1700000578.600,-17.347,-8.392,-1467.911
nav,1700000578.700,-17.012,-8.110,-1466.899
nav,1700000578.800,-17.456,-7.726,-1468.188
nav,1700000578.900,-18.233,-7.715,-1467.760
nav,1700000579.000,-17.813,-8.695,-1467.072
nav,1700000579.100,-17.395,-7.613,-1467.963
nav,1700000579.200,-17.976,-7.089,-1465.596
nav,1700000579.300,-18.362,-8.682,-1466.735
nav,1700000579.400,-18.002,-8.094,-1466.388
nav,1700000579.500,-19.420,-7.814,-1468.111
nav,1700000579.600,-19.675,-8.003,-1467.005
nav,1700000579.700,-20.050,-8.250,-1466.616
nav,1700000579.800,-19.643,-7.970,-1466.372
nav,1700000579.900,-19.972,-7.320,-1467.189
nav,1700000580.000,-19.036,-7.443,-1466.830
nav,1700000580.100,-20.345,-7.897,-1466.309
nav,1700000580.200,-19.853,-8.670,-1466.347
nav,1700000580.300,-21.658,-8.089,-1465.795
nav,1700000580.400,-21.509,-8.800,-1466.369
nav,1700000580.500,-20.306,-7.837,-1467.388
nav,1700000580.600,-22.042,-7.951,-1466.982
nav,1700000580.700,-21.332,-7.902,-1466.594
nav,1700000580.800,-20.693,-7.705,-1465.700
nav,1700000580.900,-21.340,-8.075,-1466.360
nav,1700000581.000,-22.149,-7.659,-1466.544
nav,1700000581.100,-21.337,-8.373,-1466.068
nav,1700000581.200,-22.515,-8.225,-1465.046
nav,1700000581.300,-22.820,-8.152,-1466.421
nav,1700000581.400,-22.779,-8.051,-1466.605
nav,1700000581.500,-23.212,-7.695,-1465.488
nav,1700000581.600,-23.188,-7.971,-1466.138
nav,1700000581.700,-23.651,-8.460,-1466.692
nav,1700000581.800,-23.951,-7.548,-1466.083
nav,1700000581.900,-23.973,-8.183,-1465.204
nav,1700000582.000,-24.464,-7.861,-1465.817
nav,1700000582.100,-24.166,-7.878,-1465.710
nav,1700000582.200,-24.003,-8.015,-1464.823
nav,1700000582.300,-24.578,-8.852,-1465.332
nav,1700000582.400,-24.604,-7.984,-1465.737
nav,1700000582.500,-26.057,-8.973,-1464.740
nav,1700000582.600,-25.493,-7.517,-1466.321
nav,1700000582.700,-25.923,-7.661,-1465.526
nav,1700000582.800,-25.331,-8.007,-1465.535
nav,1700000582.900,-26.140,-8.597,-1464.686
nav,1700000583.000,-25.216,-8.519,-1465.895
nav,1700000583.100,-26.374,-7.830,-1465.390
nav,1700000583.200,-26.150,-8.025,-1465.312
nav,1700000583.300,-25.393,-8.263,-1464.390
nav,1700000583.400,-26.077,-7.748,-1466.129
nav,1700000583.500,-26.984,-8.257,-1465.112
nav,1700000583.600,-27.731,-7.622,-1464.585
nav,1700000583.700,-26.815,-8.191,-1465.563
nav,1700000583.800,-27.424,-7.122,-1464.954
nav,1700000583.900,-27.574,-8.117,-1465.196
nav,1700000584.000,-27.671,-8.053,-1464.698
nav,1700000584.100,-27.946,-7.826,-1464.576
nav,1700000584.200,-28.827,-8.457,-1464.832
nav,1700000584.300,-28.609,-8.261,-1464.645
nav,1700000584.400,-28.346,-7.406,-1464.015
nav,1700000584.500,-29.657,-8.581,-1464.821
nav,1700000584.600,-29.160,-8.119,-1464.908
nav,1700000584.700,-29.552,-7.758,-1465.252
nav,1700000584.800,-28.428,-7.990,-1464.017
nav,1700000584.900,-30.090,-7.713,-1464.448
nav,1700000585.000,-29.572,-8.099,-1463.677
nav,1700000585.100,-30.946,-7.525,-1464.349
nav,1700000585.200,-30.909,-7.024,-1463.439
nav,1700000585.300,-31.637,-7.912,-1463.965
nav,1700000585.400,-30.579,-7.242,-1463.620
nav,1700000585.500,-30.867,-6.861,-1463.760
nav,1700000585.600,-31.376,-8.276,-1463.562
nav,1700000585.700,-31.796,-8.205,-1464.258
nav,1700000585.800,-31.422,-8.097,-1464.752
nav,1700000585.900,-31.219,-8.202,-1463.038
nav,1700000586.000,-31.848,-7.366,-1463.688
nav,1700000586.100,-31.542,-7.715,-1463.841
nav,1700000586.200,-31.853,-6.757,-1464.048
nav,1700000586.300,-32.203,-8.003,-1463.615
nav,1700000586.400,-32.779,-9.079,-1463.923
nav,1700000586.500,-32.500,-8.383,-1463.317
nav,1700000586.600,-33.108,-8.096,-1463.279
nav,1700000586.700,-33.059,-7.790,-1463.179
nav,1700000586.800,-33.498,-8.822,-1463.830
nav,1700000586.900,-34.702,-7.671,-1463.148
nav,1700000587.000,-33.529,-7.755,-1463.067
nav,1700000587.100,-34.988,-8.054,-1464.213
nav,1700000587.200,-34.579,-7.192,-1462.913
nav,1700000587.300,-34.269,-8.091,-1463.911
nav,1700000587.400,-34.706,-7.445,-1463.164
nav,1700000587.500,-35.793,-7.948,-1464.280
nav,1700000587.600,-34.798,-8.347,-1463.889
nav,1700000587.700,-34.991,-7.720,-1463.116
nav,1700000587.800,-34.504,-7.683,-1463.509
nav,1700000587.900,-35.540,-8.143,-1462.508
nav,1700000588.000,-35.860,-7.810,-1463.817
nav,1700000588.100,-36.169,-8.028,-1463.562
nav,1700000588.200,-36.511,-7.782,-1463.006
nav,1700000588.300,-37.306,-8.137,-1463.192
nav,1700000588.400,-36.703,-7.957,-1463.119
nav,1700000588.500,-37.225,-7.966,-1462.386
nav,1700000588.600,-37.061,-7.288,-1462.255
nav,1700000588.700,-36.652,-7.316,-1461.994
nav,1700000588.800,-38.177,-7.676,-1462.120
nav,1700000588.900,-37.100,-8.385,-1462.355
nav,1700000589.000,-37.962,-7.076,-1463.332
nav,1700000589.100,-38.585,-8.905,-1462.520
nav,1700000589.200,-37.268,-8.022,-1462.496
nav,1700000589.300,-38.325,-8.058,-1462.317
nav,1700000589.400,-38.604,-8.423,-1462.501
nav,1700000589.500,-38.629,-7.536,-1461.759
nav,1700000589.600,-39.032,-7.822,-1461.987
nav,1700000589.700,-39.697,-8.318,-1462.379
nav,1700000589.800,-40.238,-7.797,-1461.746
nav,1700000589.900,-40.155,-7.782,-1462.539
nav,1700000590.000,-40.508,-6.972,-1462.679
nav,1700000590.100,-40.840,-7.893,-1461.998
nav,1700000590.200,-40.066,-6.999,-1462.474
nav,1700000590.300,-40.889,-7.196,-1461.570
nav,1700000590.400,-40.400,-8.295,-1461.431
nav,1700000590.500,-40.598,-7.905,-1462.240
nav,1700000590.600,-41.147,-7.176,-1462.448
nav,1700000590.700,-41.800,-8.314,-1462.060
nav,1700000590.800,-41.608,-7.521,-1461.578
nav,1700000590.900,-41.770,-7.862,-1461.450
nav,1700000591.000,-42.841,-7.464,-1462.129
nav,1700000591.100,-42.422,-7.830,-1461.707
nav,1700000591.200,-42.157,-7.929,-1461.768
nav,1700000591.300,-41.836,-7.646,-1461.426
nav,1700000591.400,-42.454,-8.353,-1460.443
nav,1700000591.500,-43.544,-7.943,-1461.628
nav,1700000591.600,-43.362,-8.227,-1461.824
nav,1700000591.700,-42.806,-8.602,-1460.900
nav,1700000591.800,-43.276,-8.190,-1461.079
nav,1700000591.900,-43.879,-8.551,-1461.844
nav,1700000592.000,-43.672,-7.698,-1461.131
nav,1700000592.100,-44.396,-8.095,-1461.369
nav,1700000592.200,-45.273,-7.969,-1460.898
nav,1700000592.300,-44.566,-7.115,-1461.615
nav,1700000592.400,-45.131,-7.933,-1460.944
nav,1700000592.500,-45.951,-7.699,-1460.896
nav,1700000592.600,-46.260,-8.058,-1461.377
nav,1700000592.700,-45.627,-8.669,-1460.719
nav,1700000592.800,-44.719,-7.867,-1461.960
nav,1700000592.900,-45.657,-8.097,-1461.384
nav,1700000593.000,-45.823,-7.560,-1461.121
nav,1700000593.100,-47.022,-9.006,-1461.073
nav,1700000593.200,-46.478,-8.258,-1461.035
nav,1700000593.300,-46.316,-7.769,-1460.547
nav,1700000593.400,-46.392,-8.328,-1461.148
nav,1700000593.500,-47.261,-8.296,-1461.579
nav,1700000593.600,-47.473,-7.448,-1460.106
nav,1700000593.700,-47.137,-7.934,-1459.736
nav,1700000593.800,-48.130,-8.482,-1459.851
nav,1700000593.900,-47.786,-8.336,-1460.091
nav,1700000594.000,-48.219,-8.419,-1460.753
nav,1700000594.100,-48.039,-7.897,-1459.515
nav,1700000594.200,-48.545,-8.154,-1459.507
nav,1700000594.300,-48.107,-7.928,-1460.960
nav,1700000594.400,-49.206,-8.527,-1460.115
nav,1700000594.500,-49.254,-7.199,-1460.872
nav,1700000594.600,-49.781,-7.878,-1459.779
nav,1700000594.700,-50.694,-8.868,-1460.124
nav,1700000594.800,-48.922,-7.056,-1460.153
nav,1700000594.900,-49.885,-8.418,-1459.582
nav,1700000595.000,-49.236,-7.372,-1459.866
nav,1700000595.100,-50.619,-7.996,-1459.115
nav,1700000595.200,-50.600,-8.908,-1459.938
nav,1700000595.300,-50.740,-8.911,-1459.595
nav,1700000595.400,-50.547,-7.070,-1460.331
nav,1700000595.500,-50.635,-7.517,-1459.358
nav,1700000595.600,-51.703,-8.532,-1459.522
nav,1700000595.700,-51.355,-8.280,-1458.878
nav,1700000595.800,-51.800,-8.947,-1459.589
nav,1700000595.900,-51.560,-7.829,-1459.263
nav,1700000596.000,-51.253,-8.557,-1459.595
nav,1700000596.100,-51.427,-8.984,-1459.363
nav,1700000596.200,-51.786,-7.393,-1458.959
nav,1700000596.300,-52.257,-8.521,-1458.555
nav,1700000596.400,-53.400,-8.570,-1459.001
nav,1700000596.500,-53.247,-7.897,-1458.932
nav,1700000596.600,-52.311,-7.783,-1459.410
nav,1700000596.700,-53.062,-8.416,-1458.597
nav,1700000596.800,-53.568,-7.800,-1459.897
nav,1700000596.900,-54.925,-8.751,-1458.087
nav,1700000597.000,-54.574,-7.634,-1459.234
nav,1700000597.100,-54.320,-8.022,-1458.044
nav,1700000597.200,-54.108,-7.807,-1458.170
nav,1700000597.300,-54.917,-7.466,-1458.321
nav,1700000597.400,-54.355,-8.078,-1458.943
nav,1700000597.500,-55.435,-8.404,-1459.136
nav,1700000597.600,-55.017,-8.114,-1458.415
nav,1700000597.700,-55.156,-8.530,-1459.128
nav,1700000597.800,-55.714,-8.388,-1458.977
nav,1700000597.900,-54.952,-8.767,-1457.478
nav,1700000598.000,-55.856,-7.507,-1458.008
nav,1700000598.100,-55.892,-7.169,-1458.936
nav,1700000598.200,-56.478,-8.426,-1459.196
nav,1700000598.300,-56.931,-7.064,-1458.388
nav,1700000598.400,-55.808,-6.957,-1456.756
nav,1700000598.500,-56.047,-6.821,-1458.044
nav,1700000598.600,-57.086,-7.853,-1458.160
nav,1700000598.700,-57.325,-7.624,-1458.345
nav,1700000598.800,-58.289,-7.818,-1458.412
nav,1700000598.900,-58.095,-8.071,-1458.204
nav,1700000599.000,-57.445,-8.083,-1457.391
nav,1700000599.100,-58.097,-8.044,-1457.845
nav,1700000599.200,-59.046,-7.831,-1457.452
nav,1700000599.300,-58.105,-8.676,-1458.589
nav,1700000599.400,-59.068,-7.308,-1457.672
nav,1700000599.500,-59.387,-8.726,-1458.078
nav,1700000599.600,-59.576,-7.532,-1457.182
nav,1700000599.700,-59.925,-7.623,-1457.316
nav,1700000599.800,-60.190,-8.042,-1457.424
nav,1700000599.900,-59.718,-8.855,-1457.482
