# timestamp,sensor,value,x,y,z
0.000,temperature,17.178502,0.000,0.000,-100.000
0.000,turbidity,8.468267,0.000,0.000,-100.000
0.000,h2s,24.260901,0.000,0.000,-100.000
0.000,ph,6.193996,0.000,0.000,-100.000
0.200,temperature,17.512938,0.209,0.419,-99.888
0.250,turbidity,8.425128,0.262,0.523,-99.860
0.400,temperature,17.634569,0.419,0.837,-99.777
0.500,turbidity,8.180399,0.524,1.046,-99.721
0.500,h2s,25.826769,0.524,1.046,-99.721
0.600,temperature,17.936978,0.628,1.255,-99.665
0.750,turbidity,8.065070,0.785,1.568,-99.581
0.800,temperature,18.067974,0.838,1.672,-99.553
1.000,temperature,18.189623,1.047,2.088,-99.442
1.000,turbidity,8.725715,1.047,2.088,-99.442
1.000,h2s,25.991388,1.047,2.088,-99.442
1.000,ph,6.053852,1.047,2.088,-99.442
1.200,temperature,18.164110,1.256,2.502,-99.331
1.250,turbidity,8.669520,1.308,2.605,-99.303
1.400,temperature,18.138219,1.465,2.914,-99.219
1.500,turbidity,8.701506,1.569,3.119,-99.164
1.500,h2s,25.700949,1.569,3.119,-99.164
1.600,temperature,18.027589,1.674,3.323,-99.108
1.750,turbidity,8.845211,1.830,3.629,-99.025
1.800,temperature,17.889829,1.882,3.730,-98.997
2.000,temperature,17.618761,2.091,4.135,-98.887
2.000,turbidity,7.771503,2.091,4.135,-98.887
2.000,h2s,25.105871,2.091,4.135,-98.887
2.000,ph,6.124031,2.091,4.135,-98.887
2.200,temperature,17.420098,2.299,4.536,-98.776
2.250,turbidity,8.535719,2.351,4.635,-98.749
2.400,temperature,17.021462,2.507,4.933,-98.666
2.500,turbidity,7.536682,2.611,5.130,-98.611
2.500,h2s,24.039769,2.611,5.130,-98.611
2.600,temperature,16.710852,2.714,5.327,-98.556
2.750,turbidity,7.613620,2.870,5.619,-98.474
2.800,temperature,16.308520,2.922,5.716,-98.446
3.000,temperature,15.965963,3.129,6.101,-98.337
3.000,turbidity,6.687913,3.129,6.101,-98.337
3.000,h2s,22.261083,3.129,6.101,-98.337
3.000,ph,6.280249,3.129,6.101,-98.337
3.200,temperature,15.376792,3.335,6.481,-98.228
3.250,turbidity,6.737852,3.387,6.576,-98.200
3.400,temperature,14.954437,3.542,6.856,-98.119
3.500,turbidity,6.903297,3.645,7.042,-98.065
3.500,h2s,20.399155,3.645,7.042,-98.065
3.600,temperature,14.421991,3.748,7.226,-98.010
3.750,turbidity,6.504655,3.902,7.500,-97.929
3.800,temperature,13.878268,3.953,7.591,-97.902
4.000,temperature,13.440910,4.158,7.949,-97.795
4.000,turbidity,5.867826,4.158,7.949,-97.795
4.000,h2s,18.343374,4.158,7.949,-97.795
4.000,ph,6.631661,4.158,7.949,-97.795
4.200,temperature,12.826293,4.363,8.301,-97.688
4.250,turbidity,5.698057,4.414,8.388,-97.661
4.400,temperature,12.333585,4.567,8.646,-97.581
4.500,turbidity,5.182482,4.669,8.817,-97.528
4.500,h2s,16.552615,4.669,8.817,-97.528
4.600,temperature,11.859277,4.771,8.985,-97.475
4.750,turbidity,5.364371,4.923,9.235,-97.395
4.800,temperature,11.391439,4.974,9.317,-97.369
5.000,temperature,12.477094,5.176,9.642,-97.264
5.000,turbidity,4.136017,5.176,9.642,-97.264
5.000,h2s,14.214630,5.176,9.642,-97.264
5.000,ph,6.932475,5.176,9.642,-97.264
5.200,temperature,10.402822,5.378,9.959,-97.159
5.250,turbidity,4.911871,5.429,10.037,-97.133
5.400,temperature,9.888721,5.580,10.268,-97.055
5.500,turbidity,3.956614,5.680,10.420,-97.003
5.500,h2s,12.629275,5.680,10.420,-97.003
5.600,temperature,9.423040,5.781,10.570,-96.951
5.750,turbidity,3.926143,5.931,10.790,-96.874
5.800,temperature,9.098126,5.981,10.863,-96.848
6.000,temperature,8.659250,6.180,11.147,-96.746
6.000,turbidity,3.265722,6.180,11.147,-96.746
6.000,h2s,10.543620,6.180,11.147,-96.746
6.000,ph,7.193546,6.180,11.147,-96.746
6.200,temperature,8.201248,6.379,11.423,-96.644
6.250,turbidity,3.520882,6.429,11.491,-96.619
6.400,temperature,7.874518,6.577,11.690,-96.543
6.500,turbidity,3.391421,6.676,11.820,-96.493
6.500,h2s,9.471716,6.676,11.820,-96.493
6.600,temperature,7.532263,6.775,11.948,-96.443
6.750,turbidity,3.122975,6.922,12.135,-96.368
6.800,temperature,7.136943,6.971,12.197,-96.343
7.000,temperature,6.837761,7.167,12.436,-96.244
7.000,turbidity,2.972762,7.167,12.436,-96.244
7.000,h2s,7.605351,7.167,12.436,-96.244
7.000,ph,7.430884,7.167,12.436,-96.244
7.200,temperature,6.497299,7.362,12.665,-96.146
7.250,turbidity,2.623357,7.411,12.721,-96.122
7.400,temperature,6.304282,7.557,12.884,-96.048
7.500,turbidity,2.469927,7.654,12.990,-96.000
7.500,h2s,6.552302,7.654,12.990,-96.000
7.600,temperature,6.057586,7.750,13.094,-95.952
7.750,turbidity,2.308590,7.895,13.244,-95.880
7.800,temperature,5.792085,7.943,13.293,-95.856
8.000,temperature,5.546474,8.135,13.482,-95.761
8.000,turbidity,2.062058,8.135,13.482,-95.761
8.000,h2s,6.119989,8.135,13.482,-95.761
8.000,ph,7.563503,8.135,13.482,-95.761
8.200,temperature,5.322512,8.326,13.660,-95.666
8.250,turbidity,1.975023,8.373,13.703,-95.643
8.400,temperature,5.145247,8.516,13.828,-95.573
8.500,turbidity,2.132414,8.610,13.908,-95.526
8.500,h2s,4.694763,8.610,13.908,-95.526
8.600,temperature,5.011639,8.705,13.985,-95.480
8.750,turbidity,2.301477,8.846,14.095,-95.411
8.800,temperature,4.824282,8.893,14.131,-95.389
9.000,temperature,4.694952,9.080,14.266,-95.298
9.000,turbidity,1.502588,9.080,14.266,-95.298
9.000,h2s,4.433662,9.080,14.266,-95.298
9.000,ph,7.679136,9.080,14.266,-95.298
9.200,temperature,4.528487,9.266,14.390,-95.208
9.250,turbidity,1.677443,9.312,14.419,-95.185
9.400,temperature,4.401271,9.451,14.502,-95.119
9.500,turbidity,1.284150,9.543,14.554,-95.075
9.500,h2s,3.939651,9.543,14.554,-95.075
9.600,temperature,4.215084,9.635,14.604,-95.031
9.750,turbidity,1.416259,9.772,14.672,-94.965
9.800,temperature,4.129407,9.818,14.694,-94.944
10.000,temperature,4.034820,10.000,14.772,-94.858
10.000,turbidity,1.403708,10.000,14.772,-94.858
10.000,h2s,3.545133,10.000,14.772,-94.858
10.000,ph,7.759620,10.000,14.772,-94.858
10.200,temperature,4.054259,10.181,14.839,-94.773
10.250,turbidity,1.504335,10.226,14.854,-94.752
10.400,temperature,3.943182,10.361,14.894,-94.689
10.500,turbidity,1.447585,10.450,14.918,-94.647
10.500,h2s,2.735491,10.450,14.918,-94.647
10.600,temperature,3.820309,10.539,14.938,-94.606
10.750,turbidity,1.354802,10.672,14.963,-94.544
10.800,temperature,3.744671,10.717,14.970,-94.524
11.000,temperature,3.612599,10.893,14.991,-94.443
11.000,turbidity,1.446079,10.893,14.991,-94.443
11.000,h2s,2.755925,10.893,14.991,-94.443
11.000,ph,7.821355,10.893,14.991,-94.443
11.200,temperature,3.654067,11.068,15.000,-94.363
11.250,turbidity,1.028254,11.111,15.000,-94.343
11.400,temperature,3.518569,11.242,14.997,-94.284
11.500,turbidity,1.314560,11.328,14.991,-94.245
11.500,h2s,2.342764,11.328,14.991,-94.245
11.600,temperature,3.518199,11.414,14.982,-94.207
11.750,turbidity,1.457535,11.543,14.963,-94.149
11.800,temperature,3.504345,11.586,14.956,-94.130
12.000,temperature,3.454332,11.756,14.918,-94.055
12.000,turbidity,-12.856163,11.756,14.918,-94.055
12.000,h2s,2.493334,11.756,14.918,-94.055
12.000,ph,7.847445,11.756,14.918,-94.055
12.200,temperature,3.442497,11.924,14.868,-93.981
12.250,turbidity,0.806822,11.966,14.854,-93.962
12.400,temperature,3.472656,12.092,14.807,-93.908
12.500,turbidity,1.028080,12.175,14.772,-93.872
12.500,h2s,-5.587016,12.175,14.772,-93.872
12.600,temperature,3.397395,12.258,14.734,-93.836
12.750,turbidity,1.223071,12.382,14.672,-93.783
12.800,temperature,3.298445,12.423,14.650,-93.765
13.000,temperature,3.293163,12.586,14.554,-93.696
13.000,turbidity,1.001710,12.586,14.554,-93.696
13.000,h2s,2.344287,12.586,14.554,-93.696
13.000,ph,7.831833,12.586,14.554,-93.696
13.200,temperature,3.255364,12.748,14.447,-93.628
13.250,turbidity,0.785482,12.789,14.419,-93.611
13.400,temperature,3.300722,12.909,14.329,-93.561
13.500,turbidity,1.173440,12.989,14.266,-93.528
13.500,h2s,2.448154,12.989,14.266,-93.528
13.600,temperature,3.251463,13.068,14.200,-93.495
13.750,turbidity,1.493903,13.187,14.095,-93.447
13.800,temperature,3.337187,13.226,14.059,-93.431
14.000,temperature,3.436510,13.383,13.908,-93.368
14.000,turbidity,1.400805,13.383,13.908,-93.368
14.000,h2s,2.350752,13.383,13.908,-93.368
14.000,ph,7.830998,13.383,13.908,-93.368
14.200,temperature,3.239244,13.538,13.745,-93.306
14.250,turbidity,1.666368,13.576,13.703,-93.291
14.400,temperature,3.302261,13.691,13.572,-93.245
14.500,turbidity,1.517628,13.767,13.482,-93.216
14.500,h2s,1.834965,13.767,13.482,-93.216
14.600,temperature,3.270394,13.843,13.389,-93.186
14.750,turbidity,1.725194,13.956,13.244,-93.143
14.800,temperature,3.288428,13.993,13.195,-93.128
15.000,temperature,3.309534,14.142,12.990,-93.072
15.000,turbidity,0.820002,14.142,12.990,-93.072
15.000,h2s,2.374393,14.142,12.990,-93.072
15.000,ph,7.873548,14.142,12.990,-93.072
15.200,temperature,3.257910,14.289,12.776,-93.017
15.250,turbidity,1.364096,14.326,12.721,-93.003
15.400,temperature,3.295071,14.435,12.551,-92.963
15.500,turbidity,1.114703,14.507,12.436,-92.936
15.500,h2s,1.977571,14.507,12.436,-92.936
15.600,temperature,3.344683,14.579,12.317,-92.910
15.750,turbidity,1.370731,14.686,12.135,-92.872
15.800,temperature,3.349872,14.722,12.073,-92.859
16.000,temperature,3.332426,14.863,11.820,-92.810
16.000,turbidity,0.763496,14.863,11.820,-92.810
16.000,h2s,2.031923,14.863,11.820,-92.810
16.000,ph,10.873097,14.863,11.820,-92.810
16.200,temperature,3.324359,15.002,11.558,-92.761
16.250,turbidity,1.231300,15.037,11.491,-92.750
16.400,temperature,3.495316,15.140,11.286,-92.715
16.500,turbidity,1.655537,15.208,11.147,-92.692
16.500,h2s,2.327783,15.208,11.147,-92.692
16.600,temperature,3.448000,15.276,11.006,-92.669
16.750,turbidity,1.267530,15.377,10.790,-92.636
16.800,temperature,3.470588,15.410,10.717,-92.625
17.000,temperature,3.434697,15.543,10.420,-92.583
17.000,turbidity,0.992389,15.543,10.420,-92.583
17.000,h2s,2.282720,15.543,10.420,-92.583
17.000,ph,7.791700,15.543,10.420,-92.583
17.200,temperature,3.428720,15.674,10.115,-92.541
17.250,turbidity,0.956554,15.706,10.037,-92.531
17.400,temperature,3.457868,15.803,9.801,-92.502
17.500,turbidity,1.315371,15.867,9.642,-92.482
17.500,h2s,2.504138,15.867,9.642,-92.482
17.600,temperature,3.435913,15.931,9.480,-92.464
17.750,turbidity,1.433067,16.025,9.235,-92.436
17.800,temperature,3.597790,16.056,9.152,-92.427
18.000,temperature,3.531552,16.180,8.817,-92.392
18.000,turbidity,1.310785,16.180,8.817,-92.392
18.000,h2s,3.017464,16.180,8.817,-92.392
18.000,ph,7.825294,16.180,8.817,-92.392
18.200,temperature,3.620839,16.303,8.475,-92.358
18.250,turbidity,1.235964,16.333,8.388,-92.350
18.400,temperature,3.552235,16.423,8.126,-92.325
18.500,turbidity,1.041050,16.483,7.949,-92.310
18.500,h2s,2.692712,16.483,7.949,-92.310
18.600,temperature,3.610423,16.542,7.770,-92.295
18.750,turbidity,1.468680,16.629,7.500,-92.273
18.800,temperature,3.613088,16.658,7.409,-92.265
19.000,temperature,3.548973,16.773,7.042,-92.238
19.000,turbidity,1.291893,16.773,7.042,-92.238
19.000,h2s,2.891572,16.773,7.042,-92.238
19.000,ph,7.796978,16.773,7.042,-92.238
19.200,temperature,3.715313,16.887,6.670,-92.211
19.250,turbidity,1.125300,16.915,6.576,-92.205
19.400,temperature,3.619800,16.998,6.292,-92.187
19.500,turbidity,1.668416,17.053,6.101,-92.175
19.500,h2s,2.594017,17.053,6.101,-92.175
19.600,temperature,3.591316,17.107,5.909,-92.163
19.750,turbidity,1.453683,17.188,5.619,-92.147
19.800,temperature,3.684233,17.215,5.522,-92.142
20.000,temperature,3.654726,17.321,5.130,-92.122
20.000,turbidity,1.237618,17.321,5.130,-92.122
20.000,h2s,2.732731,17.321,5.130,-92.122
20.000,ph,7.809716,17.321,5.130,-92.122
20.200,temperature,3.672138,17.424,4.735,-92.103
20.250,turbidity,1.056647,17.450,4.635,-92.098
20.400,temperature,3.657297,17.526,4.335,-92.086
20.500,turbidity,1.368773,17.576,4.135,-92.078
20.500,h2s,2.837458,17.576,4.135,-92.078
20.600,temperature,3.544891,17.626,3.933,-92.070
20.750,turbidity,1.399588,17.700,3.629,-92.060
20.800,temperature,3.596915,17.724,3.527,-92.056
21.000,temperature,3.583839,17.820,3.119,-92.044
21.000,turbidity,1.247143,17.820,3.119,-92.044
21.000,h2s,2.438416,17.820,3.119,-92.044
21.000,ph,7.797355,17.820,3.119,-92.044
21.200,temperature,3.659184,17.914,2.708,-92.033
21.250,turbidity,1.344222,17.937,2.605,-92.030
21.400,temperature,3.597546,18.006,2.295,-92.024
21.500,turbidity,0.988681,18.052,2.088,-92.019
21.500,h2s,2.627341,18.052,2.088,-92.019
21.600,temperature,3.600091,18.097,1.880,-92.016
21.750,turbidity,1.207869,18.163,1.568,-92.011
21.800,temperature,3.536031,18.185,1.464,-92.010
22.000,temperature,3.553272,18.271,1.046,-92.005
22.000,turbidity,0.999714,18.271,1.046,-92.005
22.000,h2s,2.400639,18.271,1.046,-92.005
22.000,ph,7.822540,18.271,1.046,-92.005
22.200,temperature,3.489927,18.355,0.628,-92.002
22.250,turbidity,1.136193,18.376,0.523,-92.001
22.400,temperature,3.455240,18.437,0.209,-92.000
22.500,turbidity,0.986504,18.478,0.000,-92.000
22.500,h2s,2.413097,18.478,0.000,-92.000
22.600,temperature,3.441718,18.517,-0.209,-92.000
22.750,turbidity,1.339039,18.576,-0.523,-92.001
22.800,temperature,3.401753,18.596,-0.628,-92.002
23.000,temperature,3.485545,18.672,-1.046,-92.005
23.000,turbidity,1.355627,18.672,-1.046,-92.005
23.000,h2s,2.307662,18.672,-1.046,-92.005
23.000,ph,7.837594,18.672,-1.046,-92.005
23.200,temperature,3.277793,18.746,-1.464,-92.010
23.250,turbidity,1.231134,18.764,-1.568,-92.011
23.400,temperature,3.206656,18.818,-1.880,-92.016
23.500,turbidity,0.918458,18.853,-2.088,-92.019
23.500,h2s,1.940434,18.853,-2.088,-92.019
23.600,temperature,3.253823,18.888,-2.295,-92.024
23.750,turbidity,0.722411,18.939,-2.605,-92.030
23.800,temperature,3.158903,18.955,-2.708,-92.033
24.000,temperature,3.044661,19.021,-3.119,-92.044
24.000,turbidity,1.259556,19.021,-3.119,-92.044
24.000,h2s,1.737321,19.021,-3.119,-92.044
24.000,ph,7.896122,19.021,-3.119,-92.044
24.200,temperature,3.055179,19.085,-3.527,-92.056
24.250,turbidity,1.038515,19.100,-3.629,-92.060
24.400,temperature,3.174975,19.146,-3.933,-92.070
24.500,turbidity,0.472014,19.176,-4.135,-92.078
24.500,h2s,1.882009,19.176,-4.135,-92.078
24.600,temperature,2.976785,19.206,-4.335,-92.086
24.750,turbidity,1.027360,19.249,-4.635,-92.098
24.800,temperature,2.889247,19.263,-4.735,-92.103
25.000,temperature,3.040606,19.319,-5.130,-92.122
25.000,turbidity,1.062396,19.319,-5.130,-92.122
25.000,h2s,1.849548,19.319,-5.130,-92.122
25.000,ph,7.912194,19.319,-5.130,-92.122
25.200,temperature,2.837007,19.372,-5.522,-92.142
25.250,turbidity,0.473660,19.385,-5.619,-92.147
25.400,temperature,2.995662,19.423,-5.909,-92.163
25.500,turbidity,1.067904,19.447,-6.101,-92.175
25.500,h2s,1.607941,19.447,-6.101,-92.175
25.600,temperature,2.791568,19.472,-6.292,-92.187
25.750,turbidity,0.464210,19.507,-6.576,-92.205
25.800,temperature,2.857127,19.518,-6.670,-92.211
26.000,temperature,2.720391,19.563,-7.042,-92.238
26.000,turbidity,0.634704,19.563,-7.042,-92.238
26.000,h2s,1.240023,19.563,-7.042,-92.238
26.000,ph,7.901598,19.563,-7.042,-92.238
26.200,temperature,2.717698,19.605,-7.409,-92.265
26.250,turbidity,0.421147,19.616,-7.500,-92.273
26.400,temperature,2.653989,19.646,-7.770,-92.295
26.500,turbidity,0.562372,19.665,-7.949,-92.310
26.500,h2s,1.101728,19.665,-7.949,-92.310
26.600,temperature,2.614963,19.684,-8.126,-92.325
26.750,turbidity,0.435024,19.711,-8.388,-92.350
26.800,temperature,2.606182,19.720,-8.475,-92.358
27.000,temperature,2.587386,19.754,-8.817,-92.392
27.000,turbidity,1.088194,19.754,-8.817,-92.392
27.000,h2s,1.099325,19.754,-8.817,-92.392
27.000,ph,7.929471,19.754,-8.817,-92.392
27.200,temperature,2.542361,19.785,-9.152,-92.427
27.250,turbidity,0.691279,19.793,-9.235,-92.436
27.400,temperature,2.509571,19.815,-9.480,-92.464
27.500,turbidity,0.611471,19.829,-9.642,-92.482
27.500,h2s,1.185201,19.829,-9.642,-92.482
27.600,temperature,2.444688,19.842,-9.801,-92.502
27.750,turbidity,1.070879,19.861,-10.037,-92.531
27.800,temperature,2.451263,19.867,-10.115,-92.541
28.000,temperature,2.511634,19.890,-10.420,-92.583
28.000,turbidity,1.039172,19.890,-10.420,-92.583
28.000,h2s,0.977661,19.890,-10.420,-92.583
28.000,ph,7.973363,19.890,-10.420,-92.583
28.200,temperature,2.373093,19.911,-10.717,-92.625
28.250,turbidity,0.592044,19.916,-10.790,-92.636
28.400,temperature,2.403983,19.930,-11.006,-92.669
28.500,turbidity,0.779147,19.938,-11.147,-92.692
28.500,h2s,0.614384,19.938,-11.147,-92.692
28.600,temperature,2.431514,19.946,-11.286,-92.715
28.750,turbidity,0.507620,19.957,-11.491,-92.750
28.800,temperature,2.378301,19.961,-11.558,-92.761
29.000,temperature,2.384257,19.973,-11.820,-92.810
29.000,turbidity,0.643730,19.973,-11.820,-92.810
29.000,h2s,0.563321,19.973,-11.820,-92.810
29.000,ph,7.953340,19.973,-11.820,-92.810
29.200,temperature,2.267156,19.982,-12.073,-92.859
29.250,turbidity,0.345594,19.985,-12.135,-92.872
29.400,temperature,2.321807,19.990,-12.317,-92.910
29.500,turbidity,0.784863,19.993,-12.436,-92.936
29.500,h2s,0.370975,19.993,-12.436,-92.936
29.600,temperature,2.281055,19.996,-12.551,-92.963
29.750,turbidity,1.000065,19.998,-12.721,-93.003
29.800,temperature,2.271157,19.999,-12.776,-93.017
30.000,temperature,2.346422,20.000,-12.990,-93.072
30.000,turbidity,0.931517,20.000,-12.990,-93.072
30.000,h2s,0.663638,20.000,-12.990,-93.072
30.000,ph,7.971716,20.000,-12.990,-93.072
30.200,temperature,2.251050,19.999,-13.195,-93.128
30.250,turbidity,0.650675,19.998,-13.244,-93.143
30.400,temperature,2.268648,19.996,-13.389,-93.186
30.500,turbidity,0.066598,19.993,-13.482,-93.216
30.500,h2s,0.302316,19.993,-13.482,-93.216
30.600,temperature,2.157836,19.990,-13.572,-93.245
30.750,turbidity,0.437648,19.985,-13.703,-93.291
30.800,temperature,2.324693,19.982,-13.745,-93.306
31.000,temperature,2.274966,19.973,-13.908,-93.368
31.000,turbidity,0.592428,19.973,-13.908,-93.368
31.000,h2s,0.364292,19.973,-13.908,-93.368
31.000,ph,7.945301,19.973,-13.908,-93.368
31.200,temperature,2.222919,19.961,-14.059,-93.431
31.250,turbidity,0.218431,19.957,-14.095,-93.447
31.400,temperature,2.204208,19.946,-14.200,-93.495
31.500,turbidity,0.169135,19.938,-14.266,-93.528
31.500,h2s,0.733262,19.938,-14.266,-93.528
31.600,temperature,2.245718,19.930,-14.329,-93.561
31.750,turbidity,1.055575,19.916,-14.419,-93.611
31.800,temperature,2.271799,19.911,-14.447,-93.628
32.000,temperature,2.297138,19.890,-14.554,-93.696
32.000,turbidity,0.861700,19.890,-14.554,-93.696
32.000,h2s,0.595081,19.890,-14.554,-93.696
32.000,ph,7.973646,19.890,-14.554,-93.696
32.200,temperature,2.249011,19.867,-14.650,-93.765
32.250,turbidity,0.763160,19.861,-14.672,-93.783
32.400,temperature,2.209255,19.842,-14.734,-93.836
32.500,turbidity,0.820941,19.829,-14.772,-93.872
32.500,h2s,0.287746,19.829,-14.772,-93.872
32.600,temperature,2.254364,19.815,-14.807,-93.908
32.750,turbidity,0.252692,19.793,-14.854,-93.962
32.800,temperature,2.243598,19.785,-14.868,-93.981
33.000,temperature,2.208238,19.754,-14.918,-94.055
33.000,turbidity,0.342457,19.754,-14.918,-94.055
33.000,h2s,0.283124,19.754,-14.918,-94.055
33.000,ph,7.962865,19.754,-14.918,-94.055
33.200,temperature,2.243146,19.720,-14.956,-94.130
33.250,turbidity,0.676318,19.711,-14.963,-94.149
33.400,temperature,2.243684,19.684,-14.982,-94.207
33.500,turbidity,0.701008,19.665,-14.991,-94.245
33.500,h2s,-0.037840,19.665,-14.991,-94.245
33.600,temperature,2.206015,19.646,-14.997,-94.284
33.750,turbidity,0.196550,19.616,-15.000,-94.343
33.800,temperature,2.186360,19.605,-15.000,-94.363
34.000,temperature,2.247781,19.563,-14.991,-94.443
34.000,turbidity,0.659384,19.563,-14.991,-94.443
34.000,h2s,0.336532,19.563,-14.991,-94.443
34.000,ph,7.952458,19.563,-14.991,-94.443
34.200,temperature,2.169598,19.518,-14.970,-94.524
34.250,turbidity,0.592900,19.507,-14.963,-94.544
34.400,temperature,2.164622,19.472,-14.938,-94.606
34.500,turbidity,0.899442,19.447,-14.918,-94.647
34.500,h2s,0.535827,19.447,-14.918,-94.647
34.600,temperature,2.247043,19.423,-14.894,-94.689
34.750,turbidity,0.716125,19.385,-14.854,-94.752
34.800,temperature,2.268747,19.372,-14.839,-94.773
35.000,temperature,2.261322,19.319,-14.772,-94.858
35.000,turbidity,1.111420,19.319,-14.772,-94.858
35.000,h2s,0.611758,19.319,-14.772,-94.858
35.000,ph,7.971745,19.319,-14.772,-94.858
35.200,temperature,2.275582,19.263,-14.694,-94.944
35.250,turbidity,0.522249,19.249,-14.672,-94.965
35.400,temperature,2.161564,19.206,-14.604,-95.031
35.500,turbidity,0.301976,19.176,-14.554,-95.075
35.500,h2s,0.378395,19.176,-14.554,-95.075
35.600,temperature,2.305241,19.146,-14.502,-95.119
35.750,turbidity,1.120236,19.100,-14.419,-95.185
35.800,temperature,2.361675,19.085,-14.390,-95.208
36.000,temperature,2.343691,19.021,-14.266,-95.298
36.000,turbidity,0.763197,19.021,-14.266,-95.298
36.000,h2s,0.137107,19.021,-14.266,-95.298
36.000,ph,7.975491,19.021,-14.266,-95.298
36.200,temperature,2.356935,18.955,-14.131,-95.389
36.250,turbidity,0.642017,18.939,-14.095,-95.411
36.400,temperature,2.344283,18.888,-13.985,-95.480
36.500,turbidity,0.418340,18.853,-13.908,-95.526
36.500,h2s,0.497803,18.853,-13.908,-95.526
36.600,temperature,2.364170,18.818,-13.828,-95.573
36.750,turbidity,0.577471,18.764,-13.703,-95.643
36.800,temperature,2.363035,18.746,-13.660,-95.666
37.000,temperature,2.411216,18.672,-13.482,-95.761
37.000,turbidity,0.575025,18.672,-13.482,-95.761
37.000,h2s,0.538198,18.672,-13.482,-95.761
37.000,ph,7.952307,18.672,-13.482,-95.761
37.200,temperature,2.362772,18.596,-13.293,-95.856
37.250,turbidity,0.362937,18.576,-13.244,-95.880
37.400,temperature,2.515587,18.517,-13.094,-95.952
37.500,turbidity,0.085550,18.478,-12.990,-96.000
37.500,h2s,0.583385,18.478,-12.990,-96.000
37.600,temperature,2.428537,18.437,-12.884,-96.048
37.750,turbidity,0.616421,18.376,-12.721,-96.122
37.800,temperature,2.542483,18.355,-12.665,-96.146
38.000,temperature,2.599971,18.271,-12.436,-96.244
38.000,turbidity,0.986672,18.271,-12.436,-96.244
38.000,h2s,1.038780,18.271,-12.436,-96.244
38.000,ph,7.924175,18.271,-12.436,-96.244
38.200,temperature,2.611688,18.185,-12.197,-96.343
38.250,turbidity,1.169310,18.163,-12.135,-96.368
38.400,temperature,2.725039,18.097,-11.948,-96.443
38.500,turbidity,1.104822,18.052,-11.820,-96.493
38.500,h2s,1.109447,18.052,-11.820,-96.493
38.600,temperature,2.550696,18.006,-11.690,-96.543
38.750,turbidity,1.150636,17.937,-11.491,-96.619
38.800,temperature,2.673525,17.914,-11.423,-96.644
39.000,temperature,2.810908,17.820,-11.147,-96.746
39.000,turbidity,0.549255,17.820,-11.147,-96.746
39.000,h2s,1.553570,17.820,-11.147,-96.746
39.000,ph,7.888763,17.820,-11.147,-96.746
39.200,temperature,2.735502,17.724,-10.863,-96.848
39.250,turbidity,0.972882,17.700,-10.790,-96.874
39.400,temperature,2.814800,17.626,-10.570,-96.951
39.500,turbidity,1.090587,17.576,-10.420,-97.003
39.500,h2s,1.390679,17.576,-10.420,-97.003
39.600,temperature,2.941024,17.526,-10.268,-97.055
39.750,turbidity,1.148185,17.450,-10.037,-97.133
39.800,temperature,2.908463,17.424,-9.959,-97.159
40.000,temperature,3.050149,17.321,-9.642,-97.264
40.000,turbidity,0.984490,17.321,-9.642,-97.264
40.000,h2s,1.695231,17.321,-9.642,-97.264
40.000,ph,7.922512,17.321,-9.642,-97.264
40.200,temperature,3.142802,17.215,-9.317,-97.369
40.250,turbidity,1.091975,17.188,-9.235,-97.395
40.400,temperature,3.203205,17.107,-8.985,-97.475
40.500,turbidity,1.711834,17.053,-8.817,-97.528
40.500,h2s,2.362756,17.053,-8.817,-97.528
40.600,temperature,3.288216,16.998,-8.646,-97.581
40.750,turbidity,1.435836,16.915,-8.388,-97.661
40.800,temperature,3.325875,16.887,-8.301,-97.688
41.000,temperature,3.459024,16.773,-7.949,-97.795
41.000,turbidity,1.350396,16.773,-7.949,-97.795
41.000,h2s,2.221192,16.773,-7.949,-97.795
41.000,ph,7.811947,16.773,-7.949,-97.795
41.200,temperature,3.521065,16.658,-7.591,-97.902
41.250,turbidity,1.462000,16.629,-7.500,-97.929
41.400,temperature,8.184576,16.542,-7.226,-98.010
41.500,turbidity,1.175139,16.483,-7.042,-98.065
41.500,h2s,2.922426,16.483,-7.042,-98.065
41.600,temperature,3.633446,16.423,-6.856,-98.119
41.750,turbidity,1.562067,16.333,-6.576,-98.200
41.800,temperature,3.758960,16.303,-6.481,-98.228
42.000,temperature,3.900998,16.180,-6.101,-98.337
42.000,turbidity,1.470224,16.180,-6.101,-98.337
42.000,h2s,3.365631,16.180,-6.101,-98.337
42.000,ph,7.778004,16.180,-6.101,-98.337
42.200,temperature,4.023795,16.056,-5.716,-98.446
42.250,turbidity,1.749640,16.025,-5.619,-98.474
42.400,temperature,4.196259,15.931,-5.327,-98.556
42.500,turbidity,1.351974,15.867,-5.130,-98.611
42.500,h2s,3.327918,15.867,-5.130,-98.611
42.600,temperature,4.242015,15.803,-4.933,-98.666
42.750,turbidity,1.847066,15.706,-4.635,-98.749
42.800,temperature,4.343379,15.674,-4.536,-98.776
43.000,temperature,4.454015,15.543,-4.135,-98.887
43.000,turbidity,1.581770,15.543,-4.135,-98.887
43.000,h2s,4.062447,15.543,-4.135,-98.887
43.000,ph,7.695382,15.543,-4.135,-98.887
43.200,temperature,4.518268,15.410,-3.730,-98.997
43.250,turbidity,1.968272,15.377,-3.629,-99.025
43.400,temperature,4.598728,15.276,-3.323,-99.108
43.500,turbidity,1.875959,15.208,-3.119,-99.164
43.500,h2s,4.395134,15.208,-3.119,-99.164
43.600,temperature,4.774131,15.140,-2.914,-99.219
43.750,turbidity,1.862611,15.037,-2.605,-99.303
43.800,temperature,4.750439,15.002,-2.502,-99.331
44.000,temperature,4.847027,14.863,-2.088,-99.442
44.000,turbidity,1.813167,14.863,-2.088,-99.442
44.000,h2s,4.860513,14.863,-2.088,-99.442
44.000,ph,7.658893,14.863,-2.088,-99.442
44.200,temperature,4.965085,14.722,-1.672,-99.553
44.250,turbidity,1.924130,14.686,-1.568,-99.581
44.400,temperature,5.082940,14.579,-1.255,-99.665
44.500,turbidity,1.852367,14.507,-1.046,-99.721
44.500,h2s,5.038663,14.507,-1.046,-99.721
44.600,temperature,5.066314,14.435,-0.837,-99.777
44.750,turbidity,1.917740,14.326,-0.523,-99.860
44.800,temperature,5.107757,14.289,-0.419,-99.888
45.000,temperature,5.168931,14.142,-0.000,-100.000
45.000,turbidity,2.172026,14.142,-0.000,-100.000
45.000,h2s,4.954512,14.142,-0.000,-100.000
45.000,ph,7.609518,14.142,-0.000,-100.000
45.200,temperature,5.224464,13.993,0.419,-100.112
45.250,turbidity,1.553238,13.956,0.523,-100.140
45.400,temperature,5.206970,13.843,0.837,-100.223
45.500,turbidity,2.279196,13.767,1.046,-100.279
45.500,h2s,4.824549,13.767,1.046,-100.279
45.600,temperature,5.284815,13.691,1.255,-100.335
45.750,turbidity,2.285095,13.576,1.568,-100.419
45.800,temperature,5.284102,13.538,1.672,-100.447
46.000,temperature,5.208405,13.383,2.088,-100.558
46.000,turbidity,1.973471,13.383,2.088,-100.558
46.000,h2s,5.001497,13.383,2.088,-100.558
46.000,ph,7.615757,13.383,2.088,-100.558
46.200,temperature,5.288996,13.226,2.502,-100.669
46.250,turbidity,2.081610,13.187,2.605,-100.697
46.400,temperature,5.161638,13.068,2.914,-100.781
46.500,turbidity,1.731129,12.989,3.119,-100.836
46.500,h2s,5.195010,12.989,3.119,-100.836
46.600,temperature,5.169398,12.909,3.323,-100.892
46.750,turbidity,2.103476,12.789,3.629,-100.975
46.800,temperature,5.080908,12.748,3.730,-101.003
47.000,temperature,5.020513,12.586,4.135,-101.113
47.000,turbidity,1.700597,12.586,4.135,-101.113
47.000,h2s,4.666905,12.586,4.135,-101.113
47.000,ph,7.632989,12.586,4.135,-101.113
47.200,temperature,4.858513,12.423,4.536,-101.224
47.250,turbidity,1.090560,12.382,4.635,-101.251
47.400,temperature,4.808681,12.258,4.933,-101.334
47.500,turbidity,2.234244,12.175,5.130,-101.389
47.500,h2s,4.955021,12.175,5.130,-101.389
47.600,temperature,4.770650,12.092,5.327,-101.444
47.750,turbidity,1.500962,11.966,5.619,-101.526
47.800,temperature,4.756409,11.924,5.716,-101.554
48.000,temperature,4.630184,11.756,6.101,-101.663
48.000,turbidity,1.737360,11.756,6.101,-101.663
48.000,h2s,4.477943,11.756,6.101,-101.663
48.000,ph,7.701424,11.756,6.101,-101.663
48.200,temperature,4.507007,11.586,6.481,-101.772
48.250,turbidity,1.763654,11.543,6.576,-101.800
48.400,temperature,4.458172,11.414,6.856,-101.881
48.500,turbidity,1.787888,11.328,7.042,-101.935
48.500,h2s,3.706250,11.328,7.042,-101.935
48.600,temperature,4.384754,11.242,7.226,-101.990
48.750,turbidity,1.593419,11.111,7.500,-102.071
48.800,temperature,4.235340,11.068,7.591,-102.098
49.000,temperature,4.149460,10.893,7.949,-102.205
49.000,turbidity,1.617317,10.893,7.949,-102.205
49.000,h2s,3.489685,10.893,7.949,-102.205
49.000,ph,7.754458,10.893,7.949,-102.205
49.200,temperature,4.046634,10.717,8.301,-102.312
49.250,turbidity,1.392158,10.672,8.388,-102.339
49.400,temperature,3.944032,10.539,8.646,-102.419
49.500,turbidity,0.968761,10.450,8.817,-102.472
49.500,h2s,3.013177,10.450,8.817,-102.472
49.600,temperature,3.814295,10.361,8.985,-102.525
49.750,turbidity,1.354022,10.226,9.235,-102.605
49.800,temperature,3.719135,10.181,9.317,-102.631
50.000,temperature,3.703219,10.000,9.642,-102.736
50.000,turbidity,1.490409,10.000,9.642,-102.736
50.000,h2s,2.808981,10.000,9.642,-102.736
50.000,ph,7.787949,10.000,9.642,-102.736
50.200,temperature,3.640514,9.818,9.959,-102.841
50.250,turbidity,0.961758,9.772,10.037,-102.867
50.400,temperature,3.488633,9.635,10.268,-102.945
50.500,turbidity,1.269759,9.543,10.420,-102.997
50.500,h2s,2.538747,9.543,10.420,-102.997
50.600,temperature,3.407460,9.451,10.570,-103.049
50.750,turbidity,1.718755,9.312,10.790,-103.126
50.800,temperature,3.254682,9.266,10.863,-103.152
51.000,temperature,3.173589,9.080,11.147,-103.254
51.000,turbidity,1.089059,9.080,11.147,-103.254
51.000,h2s,1.868351,9.080,11.147,-103.254
51.000,ph,7.835361,9.080,11.147,-103.254
51.200,temperature,3.271783,8.893,11.423,-103.356
51.250,turbidity,1.062622,8.846,11.491,-103.381
51.400,temperature,3.101682,8.705,11.690,-103.457
51.500,turbidity,0.566122,8.610,11.820,-103.507
51.500,h2s,1.952034,8.610,11.820,-103.507
51.600,temperature,2.927092,8.516,11.948,-103.557
51.750,turbidity,0.672722,8.373,12.135,-103.632
51.800,temperature,3.137556,8.326,12.197,-103.657
52.000,temperature,2.933263,8.135,12.436,-103.756
52.000,turbidity,0.722693,8.135,12.436,-103.756
52.000,h2s,1.727472,8.135,12.436,-103.756
52.000,ph,7.868925,8.135,12.436,-103.756
52.200,temperature,2.831305,7.943,12.665,-103.854
52.250,turbidity,1.105648,7.895,12.721,-103.878
52.400,temperature,2.865738,7.750,12.884,-103.952
52.500,turbidity,0.630919,7.654,12.990,-104.000
52.500,h2s,1.285635,7.654,12.990,-104.000
52.600,temperature,2.854901,7.557,13.094,-104.048
52.750,turbidity,0.318522,7.411,13.244,-104.120
52.800,temperature,2.806433,7.362,13.293,-104.144
53.000,temperature,2.778493,7.167,13.482,-104.239
53.000,turbidity,0.971824,7.167,13.482,-104.239
53.000,h2s,1.541986,7.167,13.482,-104.239
53.000,ph,7.892659,7.167,13.482,-104.239
53.200,temperature,2.648473,6.971,13.660,-104.334
53.250,turbidity,0.616444,6.922,13.703,-104.357
53.400,temperature,2.729804,6.775,13.828,-104.427
53.500,turbidity,0.355845,6.676,13.908,-104.474
53.500,h2s,1.110309,6.676,13.908,-104.474
53.600,temperature,2.701759,6.577,13.985,-104.520
53.750,turbidity,1.005485,6.429,14.095,-104.589
53.800,temperature,2.675258,6.379,14.131,-104.611
54.000,temperature,2.588607,6.180,14.266,-104.702
54.000,turbidity,0.666328,6.180,14.266,-104.702
54.000,h2s,1.194028,6.180,14.266,-104.702
54.000,ph,7.947305,6.180,14.266,-104.702
54.200,temperature,2.532921,5.981,14.390,-104.792
54.250,turbidity,0.909704,5.931,14.419,-104.815
54.400,temperature,2.505897,5.781,14.502,-104.881
54.500,turbidity,-17.276682,5.680,14.554,-104.925
54.500,h2s,0.615553,5.680,14.554,-104.925
54.600,temperature,2.429238,5.580,14.604,-104.969
54.750,turbidity,0.129952,5.429,14.672,-105.035
54.800,temperature,2.461562,5.378,14.694,-105.056
55.000,temperature,2.351430,5.176,14.772,-105.142
55.000,turbidity,0.618730,5.176,14.772,-105.142
55.000,h2s,1.078789,5.176,14.772,-105.142
55.000,ph,7.926722,5.176,14.772,-105.142
55.200,temperature,2.371033,4.974,14.839,-105.227
55.250,turbidity,0.736449,4.923,14.854,-105.248
55.400,temperature,2.453431,4.771,14.894,-105.311
55.500,turbidity,0.991846,4.669,14.918,-105.353
55.500,h2s,0.876120,4.669,14.918,-105.353
55.600,temperature,2.415462,4.567,14.938,-105.394
55.750,turbidity,0.147107,4.414,14.963,-105.456
55.800,temperature,2.426697,4.363,14.970,-105.476
56.000,temperature,2.441506,4.158,14.991,-105.557
56.000,turbidity,1.014252,4.158,14.991,-105.557
56.000,h2s,0.580708,4.158,14.991,-105.557
56.000,ph,7.959721,4.158,14.991,-105.557
56.200,temperature,2.416225,3.953,15.000,-105.637
56.250,turbidity,1.533863,3.902,15.000,-105.657
56.400,temperature,2.403715,3.748,14.997,-105.716
56.500,turbidity,0.799170,3.645,14.991,-105.755
56.500,h2s,0.793904,3.645,14.991,-105.755
56.600,temperature,2.377514,3.542,14.982,-105.793
56.750,turbidity,1.244227,3.387,14.963,-105.851
56.800,temperature,2.338172,3.335,14.956,-105.870
57.000,temperature,2.308561,3.129,14.918,-105.945
57.000,turbidity,0.196460,3.129,14.918,-105.945
57.000,h2s,0.993678,3.129,14.918,-105.945
57.000,ph,7.947444,3.129,14.918,-105.945
57.200,temperature,2.340947,2.922,14.868,-106.019
57.250,turbidity,0.573285,2.870,14.854,-106.038
57.400,temperature,2.359831,2.714,14.807,-106.092
57.500,turbidity,0.290007,2.611,14.772,-106.128
57.500,h2s,0.568871,2.611,14.772,-106.128
57.600,temperature,2.363494,2.507,14.734,-106.164
57.750,turbidity,0.477220,2.351,14.672,-106.217
57.800,temperature,2.404331,2.299,14.650,-106.235
58.000,temperature,2.350509,2.091,14.554,-106.304
58.000,turbidity,0.586846,2.091,14.554,-106.304
58.000,h2s,0.560724,2.091,14.554,-106.304
58.000,ph,7.978414,2.091,14.554,-106.304
58.200,temperature,2.385842,1.882,14.447,-106.372
58.250,turbidity,1.266767,1.830,14.419,-106.389
58.400,temperature,3.727877,1.674,14.329,-106.439
58.500,turbidity,0.691844,1.569,14.266,-106.472
58.500,h2s,0.638023,1.569,14.266,-106.472
58.600,temperature,2.315483,1.465,14.200,-106.505
58.750,turbidity,1.005544,1.308,14.095,-106.553
58.800,temperature,2.289805,1.256,14.059,-106.569
59.000,temperature,2.427700,1.047,13.908,-106.632
59.000,turbidity,0.548944,1.047,13.908,-106.632
59.000,h2s,0.697638,1.047,13.908,-106.632
59.000,ph,7.995501,1.047,13.908,-106.632
59.200,temperature,2.386891,0.838,13.745,-106.694
59.250,turbidity,0.515954,0.785,13.703,-106.709
59.400,temperature,2.314960,0.628,13.572,-106.755
59.500,turbidity,0.205627,0.524,13.482,-106.784
59.500,h2s,0.887005,0.524,13.482,-106.784
59.600,temperature,2.323855,0.419,13.389,-106.814
59.750,turbidity,1.265320,0.262,13.244,-106.857
59.800,temperature,2.482618,0.209,13.195,-106.872
60.000,temperature,2.346758,0.000,12.990,-106.928
60.000,turbidity,1.125083,0.000,12.990,-106.928
60.000,h2s,0.814039,0.000,12.990,-106.928
60.000,ph,7.899237,0.000,12.990,-106.928
60.200,temperature,2.475631,-0.209,12.776,-106.983
60.250,turbidity,0.761348,-0.262,12.721,-106.997
60.400,temperature,2.414514,-0.419,12.551,-107.037
60.500,turbidity,0.626431,-0.524,12.436,-107.064
60.500,h2s,0.711557,-0.524,12.436,-107.064
60.600,temperature,2.326978,-0.628,12.317,-107.090
60.750,turbidity,0.729993,-0.785,12.135,-107.128
60.800,temperature,2.396376,-0.838,12.073,-107.141
61.000,temperature,2.466632,-1.047,11.820,-107.190
61.000,turbidity,0.309972,-1.047,11.820,-107.190
61.000,h2s,0.839371,-1.047,11.820,-107.190
61.000,ph,7.934501,-1.047,11.820,-107.190
61.200,temperature,2.346118,-1.256,11.558,-107.239
61.250,turbidity,0.857264,-1.308,11.491,-107.250
61.400,temperature,2.415231,-1.465,11.286,-107.285
61.500,turbidity,1.124188,-1.569,11.147,-107.308
61.500,h2s,1.156133,-1.569,11.147,-107.308
61.600,temperature,2.422301,-1.674,11.006,-107.331
61.750,turbidity,1.147625,-1.830,10.790,-107.364
61.800,temperature,2.490589,-1.882,10.717,-107.375
62.000,temperature,2.496014,-2.091,10.420,-107.417
62.000,turbidity,0.263742,-2.091,10.420,-107.417
62.000,h2s,0.984342,-2.091,10.420,-107.417
62.000,ph,7.934799,-2.091,10.420,-107.417
62.200,temperature,2.510749,-2.299,10.115,-107.459
62.250,turbidity,1.062141,-2.351,10.037,-107.469
62.400,temperature,2.505945,-2.507,9.801,-107.498
62.500,turbidity,0.346964,-2.611,9.642,-107.518
62.500,h2s,0.881385,-2.611,9.642,-107.518
62.600,temperature,2.526852,-2.714,9.480,-107.536
62.750,turbidity,0.104639,-2.870,9.235,-107.564
62.800,temperature,2.450703,-2.922,9.152,-107.573
63.000,temperature,2.537076,-3.129,8.817,-107.608
63.000,turbidity,1.093384,-3.129,8.817,-107.608
63.000,h2s,0.896756,-3.129,8.817,-107.608
63.000,ph,7.934749,-3.129,8.817,-107.608
63.200,temperature,2.607485,-3.335,8.475,-107.642
63.250,turbidity,0.608253,-3.387,8.388,-107.650
63.400,temperature,2.546146,-3.542,8.126,-107.675
63.500,turbidity,1.056041,-3.645,7.949,-107.690
63.500,h2s,1.024611,-3.645,7.949,-107.690
63.600,temperature,2.522760,-3.748,7.770,-107.705
63.750,turbidity,1.031255,-3.902,7.500,-107.727
63.800,temperature,2.535765,-3.953,7.409,-107.735
64.000,temperature,2.638658,-4.158,7.042,-107.762
64.000,turbidity,0.993725,-4.158,7.042,-107.762
64.000,h2s,1.197107,-4.158,7.042,-107.762
64.000,ph,7.928093,-4.158,7.042,-107.762
64.200,temperature,2.457273,-4.363,6.670,-107.789
64.250,turbidity,0.805079,-4.414,6.576,-107.795
64.400,temperature,2.711967,-4.567,6.292,-107.813
64.500,turbidity,0.418274,-4.669,6.101,-107.825
64.500,h2s,0.903332,-4.669,6.101,-107.825
64.600,temperature,2.493358,-4.771,5.909,-107.837
64.750,turbidity,0.700438,-4.923,5.619,-107.853
64.800,temperature,2.580612,-4.974,5.522,-107.858
65.000,temperature,2.542920,-5.176,5.130,-107.878
65.000,turbidity,1.219566,-5.176,5.130,-107.878
65.000,h2s,1.211939,-5.176,5.130,-107.878
65.000,ph,7.904495,-5.176,5.130,-107.878
65.200,temperature,2.627349,-5.378,4.735,-107.897
65.250,turbidity,1.089798,-5.429,4.635,-107.902
65.400,temperature,2.637423,-5.580,4.335,-107.914
65.500,turbidity,0.719846,-5.680,4.135,-107.922
65.500,h2s,1.042826,-5.680,4.135,-107.922
65.600,temperature,2.611152,-5.781,3.933,-107.930
65.750,turbidity,0.715795,-5.931,3.629,-107.940
65.800,temperature,2.594254,-5.981,3.527,-107.944
66.000,temperature,2.512301,-6.180,3.119,-107.956
66.000,turbidity,0.978194,-6.180,3.119,-107.956
66.000,h2s,1.064450,-6.180,3.119,-107.956
66.000,ph,7.967995,-6.180,3.119,-107.956
66.200,temperature,2.575456,-6.379,2.708,-107.967
66.250,turbidity,0.833484,-6.429,2.605,-107.970
66.400,temperature,2.581078,-6.577,2.295,-107.976
66.500,turbidity,0.727243,-6.676,2.088,-107.981
66.500,h2s,1.545706,-6.676,2.088,-107.981
66.600,temperature,2.528083,-6.775,1.880,-107.984
66.750,turbidity,0.940977,-6.922,1.568,-107.989
66.800,temperature,2.591426,-6.971,1.464,-107.990
67.000,temperature,2.575255,-7.167,1.046,-107.995
67.000,turbidity,0.925077,-7.167,1.046,-107.995
67.000,h2s,1.138737,-7.167,1.046,-107.995
67.000,ph,7.929287,-7.167,1.046,-107.995
67.200,temperature,2.539925,-7.362,0.628,-107.998
67.250,turbidity,0.577929,-7.411,0.523,-107.999
67.400,temperature,2.543832,-7.557,0.209,-108.000
67.500,turbidity,0.865558,-7.654,0.000,-108.000
67.500,h2s,0.864791,-7.654,0.000,-108.000
67.600,temperature,2.515133,-7.750,-0.209,-108.000
67.750,turbidity,0.884626,-7.895,-0.523,-107.999
67.800,temperature,2.433542,-7.943,-0.628,-107.998
68.000,temperature,2.528634,-8.135,-1.046,-107.995
68.000,turbidity,0.745948,-8.135,-1.046,-107.995
68.000,h2s,0.987712,-8.135,-1.046,-107.995
68.000,ph,7.950418,-8.135,-1.046,-107.995
68.200,temperature,2.361235,-8.326,-1.464,-107.990
68.250,turbidity,-1.983268,-8.373,-1.568,-107.989
68.400,temperature,2.487377,-8.516,-1.880,-107.984
68.500,turbidity,0.247851,-8.610,-2.088,-107.981
68.500,h2s,1.040133,-8.610,-2.088,-107.981
68.600,temperature,2.391661,-8.705,-2.295,-107.976
68.750,turbidity,1.184073,-8.846,-2.605,-107.970
68.800,temperature,2.458287,-8.893,-2.708,-107.967
69.000,temperature,2.443076,-9.080,-3.119,-107.956
69.000,turbidity,0.306357,-9.080,-3.119,-107.956
69.000,h2s,0.912918,-9.080,-3.119,-107.956
69.000,ph,7.960740,-9.080,-3.119,-107.956
69.200,temperature,2.426005,-9.266,-3.527,-107.944
69.250,turbidity,0.659455,-9.312,-3.629,-107.940
69.400,temperature,2.430163,-9.451,-3.933,-107.930
69.500,turbidity,0.626696,-9.543,-4.135,-107.922
69.500,h2s,0.309896,-9.543,-4.135,-107.922
69.600,temperature,2.434623,-9.635,-4.335,-107.914
69.750,turbidity,0.777965,-9.772,-4.635,-107.902
69.800,temperature,2.333085,-9.818,-4.735,-107.897
70.000,temperature,2.377410,-10.000,-5.130,-107.878
70.000,turbidity,0.261461,-10.000,-5.130,-107.878
70.000,h2s,0.086200,-10.000,-5.130,-107.878
70.000,ph,7.931773,-10.000,-5.130,-107.878
70.200,temperature,2.298219,-10.181,-5.522,-107.858
70.250,turbidity,0.551698,-10.226,-5.619,-107.853
70.400,temperature,2.320508,-10.361,-5.909,-107.837
70.500,turbidity,0.398202,-10.450,-6.101,-107.825
70.500,h2s,0.573114,-10.450,-6.101,-107.825
70.600,temperature,2.336465,-10.539,-6.292,-107.813
70.750,turbidity,0.738663,-10.672,-6.576,-107.795
70.800,temperature,2.232057,-10.717,-6.670,-107.789
71.000,temperature,2.142424,-10.893,-7.042,-107.762
71.000,turbidity,0.745415,-10.893,-7.042,-107.762
71.000,h2s,0.602734,-10.893,-7.042,-107.762
71.000,ph,7.963622,-10.893,-7.042,-107.762
71.200,temperature,2.198289,-11.068,-7.409,-107.735
71.250,turbidity,0.420741,-11.111,-7.500,-107.727
71.400,temperature,2.285888,-11.242,-7.770,-107.705
71.500,turbidity,0.921996,-11.328,-7.949,-107.690
71.500,h2s,0.530478,-11.328,-7.949,-107.690
71.600,temperature,2.165500,-11.414,-8.126,-107.675
71.750,turbidity,0.770157,-11.543,-8.388,-107.650
71.800,temperature,2.256923,-11.586,-8.475,-107.642
72.000,temperature,2.146991,-11.756,-8.817,-107.608
72.000,turbidity,0.237004,-11.756,-8.817,-107.608
72.000,h2s,0.325697,-11.756,-8.817,-107.608
72.000,ph,7.993284,-11.756,-8.817,-107.608
72.200,temperature,2.170131,-11.924,-9.152,-107.573
72.250,turbidity,0.074440,-11.966,-9.235,-107.564
72.400,temperature,2.169843,-12.092,-9.480,-107.536
72.500,turbidity,0.503584,-12.175,-9.642,-107.518
72.500,h2s,0.503041,-12.175,-9.642,-107.518
72.600,temperature,0.949915,-12.258,-9.801,-107.498
72.750,turbidity,0.696518,-12.382,-10.037,-107.469
72.800,temperature,2.090216,-12.423,-10.115,-107.459
73.000,temperature,2.176438,-12.586,-10.420,-107.417
73.000,turbidity,0.320329,-12.586,-10.420,-107.417
73.000,h2s,0.553357,-12.586,-10.420,-107.417
73.000,ph,8.012808,-12.586,-10.420,-107.417
73.200,temperature,2.082752,-12.748,-10.717,-107.375
73.250,turbidity,0.597314,-12.789,-10.790,-107.364
73.400,temperature,2.182536,-12.909,-11.006,-107.331
73.500,turbidity,0.507823,-12.989,-11.147,-107.308
73.500,h2s,-0.007027,-12.989,-11.147,-107.308
73.600,temperature,2.044104,-13.068,-11.286,-107.285
73.750,turbidity,1.057637,-13.187,-11.491,-107.250
73.800,temperature,2.185305,-13.226,-11.558,-107.239
74.000,temperature,2.144407,-13.383,-11.820,-107.190
74.000,turbidity,0.193797,-13.383,-11.820,-107.190
74.000,h2s,-0.048929,-13.383,-11.820,-107.190
74.000,ph,7.982310,-13.383,-11.820,-107.190
74.200,temperature,2.044321,-13.538,-12.073,-107.141
74.250,turbidity,0.802745,-13.576,-12.135,-107.128
74.400,temperature,2.097906,-13.691,-12.317,-107.090
74.500,turbidity,0.779884,-13.767,-12.436,-107.064
74.500,h2s,0.326675,-13.767,-12.436,-107.064
74.600,temperature,2.080715,-13.843,-12.551,-107.037
74.750,turbidity,0.519886,-13.956,-12.721,-106.997
74.800,temperature,2.093502,-13.993,-12.776,-106.983
75.000,temperature,2.121812,-14.142,-12.990,-106.928
75.000,turbidity,-0.030279,-14.142,-12.990,-106.928
75.000,h2s,0.385764,-14.142,-12.990,-106.928
75.000,ph,7.965586,-14.142,-12.990,-106.928
75.200,temperature,1.965310,-14.289,-13.195,-106.872
75.250,turbidity,0.592669,-14.326,-13.244,-106.857
75.400,temperature,2.133597,-14.435,-13.389,-106.814
75.500,turbidity,0.133583,-14.507,-13.482,-106.784
75.500,h2s,0.106521,-14.507,-13.482,-106.784
75.600,temperature,7.097674,-14.579,-13.572,-106.755
75.750,turbidity,1.149425,-14.686,-13.703,-106.709
75.800,temperature,2.158068,-14.722,-13.745,-106.694
76.000,temperature,2.047006,-14.863,-13.908,-106.632
76.000,turbidity,0.512985,-14.863,-13.908,-106.632
76.000,h2s,-0.185013,-14.863,-13.908,-106.632
76.000,ph,7.982165,-14.863,-13.908,-106.632
76.200,temperature,2.063825,-15.002,-14.059,-106.569
76.250,turbidity,1.139800,-15.037,-14.095,-106.553
76.400,temperature,2.010402,-15.140,-14.200,-106.505
76.500,turbidity,0.589854,-15.208,-14.266,-106.472
76.500,h2s,0.197785,-15.208,-14.266,-106.472
76.600,temperature,2.148544,-15.276,-14.329,-106.439
76.750,turbidity,0.363751,-15.377,-14.419,-106.389
76.800,temperature,2.011591,-15.410,-14.447,-106.372
77.000,temperature,2.088168,-15.543,-14.554,-106.304
77.000,turbidity,0.931167,-15.543,-14.554,-106.304
77.000,h2s,0.265675,-15.543,-14.554,-106.304
77.000,ph,7.987471,-15.543,-14.554,-106.304
77.200,temperature,2.117421,-15.674,-14.650,-106.235
77.250,turbidity,0.660677,-15.706,-14.672,-106.217
77.400,temperature,2.090878,-15.803,-14.734,-106.164
77.500,turbidity,1.273461,-15.867,-14.772,-106.128
77.500,h2s,0.132597,-15.867,-14.772,-106.128
77.600,temperature,2.070039,-15.931,-14.807,-106.092
77.750,turbidity,0.353838,-16.025,-14.854,-106.038
77.800,temperature,2.056478,-16.056,-14.868,-106.019
78.000,temperature,1.987775,-16.180,-14.918,-105.945
78.000,turbidity,0.943676,-16.180,-14.918,-105.945
78.000,h2s,0.383234,-16.180,-14.918,-105.945
78.000,ph,7.987285,-16.180,-14.918,-105.945
78.200,temperature,2.137855,-16.303,-14.956,-105.870
78.250,turbidity,1.249985,-16.333,-14.963,-105.851
78.400,temperature,2.063970,-16.423,-14.982,-105.793
78.500,turbidity,0.962015,-16.483,-14.991,-105.755
78.500,h2s,0.245397,-16.483,-14.991,-105.755
78.600,temperature,2.051782,-16.542,-14.997,-105.716
78.750,turbidity,0.766437,-16.629,-15.000,-105.657
78.800,temperature,1.996640,-16.658,-15.000,-105.637
79.000,temperature,2.054634,-16.773,-14.991,-105.557
79.000,turbidity,0.965200,-16.773,-14.991,-105.557
79.000,h2s,0.053233,-16.773,-14.991,-105.557
79.000,ph,7.978100,-16.773,-14.991,-105.557
79.200,temperature,2.049525,-16.887,-14.970,-105.476
79.250,turbidity,0.513397,-16.915,-14.963,-105.456
79.400,temperature,2.142606,-16.998,-14.938,-105.394
79.500,turbidity,0.295846,-17.053,-14.918,-105.353
79.500,h2s,0.073938,-17.053,-14.918,-105.353
79.600,temperature,2.054119,-17.107,-14.894,-105.311
79.750,turbidity,0.387022,-17.188,-14.854,-105.248
79.800,temperature,2.056760,-17.215,-14.839,-105.227
80.000,temperature,2.001621,-17.321,-14.772,-105.142
80.000,turbidity,0.566596,-17.321,-14.772,-105.142
80.000,h2s,0.194840,-17.321,-14.772,-105.142
80.000,ph,7.966810,-17.321,-14.772,-105.142
80.200,temperature,2.019830,-17.424,-14.694,-105.056
80.250,turbidity,0.786135,-17.450,-14.672,-105.035
80.400,temperature,2.084297,-17.526,-14.604,-104.969
80.500,turbidity,0.318214,-17.576,-14.554,-104.925
80.500,h2s,0.129761,-17.576,-14.554,-104.925
80.600,temperature,1.971222,-17.626,-14.502,-104.881
80.750,turbidity,0.450134,-17.700,-14.419,-104.815
80.800,temperature,2.112398,-17.724,-14.390,-104.792
81.000,temperature,2.116207,-17.820,-14.266,-104.702
81.000,turbidity,0.342886,-17.820,-14.266,-104.702
81.000,h2s,-0.125297,-17.820,-14.266,-104.702
81.000,ph,7.971880,-17.820,-14.266,-104.702
81.200,temperature,2.025228,-17.914,-14.131,-104.611
81.250,turbidity,0.848341,-17.937,-14.095,-104.589
81.400,temperature,2.087556,-18.006,-13.985,-104.520
81.500,turbidity,1.141125,-18.052,-13.908,-104.474
81.500,h2s,0.261285,-18.052,-13.908,-104.474
81.600,temperature,2.137838,-18.097,-13.828,-104.427
81.750,turbidity,0.258675,-18.163,-13.703,-104.357
81.800,temperature,2.070325,-18.185,-13.660,-104.334
82.000,temperature,2.064789,-18.271,-13.482,-104.239
82.000,turbidity,0.727997,-18.271,-13.482,-104.239
82.000,h2s,0.122899,-18.271,-13.482,-104.239
82.000,ph,7.980507,-18.271,-13.482,-104.239
82.200,temperature,2.074814,-18.355,-13.293,-104.144
82.250,turbidity,0.898470,-18.376,-13.244,-104.120
82.400,temperature,2.102127,-18.437,-13.094,-104.048
82.500,turbidity,0.505946,-18.478,-12.990,-104.000
82.500,h2s,0.171125,-18.478,-12.990,-104.000
82.600,temperature,2.063062,-18.517,-12.884,-103.952
82.750,turbidity,0.160053,-18.576,-12.721,-103.878
82.800,temperature,2.079795,-18.596,-12.665,-103.854
83.000,temperature,2.119460,-18.672,-12.436,-103.756
83.000,turbidity,0.951698,-18.672,-12.436,-103.756
83.000,h2s,0.070542,-18.672,-12.436,-103.756
83.000,ph,8.003331,-18.672,-12.436,-103.756
83.200,temperature,2.088149,-18.746,-12.197,-103.657
83.250,turbidity,0.150852,-18.764,-12.135,-103.632
83.400,temperature,2.061056,-18.818,-11.948,-103.557
83.500,turbidity,1.058399,-18.853,-11.820,-103.507
83.500,h2s,0.603080,-18.853,-11.820,-103.507
83.600,temperature,2.033587,-18.888,-11.690,-103.457
83.750,turbidity,0.369479,-18.939,-11.491,-103.381
83.800,temperature,2.136347,-18.955,-11.423,-103.356
84.000,temperature,2.204266,-19.021,-11.147,-103.254
84.000,turbidity,0.125715,-19.021,-11.147,-103.254
84.000,h2s,0.449840,-19.021,-11.147,-103.254
84.000,ph,8.006584,-19.021,-11.147,-103.254
84.200,temperature,2.172775,-19.085,-10.863,-103.152
84.250,turbidity,0.456696,-19.100,-10.790,-103.126
84.400,temperature,2.106706,-19.146,-10.570,-103.049
84.500,turbidity,0.596339,-19.176,-10.420,-102.997
84.500,h2s,0.731731,-19.176,-10.420,-102.997
84.600,temperature,2.136292,-19.206,-10.268,-102.945
84.750,turbidity,0.664636,-19.249,-10.037,-102.867
84.800,temperature,2.169215,-19.263,-9.959,-102.841
85.000,temperature,2.289760,-19.319,-9.642,-102.736
85.000,turbidity,0.810716,-19.319,-9.642,-102.736
85.000,h2s,0.362821,-19.319,-9.642,-102.736
85.000,ph,7.979938,-19.319,-9.642,-102.736
85.200,temperature,2.306298,-19.372,-9.317,-102.631
85.250,turbidity,0.707321,-19.385,-9.235,-102.605
85.400,temperature,2.312687,-19.423,-8.985,-102.525
85.500,turbidity,1.186128,-19.447,-8.817,-102.472
85.500,h2s,0.603439,-19.447,-8.817,-102.472
85.600,temperature,2.246324,-19.472,-8.646,-102.419
85.750,turbidity,0.621955,-19.507,-8.388,-102.339
85.800,temperature,2.414294,-19.518,-8.301,-102.312
86.000,temperature,2.236372,-19.563,-7.949,-102.205
86.000,turbidity,0.751165,-19.563,-7.949,-102.205
86.000,h2s,0.584521,-19.563,-7.949,-102.205
86.000,ph,7.947561,-19.563,-7.949,-102.205
86.200,temperature,2.270815,-19.605,-7.591,-102.098
86.250,turbidity,0.735217,-19.616,-7.500,-102.071
86.400,temperature,2.352269,-19.646,-7.226,-101.990
86.500,turbidity,0.177133,-19.665,-7.042,-101.935
86.500,h2s,0.483367,-19.665,-7.042,-101.935
86.600,temperature,2.339426,-19.684,-6.856,-101.881
86.750,turbidity,0.333001,-19.711,-6.576,-101.800
86.800,temperature,2.361661,-19.720,-6.481,-101.772
87.000,temperature,2.267938,-19.754,-6.101,-101.663
87.000,turbidity,0.716160,-19.754,-6.101,-101.663
87.000,h2s,0.627939,-19.754,-6.101,-101.663
87.000,ph,7.947474,-19.754,-6.101,-101.663
87.200,temperature,2.336188,-19.785,-5.716,-101.554
87.250,turbidity,0.845445,-19.793,-5.619,-101.526
87.400,temperature,2.403336,-19.815,-5.327,-101.444
87.500,turbidity,0.120329,-19.829,-5.130,-101.389
87.500,h2s,0.886785,-19.829,-5.130,-101.389
87.600,temperature,2.392920,-19.842,-4.933,-101.334
87.750,turbidity,1.305071,-19.861,-4.635,-101.251
87.800,temperature,2.382090,-19.867,-4.536,-101.224
88.000,temperature,2.441708,-19.890,-4.135,-101.113
88.000,turbidity,0.909309,-19.890,-4.135,-101.113
88.000,h2s,0.654535,-19.890,-4.135,-101.113
88.000,ph,7.905250,-19.890,-4.135,-101.113
88.200,temperature,2.506669,-19.911,-3.730,-101.003
88.250,turbidity,0.763017,-19.916,-3.629,-100.975
88.400,temperature,2.550602,-19.930,-3.323,-100.892
88.500,turbidity,0.920526,-19.938,-3.119,-100.836
88.500,h2s,1.142776,-19.938,-3.119,-100.836
88.600,temperature,2.441199,-19.946,-2.914,-100.781
88.750,turbidity,0.630281,-19.957,-2.605,-100.697
88.800,temperature,2.556190,-19.961,-2.502,-100.669
89.000,temperature,2.572096,-19.973,-2.088,-100.558
89.000,turbidity,0.857420,-19.973,-2.088,-100.558
89.000,h2s,1.056974,-19.973,-2.088,-100.558
89.000,ph,7.961048,-19.973,-2.088,-100.558
89.200,temperature,2.608308,-19.982,-1.672,-100.447
89.250,turbidity,0.917129,-19.985,-1.568,-100.419
89.400,temperature,2.560392,-19.990,-1.255,-100.335
89.500,turbidity,1.205072,-19.993,-1.046,-100.279
89.500,h2s,1.273506,-19.993,-1.046,-100.279
89.600,temperature,2.579209,-19.996,-0.837,-100.223
89.750,turbidity,0.784681,-19.998,-0.523,-100.140
89.800,temperature,2.712925,-19.999,-0.419,-100.112
90.000,temperature,2.541142,-20.000,-0.000,-100.000
90.000,turbidity,0.423103,-20.000,-0.000,-100.000
90.000,h2s,1.242533,-20.000,-0.000,-100.000
90.000,ph,7.908349,-20.000,-0.000,-100.000
90.200,temperature,2.638757,-19.999,0.419,-99.888
90.250,turbidity,0.591262,-19.998,0.523,-99.860
90.400,temperature,2.672699,-19.996,0.837,-99.777
90.500,turbidity,0.785774,-19.993,1.046,-99.721
90.500,h2s,0.916556,-19.993,1.046,-99.721
90.600,temperature,2.688683,-19.990,1.255,-99.665
90.750,turbidity,0.473523,-19.985,1.568,-99.581
90.800,temperature,2.679994,-19.982,1.672,-99.553
91.000,temperature,2.745583,-19.973,2.088,-99.442
91.000,turbidity,0.578928,-19.973,2.088,-99.442
91.000,h2s,1.253040,-19.973,2.088,-99.442
91.000,ph,7.922600,-19.973,2.088,-99.442
91.200,temperature,2.747255,-19.961,2.502,-99.331
91.250,turbidity,0.615579,-19.957,2.605,-99.303
91.400,temperature,2.724803,-19.946,2.914,-99.219
91.500,turbidity,0.782553,-19.938,3.119,-99.164
91.500,h2s,1.481245,-19.938,3.119,-99.164
91.600,temperature,2.703748,-19.930,3.323,-99.108
91.750,turbidity,1.032246,-19.916,3.629,-99.025
91.800,temperature,2.724573,-19.911,3.730,-98.997
92.000,temperature,2.738671,-19.890,4.135,-98.887
92.000,turbidity,0.769408,-19.890,4.135,-98.887
92.000,h2s,1.306740,-19.890,4.135,-98.887
92.000,ph,7.933982,-19.890,4.135,-98.887
92.200,temperature,2.695321,-19.867,4.536,-98.776
92.250,turbidity,1.051868,-19.861,4.635,-98.749
92.400,temperature,2.756899,-19.842,4.933,-98.666
92.500,turbidity,0.872989,-19.829,5.130,-98.611
92.500,h2s,1.266039,-19.829,5.130,-98.611
92.600,temperature,2.773266,-19.815,5.327,-98.556
92.750,turbidity,0.586961,-19.793,5.619,-98.474
92.800,temperature,2.789151,-19.785,5.716,-98.446
93.000,temperature,2.777721,-19.754,6.101,-98.337
93.000,turbidity,0.974066,-19.754,6.101,-98.337
93.000,h2s,1.265548,-19.754,6.101,-98.337
93.000,ph,7.951480,-19.754,6.101,-98.337
93.200,temperature,2.684758,-19.720,6.481,-98.228
93.250,turbidity,0.919426,-19.711,6.576,-98.200
93.400,temperature,2.696731,-19.684,6.856,-98.119
93.500,turbidity,1.037962,-19.665,7.042,-98.065
93.500,h2s,0.854703,-19.665,7.042,-98.065
93.600,temperature,2.671718,-19.646,7.226,-98.010
93.750,turbidity,1.095678,-19.616,7.500,-97.929
93.800,temperature,2.660062,-19.605,7.591,-97.902
94.000,temperature,2.644850,-19.563,7.949,-97.795
94.000,turbidity,1.231201,-19.563,7.949,-97.795
94.000,h2s,1.379818,-19.563,7.949,-97.795
94.000,ph,7.939587,-19.563,7.949,-97.795
94.200,temperature,2.644201,-19.518,8.301,-97.688
94.250,turbidity,0.997248,-19.507,8.388,-97.661
94.400,temperature,2.689243,-19.472,8.646,-97.581
94.500,turbidity,0.873823,-19.447,8.817,-97.528
94.500,h2s,0.667560,-19.447,8.817,-97.528
94.600,temperature,2.633297,-19.423,8.985,-97.475
94.750,turbidity,1.002175,-19.385,9.235,-97.395
94.800,temperature,2.546983,-19.372,9.317,-97.369
95.000,temperature,2.638230,-19.319,9.642,-97.264
95.000,turbidity,0.671345,-19.319,9.642,-97.264
95.000,h2s,1.320094,-19.319,9.642,-97.264
95.000,ph,7.922433,-19.319,9.642,-97.264
95.200,temperature,2.588564,-19.263,9.959,-97.159
95.250,turbidity,0.641994,-19.249,10.037,-97.133
95.400,temperature,2.589461,-19.206,10.268,-97.055
95.500,turbidity,1.231407,-19.176,10.420,-97.003
95.500,h2s,0.926347,-19.176,10.420,-97.003
95.600,temperature,2.566585,-19.146,10.570,-96.951
95.750,turbidity,0.618285,-19.100,10.790,-96.874
95.800,temperature,2.556435,-19.085,10.863,-96.848
96.000,temperature,2.546717,-19.021,11.147,-96.746
96.000,turbidity,0.525952,-19.021,11.147,-96.746
96.000,h2s,1.034568,-19.021,11.147,-96.746
96.000,ph,7.948606,-19.021,11.147,-96.746
96.200,temperature,2.429796,-18.955,11.423,-96.644
96.250,turbidity,0.935852,-18.939,11.491,-96.619
96.400,temperature,2.528764,-18.888,11.690,-96.543
96.500,turbidity,0.629784,-18.853,11.820,-96.493
96.500,h2s,0.542947,-18.853,11.820,-96.493
96.600,temperature,2.458774,-18.818,11.948,-96.443
96.750,turbidity,1.003712,-18.764,12.135,-96.368
96.800,temperature,2.460287,-18.746,12.197,-96.343
97.000,temperature,2.475161,-18.672,12.436,-96.244
97.000,turbidity,1.117927,-18.672,12.436,-96.244
97.000,h2s,1.013550,-18.672,12.436,-96.244
97.000,ph,7.978672,-18.672,12.436,-96.244
97.200,temperature,2.547562,-18.596,12.665,-96.146
97.250,turbidity,0.533509,-18.576,12.721,-96.122
97.400,temperature,2.408789,-18.517,12.884,-96.048
97.500,turbidity,0.945868,-18.478,12.990,-96.000
97.500,h2s,0.945156,-18.478,12.990,-96.000
97.600,temperature,2.450070,-18.437,13.094,-95.952
97.750,turbidity,0.565576,-18.376,13.244,-95.880
97.800,temperature,2.432785,-18.355,13.293,-95.856
98.000,temperature,2.486329,-18.271,13.482,-95.761
98.000,turbidity,0.667808,-18.271,13.482,-95.761
98.000,h2s,0.908322,-18.271,13.482,-95.761
98.000,ph,7.935309,-18.271,13.482,-95.761
98.200,temperature,2.421340,-18.185,13.660,-95.666
98.250,turbidity,0.827648,-18.163,13.703,-95.643
98.400,temperature,2.442863,-18.097,13.828,-95.573
98.500,turbidity,0.573236,-18.052,13.908,-95.526
98.500,h2s,0.424490,-18.052,13.908,-95.526
98.600,temperature,2.378834,-18.006,13.985,-95.480
98.750,turbidity,0.795994,-17.937,14.095,-95.411
98.800,temperature,2.482077,-17.914,14.131,-95.389
99.000,temperature,2.354965,-17.820,14.266,-95.298
99.000,turbidity,0.684874,-17.820,14.266,-95.298
99.000,h2s,0.634091,-17.820,14.266,-95.298
99.000,ph,7.921533,-17.820,14.266,-95.298
99.200,temperature,2.448914,-17.724,14.390,-95.208
99.250,turbidity,0.981835,-17.700,14.419,-95.185
99.400,temperature,2.438167,-17.626,14.502,-95.119
99.500,turbidity,0.983491,-17.576,14.554,-95.075
99.500,h2s,0.861718,-17.576,14.554,-95.075
99.600,temperature,2.447408,-17.526,14.604,-95.031
99.750,turbidity,0.574993,-17.450,14.672,-94.965
99.800,temperature,2.361564,-17.424,14.694,-94.944
100.000,temperature,2.420880,-17.321,14.772,-94.858
100.000,turbidity,0.835394,-17.321,14.772,-94.858
100.000,h2s,1.021039,-17.321,14.772,-94.858
100.000,ph,7.932115,-17.321,14.772,-94.858
100.200,temperature,2.484974,-17.215,14.839,-94.773
100.250,turbidity,1.039782,-17.188,14.854,-94.752
100.400,temperature,2.537866,-17.107,14.894,-94.689
100.500,turbidity,0.445028,-17.053,14.918,-94.647
100.500,h2s,0.648716,-17.053,14.918,-94.647
100.600,temperature,2.450701,-16.998,14.938,-94.606
100.750,turbidity,0.700959,-16.915,14.963,-94.544
100.800,temperature,2.503989,-16.887,14.970,-94.524
101.000,temperature,2.483160,-16.773,14.991,-94.443
101.000,turbidity,0.841311,-16.773,14.991,-94.443
101.000,h2s,0.693028,-16.773,14.991,-94.443
101.000,ph,7.953307,-16.773,14.991,-94.443
101.200,temperature,2.486247,-16.658,15.000,-94.363
101.250,turbidity,0.452883,-16.629,15.000,-94.343
101.400,temperature,2.482809,-16.542,14.997,-94.284
101.500,turbidity,1.292927,-16.483,14.991,-94.245
101.500,h2s,0.982570,-16.483,14.991,-94.245
101.600,temperature,2.519865,-16.423,14.982,-94.207
101.750,turbidity,14.906915,-16.333,14.963,-94.149
101.800,temperature,2.571407,-16.303,14.956,-94.130
102.000,temperature,2.596069,-16.180,14.918,-94.055
102.000,turbidity,0.620103,-16.180,14.918,-94.055
102.000,h2s,1.475460,-16.180,14.918,-94.055
102.000,ph,7.926872,-16.180,14.918,-94.055
102.200,temperature,2.519214,-16.056,14.868,-93.981
102.250,turbidity,1.246387,-16.025,14.854,-93.962
102.400,temperature,2.581158,-15.931,14.807,-93.908
102.500,turbidity,1.014182,-15.867,14.772,-93.872
102.500,h2s,0.972597,-15.867,14.772,-93.872
102.600,temperature,2.581944,-15.803,14.734,-93.836
102.750,turbidity,0.764063,-15.706,14.672,-93.783
102.800,temperature,2.667807,-15.674,14.650,-93.765
103.000,temperature,2.682628,-15.543,14.554,-93.696
103.000,turbidity,0.519115,-15.543,14.554,-93.696
103.000,h2s,1.149665,-15.543,14.554,-93.696
103.000,ph,7.915754,-15.543,14.554,-93.696
103.200,temperature,2.754294,-15.410,14.447,-93.628
103.250,turbidity,0.843757,-15.377,14.419,-93.611
103.400,temperature,2.799505,-15.276,14.329,-93.561
103.500,turbidity,0.660063,-15.208,14.266,-93.528
103.500,h2s,1.284871,-15.208,14.266,-93.528
103.600,temperature,2.719561,-15.140,14.200,-93.495
103.750,turbidity,1.004297,-15.037,14.095,-93.447
103.800,temperature,2.766508,-15.002,14.059,-93.431
104.000,temperature,2.930880,-14.863,13.908,-93.368
104.000,turbidity,0.159389,-14.863,13.908,-93.368
104.000,h2s,1.568781,-14.863,13.908,-93.368
104.000,ph,7.902187,-14.863,13.908,-93.368
104.200,temperature,3.051570,-14.722,13.745,-93.306
104.250,turbidity,1.031747,-14.686,13.703,-93.291
104.400,temperature,3.034220,-14.579,13.572,-93.245
104.500,turbidity,1.146692,-14.507,13.482,-93.216
104.500,h2s,2.093021,-14.507,13.482,-93.216
104.600,temperature,3.106391,-14.435,13.389,-93.186
104.750,turbidity,0.980965,-14.326,13.244,-93.143
104.800,temperature,3.262707,-14.289,13.195,-93.128
105.000,temperature,3.341966,-14.142,12.990,-93.072
105.000,turbidity,1.051157,-14.142,12.990,-93.072
105.000,h2s,2.171821,-14.142,12.990,-93.072
105.000,ph,7.827831,-14.142,12.990,-93.072
105.200,temperature,3.350533,-13.993,12.776,-93.017
105.250,turbidity,1.056268,-13.956,12.721,-93.003
105.400,temperature,3.538778,-13.843,12.551,-92.963
105.500,turbidity,1.230068,-13.767,12.436,-92.936
105.500,h2s,3.104064,-13.767,12.436,-92.936
105.600,temperature,3.581010,-13.691,12.317,-92.910
105.750,turbidity,1.790055,-13.576,12.135,-92.872
105.800,temperature,3.717962,-13.538,12.073,-92.859
106.000,temperature,3.833994,-13.383,11.820,-92.810
106.000,turbidity,1.690894,-13.383,11.820,-92.810
106.000,h2s,3.134193,-13.383,11.820,-92.810
106.000,ph,7.772907,-13.383,11.820,-92.810
106.200,temperature,3.968619,-13.226,11.558,-92.761
106.250,turbidity,1.474430,-13.187,11.491,-92.750
106.400,temperature,4.197924,-13.068,11.286,-92.715
106.500,turbidity,1.494898,-12.989,11.147,-92.692
106.500,h2s,4.007465,-12.989,11.147,-92.692
106.600,temperature,4.298919,-12.909,11.006,-92.669
106.750,turbidity,1.960449,-12.789,10.790,-92.636
106.800,temperature,4.565025,-12.748,10.717,-92.625
107.000,temperature,4.768378,-12.586,10.420,-92.583
107.000,turbidity,1.896568,-12.586,10.420,-92.583
107.000,h2s,4.464273,-12.586,10.420,-92.583
107.000,ph,7.659428,-12.586,10.420,-92.583
107.200,temperature,4.975622,-12.423,10.115,-92.541
107.250,turbidity,1.669474,-12.382,10.037,-92.531
107.400,temperature,5.197929,-12.258,9.801,-92.502
107.500,turbidity,2.052682,-12.175,9.642,-92.482
107.500,h2s,5.216660,-12.175,9.642,-92.482
107.600,temperature,-0.452601,-12.092,9.480,-92.464
107.750,turbidity,2.694777,-11.966,9.235,-92.436
107.800,temperature,5.770548,-11.924,9.152,-92.427
108.000,temperature,6.034438,-11.756,8.817,-92.392
108.000,turbidity,2.611833,-11.756,8.817,-92.392
108.000,h2s,6.550101,-11.756,8.817,-92.392
108.000,ph,7.550105,-11.756,8.817,-92.392
108.200,temperature,6.291463,-11.586,8.475,-92.358
108.250,turbidity,2.529503,-11.543,8.388,-92.350
108.400,temperature,6.594912,-11.414,8.126,-92.325
108.500,turbidity,2.410842,-11.328,7.949,-92.310
108.500,h2s,7.959410,-11.328,7.949,-92.310
108.600,temperature,7.031615,-11.242,7.770,-92.295
108.750,turbidity,3.128702,-11.111,7.500,-92.273
108.800,temperature,7.524511,-11.068,7.409,-92.265
109.000,temperature,7.837084,-10.893,7.042,-92.238
109.000,turbidity,3.293153,-10.893,7.042,-92.238
109.000,h2s,9.178914,-10.893,7.042,-92.238
109.000,ph,7.325837,-10.893,7.042,-92.238
109.200,temperature,8.155701,-10.717,6.670,-92.211
109.250,turbidity,3.479116,-10.672,6.576,-92.205
109.400,temperature,8.579885,-10.539,6.292,-92.187
109.500,turbidity,4.018618,-10.450,6.101,-92.175
109.500,h2s,11.187681,-10.450,6.101,-92.175
109.600,temperature,8.984094,-10.361,5.909,-92.163
109.750,turbidity,4.197466,-10.226,5.619,-92.147
109.800,temperature,9.367556,-10.181,5.522,-92.142
110.000,temperature,9.881641,-10.000,5.130,-92.122
110.000,turbidity,3.883686,-10.000,5.130,-92.122
110.000,h2s,12.644256,-10.000,5.130,-92.122
110.000,ph,7.046537,-10.000,5.130,-92.122
110.200,temperature,10.354855,-9.818,4.735,-92.103
110.250,turbidity,4.593132,-9.772,4.635,-92.098
110.400,temperature,10.828031,-9.635,4.335,-92.086
110.500,turbidity,4.500467,-9.543,4.135,-92.078
110.500,h2s,14.385382,-9.543,4.135,-92.078
110.600,temperature,11.347676,-9.451,3.933,-92.070
110.750,turbidity,5.003226,-9.312,3.629,-92.060
110.800,temperature,11.778098,-9.266,3.527,-92.056
111.000,temperature,12.278816,-9.080,3.119,-92.044
111.000,turbidity,5.039624,-9.080,3.119,-92.044
111.000,h2s,16.901281,-9.080,3.119,-92.044
111.000,ph,6.766917,-9.080,3.119,-92.044
111.200,temperature,12.703619,-8.893,2.708,-92.033
111.250,turbidity,5.321876,-8.846,2.605,-92.030
111.400,temperature,13.144328,-8.705,2.295,-92.024
111.500,turbidity,5.426493,-8.610,2.088,-92.019
111.500,h2s,18.082279,-8.610,2.088,-92.019
111.600,temperature,13.584369,-8.516,1.880,-92.016
111.750,turbidity,6.318433,-8.373,1.568,-92.011
111.800,temperature,13.922464,-8.326,1.464,-92.010
112.000,temperature,14.395311,-8.135,1.046,-92.005
112.000,turbidity,6.524097,-8.135,1.046,-92.005
112.000,h2s,19.771279,-8.135,1.046,-92.005
112.000,ph,6.555049,-8.135,1.046,-92.005
112.200,temperature,14.705566,-7.943,0.628,-92.002
112.250,turbidity,6.652272,-7.895,0.523,-92.001
112.400,temperature,15.044405,-7.750,0.209,-92.000
112.500,turbidity,6.695382,-7.654,0.000,-92.000
112.500,h2s,21.381620,-7.654,0.000,-92.000
112.600,temperature,15.366020,-7.557,-0.209,-92.000
112.750,turbidity,6.629447,-7.411,-0.523,-92.001
112.800,temperature,15.615264,-7.362,-0.628,-92.002
113.000,temperature,15.818381,-7.167,-1.046,-92.005
113.000,turbidity,7.035410,-7.167,-1.046,-92.005
113.000,h2s,22.226318,-7.167,-1.046,-92.005
113.000,ph,6.371231,-7.167,-1.046,-92.005
113.200,temperature,16.063704,-6.971,-1.464,-92.010
113.250,turbidity,7.366861,-6.922,-1.568,-92.011
113.400,temperature,16.207217,-6.775,-1.880,-92.016
113.500,turbidity,7.443932,-6.676,-2.088,-92.019
113.500,h2s,22.757744,-6.676,-2.088,-92.019
113.600,temperature,16.319628,-6.577,-2.295,-92.024
113.750,turbidity,7.829785,-6.429,-2.605,-92.030
113.800,temperature,16.400447,-6.379,-2.708,-92.033
114.000,temperature,16.330765,-6.180,-3.119,-92.044
114.000,turbidity,7.799841,-6.180,-3.119,-92.044
114.000,h2s,23.084547,-6.180,-3.119,-92.044
114.000,ph,6.278087,-6.180,-3.119,-92.044
114.200,temperature,16.411209,-5.981,-3.527,-92.056
114.250,turbidity,7.436113,-5.931,-3.629,-92.060
114.400,temperature,16.441518,-5.781,-3.933,-92.070
114.500,turbidity,7.255098,-5.680,-4.135,-92.078
114.500,h2s,23.409031,-5.680,-4.135,-92.078
114.600,temperature,16.345607,-5.580,-4.335,-92.086
114.750,turbidity,7.092473,-5.429,-4.635,-92.098
114.800,temperature,16.154222,-5.378,-4.735,-92.103
115.000,temperature,15.988257,-5.176,-5.130,-92.122
115.000,turbidity,6.790217,-5.176,-5.130,-92.122
115.000,h2s,22.595387,-5.176,-5.130,-92.122
115.000,ph,6.322027,-5.176,-5.130,-92.122
115.200,temperature,15.674748,-4.974,-5.522,-92.142
115.250,turbidity,6.776635,-4.923,-5.619,-92.147
115.400,temperature,15.535867,-4.771,-5.909,-92.163
115.500,turbidity,6.471019,-4.669,-6.101,-92.175
115.500,h2s,21.756102,-4.669,-6.101,-92.175
115.600,temperature,15.342353,-4.567,-6.292,-92.187
115.750,turbidity,7.325392,-4.414,-6.576,-92.205
115.800,temperature,15.009017,-4.363,-6.670,-92.211
116.000,temperature,14.778808,-4.158,-7.042,-92.238
116.000,turbidity,6.705417,-4.158,-7.042,-92.238
116.000,h2s,20.518188,-4.158,-7.042,-92.238
116.000,ph,6.449369,-4.158,-7.042,-92.238
116.200,temperature,14.456352,-3.953,-7.409,-92.265
116.250,turbidity,6.615230,-3.902,-7.500,-92.273
116.400,temperature,14.046067,-3.748,-7.770,-92.295
116.500,turbidity,6.143857,-3.645,-7.949,-92.310
116.500,h2s,19.231609,-3.645,-7.949,-92.310
116.600,temperature,13.733687,-3.542,-8.126,-92.325
116.750,turbidity,6.735971,-3.387,-8.388,-92.350
116.800,temperature,13.446902,-3.335,-8.475,-92.358
117.000,temperature,12.941406,-3.129,-8.817,-92.392
117.000,turbidity,5.471547,-3.129,-8.817,-92.392
117.000,h2s,17.643132,-3.129,-8.817,-92.392
117.000,ph,6.663123,-3.129,-8.817,-92.392
117.200,temperature,12.629789,-2.922,-9.152,-92.427
117.250,turbidity,5.118188,-2.870,-9.235,-92.436
117.400,temperature,12.207378,-2.714,-9.480,-92.464
117.500,turbidity,6.074994,-2.611,-9.642,-92.482
117.500,h2s,16.290112,-2.611,-9.642,-92.482
117.600,temperature,11.875921,-2.507,-9.801,-92.502
117.750,turbidity,4.735069,-2.351,-10.037,-92.531
117.800,temperature,11.648778,-2.299,-10.115,-92.541
118.000,temperature,11.185610,-2.091,-10.420,-92.583
118.000,turbidity,4.844586,-2.091,-10.420,-92.583
118.000,h2s,14.447988,-2.091,-10.420,-92.583
118.000,ph,6.870855,-2.091,-10.420,-92.583
118.200,temperature,10.760490,-1.882,-10.717,-92.625
118.250,turbidity,4.514302,-1.830,-10.790,-92.636
118.400,temperature,10.466539,-1.674,-11.006,-92.669
118.500,turbidity,4.626670,-1.569,-11.147,-92.692
118.500,h2s,13.653462,-1.569,-11.147,-92.692
118.600,temperature,10.106594,-1.465,-11.286,-92.715
118.750,turbidity,4.219324,-1.308,-11.491,-92.750
118.800,temperature,9.874851,-1.256,-11.558,-92.761
119.000,temperature,9.580566,-1.047,-11.820,-92.810
119.000,turbidity,4.328402,-1.047,-11.820,-92.810
119.000,h2s,12.117268,-1.047,-11.820,-92.810
119.000,ph,7.115935,-1.047,-11.820,-92.810
119.200,temperature,9.306797,-0.838,-12.073,-92.859
119.250,turbidity,4.218717,-0.785,-12.135,-92.872
119.400,temperature,1.442519,-0.628,-12.317,-92.910
119.500,turbidity,3.358738,-0.524,-12.436,-92.936
119.500,h2s,10.829003,-0.524,-12.436,-92.936
119.600,temperature,8.695049,-0.419,-12.551,-92.963
119.750,turbidity,3.401423,-0.262,-12.721,-93.003
119.800,temperature,8.484468,-0.209,-12.776,-93.017
120.000,temperature,8.286565,-0.000,-12.990,-93.072
120.000,turbidity,3.707364,-0.000,-12.990,-93.072
120.000,h2s,10.076426,-0.000,-12.990,-93.072
120.000,ph,7.231720,-0.000,-12.990,-93.072
120.200,temperature,7.966485,0.209,-13.195,-93.128
120.250,turbidity,3.673133,0.262,-13.244,-93.143
120.400,temperature,7.858438,0.419,-13.389,-93.186
120.500,turbidity,3.278349,0.524,-13.482,-93.216
120.500,h2s,9.117528,0.524,-13.482,-93.216
120.600,temperature,7.495700,0.628,-13.572,-93.245
120.750,turbidity,3.238659,0.785,-13.703,-93.291
120.800,temperature,7.439394,0.838,-13.745,-93.306
121.000,temperature,7.119494,1.047,-13.908,-93.368
121.000,turbidity,3.433234,1.047,-13.908,-93.368
121.000,h2s,8.582270,1.047,-13.908,-93.368
121.000,ph,7.370407,1.047,-13.908,-93.368
121.200,temperature,7.039224,1.256,-14.059,-93.431
121.250,turbidity,2.798241,1.308,-14.095,-93.447
121.400,temperature,6.830058,1.465,-14.200,-93.495
121.500,turbidity,2.858079,1.569,-14.266,-93.528
121.500,h2s,7.755601,1.569,-14.266,-93.528
121.600,temperature,6.682774,1.674,-14.329,-93.561
121.750,turbidity,3.087529,1.830,-14.419,-93.611
121.800,temperature,6.699345,1.882,-14.447,-93.628
122.000,temperature,6.507173,2.091,-14.554,-93.696
122.000,turbidity,3.034536,2.091,-14.554,-93.696
122.000,h2s,7.124065,2.091,-14.554,-93.696
122.000,ph,7.429217,2.091,-14.554,-93.696
122.200,temperature,6.341440,2.299,-14.650,-93.765
122.250,turbidity,2.559021,2.351,-14.672,-93.783
122.400,temperature,6.116023,2.507,-14.734,-93.836
122.500,turbidity,2.298464,2.611,-14.772,-93.872
122.500,h2s,6.819615,2.611,-14.772,-93.872
122.600,temperature,6.065562,2.714,-14.807,-93.908
122.750,turbidity,2.444690,2.870,-14.854,-93.962
122.800,temperature,6.013078,2.922,-14.868,-93.981
123.000,temperature,5.996316,3.129,-14.918,-94.055
123.000,turbidity,2.427087,3.129,-14.918,-94.055
123.000,h2s,6.785476,3.129,-14.918,-94.055
123.000,ph,7.491083,3.129,-14.918,-94.055
123.200,temperature,5.953402,3.335,-14.956,-94.130
123.250,turbidity,2.152557,3.387,-14.963,-94.149
123.400,temperature,5.830446,3.542,-14.982,-94.207
123.500,turbidity,2.159240,3.645,-14.991,-94.245
123.500,h2s,6.452178,3.645,-14.991,-94.245
123.600,temperature,5.862601,3.748,-14.997,-94.284
123.750,turbidity,2.714114,3.902,-15.000,-94.343
123.800,temperature,5.812587,3.953,-15.000,-94.363
124.000,temperature,5.723094,4.158,-14.991,-94.443
124.000,turbidity,2.455371,4.158,-14.991,-94.443
124.000,h2s,6.214855,4.158,-14.991,-94.443
124.000,ph,7.564820,4.158,-14.991,-94.443
124.200,temperature,5.664604,4.363,-14.970,-94.524
124.250,turbidity,2.212909,4.414,-14.963,-94.544
124.400,temperature,5.589861,4.567,-14.938,-94.606
124.500,turbidity,1.976044,4.669,-14.918,-94.647
124.500,h2s,6.216743,4.669,-14.918,-94.647
124.600,temperature,5.707583,4.771,-14.894,-94.689
124.750,turbidity,2.083839,4.923,-14.854,-94.752
124.800,temperature,5.686330,4.974,-14.839,-94.773
125.000,temperature,5.716120,5.176,-14.772,-94.858
125.000,turbidity,1.799789,5.176,-14.772,-94.858
125.000,h2s,6.126049,5.176,-14.772,-94.858
125.000,ph,7.564889,5.176,-14.772,-94.858
125.200,temperature,5.755520,5.378,-14.694,-94.944
125.250,turbidity,2.343614,5.429,-14.672,-94.965
125.400,temperature,5.788376,5.580,-14.604,-95.031
125.500,turbidity,2.081582,5.680,-14.554,-95.075
125.500,h2s,5.871987,5.680,-14.554,-95.075
125.600,temperature,5.774842,5.781,-14.502,-95.119
125.750,turbidity,2.389083,5.931,-14.419,-95.185
125.800,temperature,5.726081,5.981,-14.390,-95.208
126.000,temperature,5.767688,6.180,-14.266,-95.298
126.000,turbidity,2.535908,6.180,-14.266,-95.298
126.000,h2s,6.297951,6.180,-14.266,-95.298
126.000,ph,7.548151,6.180,-14.266,-95.298
126.200,temperature,5.859491,6.379,-14.131,-95.389
126.250,turbidity,2.432131,6.429,-14.095,-95.411
126.400,temperature,5.811199,6.577,-13.985,-95.480
126.500,turbidity,2.251698,6.676,-13.908,-95.526
126.500,h2s,6.523897,6.676,-13.908,-95.526
126.600,temperature,5.859513,6.775,-13.828,-95.573
126.750,turbidity,2.145748,6.922,-13.703,-95.643
126.800,temperature,5.983800,6.971,-13.660,-95.666
127.000,temperature,6.085617,7.167,-13.482,-95.761
127.000,turbidity,2.082153,7.167,-13.482,-95.761
127.000,h2s,6.737650,7.167,-13.482,-95.761
127.000,ph,7.513194,7.167,-13.482,-95.761
127.200,temperature,6.106108,7.362,-13.293,-95.856
127.250,turbidity,2.813113,7.411,-13.244,-95.880
127.400,temperature,6.157028,7.557,-13.094,-95.952
127.500,turbidity,2.576559,7.654,-12.990,-96.000
127.500,h2s,6.531024,7.654,-12.990,-96.000
127.600,temperature,6.179059,7.750,-12.884,-96.048
127.750,turbidity,2.439691,7.895,-12.721,-96.122
127.800,temperature,6.206797,7.943,-12.665,-96.146
128.000,temperature,6.350459,8.135,-12.436,-96.244
128.000,turbidity,2.753183,8.135,-12.436,-96.244
128.000,h2s,6.915254,8.135,-12.436,-96.244
128.000,ph,7.450536,8.135,-12.436,-96.244
128.200,temperature,6.465901,8.326,-12.197,-96.343
128.250,turbidity,2.918876,8.373,-12.135,-96.368
128.400,temperature,6.442592,8.516,-11.948,-96.443
128.500,turbidity,2.464030,8.610,-11.820,-96.493
128.500,h2s,7.174865,8.610,-11.820,-96.493
128.600,temperature,3.204379,8.705,-11.690,-96.543
128.750,turbidity,2.778571,8.846,-11.491,-96.619
128.800,temperature,6.687904,8.893,-11.423,-96.644
129.000,temperature,6.667870,9.080,-11.147,-96.746
129.000,turbidity,2.827807,9.080,-11.147,-96.746
129.000,h2s,7.528540,9.080,-11.147,-96.746
129.000,ph,7.429003,9.080,-11.147,-96.746
129.200,temperature,6.640491,9.266,-10.863,-96.848
129.250,turbidity,3.216730,9.312,-10.790,-96.874
129.400,temperature,8.234084,9.451,-10.570,-96.951
129.500,turbidity,2.732384,9.543,-10.420,-97.003
129.500,h2s,7.951456,9.543,-10.420,-97.003
129.600,temperature,6.815046,9.635,-10.268,-97.055
129.750,turbidity,2.613591,9.772,-10.037,-97.133
129.800,temperature,7.041902,9.818,-9.959,-97.159
130.000,temperature,7.005500,10.000,-9.642,-97.264
130.000,turbidity,3.007047,10.000,-9.642,-97.264
130.000,h2s,8.130670,10.000,-9.642,-97.264
130.000,ph,7.397895,10.000,-9.642,-97.264
130.200,temperature,7.026591,10.181,-9.317,-97.369
130.250,turbidity,3.133736,10.226,-9.235,-97.395
130.400,temperature,7.101610,10.361,-8.985,-97.475
130.500,turbidity,3.002678,10.450,-8.817,-97.528
130.500,h2s,8.306807,10.450,-8.817,-97.528
130.600,temperature,7.044562,10.539,-8.646,-97.581
130.750,turbidity,3.421575,10.672,-8.388,-97.661
130.800,temperature,7.091423,10.717,-8.301,-97.688
131.000,temperature,7.168439,10.893,-7.949,-97.795
131.000,turbidity,2.883273,10.893,-7.949,-97.795
131.000,h2s,8.109347,10.893,-7.949,-97.795
131.000,ph,7.393528,10.893,-7.949,-97.795
131.200,temperature,7.044679,11.068,-7.591,-97.902
131.250,turbidity,3.041107,11.111,-7.500,-97.929
131.400,temperature,7.204969,11.242,-7.226,-98.010
131.500,turbidity,2.570124,11.328,-7.042,-98.065
131.500,h2s,8.256587,11.328,-7.042,-98.065
131.600,temperature,7.027005,11.414,-6.856,-98.119
131.750,turbidity,2.696665,11.543,-6.576,-98.200
131.800,temperature,7.184440,11.586,-6.481,-98.228
132.000,temperature,7.064800,11.756,-6.101,-98.337
132.000,turbidity,2.746297,11.756,-6.101,-98.337
132.000,h2s,8.487728,11.756,-6.101,-98.337
132.000,ph,7.411977,11.756,-6.101,-98.337
132.200,temperature,7.069184,11.924,-5.716,-98.446
132.250,turbidity,2.855882,11.966,-5.619,-98.474
132.400,temperature,6.983247,12.092,-5.327,-98.556
132.500,turbidity,2.496878,12.175,-5.130,-98.611
132.500,h2s,8.206975,12.175,-5.130,-98.611
132.600,temperature,6.976334,12.258,-4.933,-98.666
132.750,turbidity,2.988564,12.382,-4.635,-98.749
132.800,temperature,6.812399,12.423,-4.536,-98.776
133.000,temperature,6.750169,12.586,-4.135,-98.887
133.000,turbidity,2.534139,12.586,-4.135,-98.887
133.000,h2s,7.594842,12.586,-4.135,-98.887
133.000,ph,7.452681,12.586,-4.135,-98.887
133.200,temperature,6.548170,12.748,-3.730,-98.997
133.250,turbidity,3.341676,12.789,-3.629,-99.025
133.400,temperature,6.372807,12.909,-3.323,-99.108
133.500,turbidity,2.396612,12.989,-3.119,-99.164
133.500,h2s,7.271729,12.989,-3.119,-99.164
133.600,temperature,6.364065,13.068,-2.914,-99.219
133.750,turbidity,2.547609,13.187,-2.605,-99.303
133.800,temperature,6.091919,13.226,-2.502,-99.331
134.000,temperature,6.056114,13.383,-2.088,-99.442
134.000,turbidity,2.419719,13.383,-2.088,-99.442
134.000,h2s,6.604049,13.383,-2.088,-99.442
134.000,ph,7.524710,13.383,-2.088,-99.442
134.200,temperature,5.806029,13.538,-1.672,-99.553
134.250,turbidity,2.044340,13.576,-1.568,-99.581
134.400,temperature,5.708334,13.691,-1.255,-99.665
134.500,turbidity,2.183514,13.767,-1.046,-99.721
134.500,h2s,6.056419,13.767,-1.046,-99.721
134.600,temperature,5.618417,13.843,-0.837,-99.777
134.750,turbidity,2.077093,13.956,-0.523,-99.860
134.800,temperature,5.385768,13.993,-0.419,-99.888
135.000,temperature,5.167703,14.142,-0.000,-100.000
135.000,turbidity,2.292453,14.142,-0.000,-100.000
135.000,h2s,5.351172,14.142,-0.000,-100.000
135.000,ph,7.619592,14.142,-0.000,-100.000
135.200,temperature,5.024636,14.289,0.419,-100.112
135.250,turbidity,2.040290,14.326,0.523,-100.140
135.400,temperature,4.802302,14.435,0.837,-100.223
135.500,turbidity,1.987738,14.507,1.046,-100.279
135.500,h2s,4.886690,14.507,1.046,-100.279
135.600,temperature,4.771202,14.579,1.255,-100.335
135.750,turbidity,1.973070,14.686,1.568,-100.419
135.800,temperature,4.448913,14.722,1.672,-100.447
136.000,temperature,4.313607,14.863,2.088,-100.558
136.000,turbidity,3.749286,14.863,2.088,-100.558
136.000,h2s,3.815638,14.863,2.088,-100.558
136.000,ph,4.917865,14.863,2.088,-100.558
136.200,temperature,4.185306,15.002,2.502,-100.669
136.250,turbidity,1.835469,15.037,2.605,-100.697
136.400,temperature,4.018303,15.140,2.914,-100.781
136.500,turbidity,1.235297,15.208,3.119,-100.836
136.500,h2s,3.294612,15.208,3.119,-100.836
136.600,temperature,3.873456,15.276,3.323,-100.892
136.750,turbidity,1.460509,15.377,3.629,-100.975
136.800,temperature,3.680792,15.410,3.730,-101.003
137.000,temperature,3.556387,15.543,4.135,-101.113
137.000,turbidity,1.230732,15.543,4.135,-101.113
137.000,h2s,2.697290,15.543,4.135,-101.113
137.000,ph,7.810609,15.543,4.135,-101.113
137.200,temperature,3.485077,15.674,4.536,-101.224
137.250,turbidity,0.511237,15.706,4.635,-101.251
137.400,temperature,3.359967,15.803,4.933,-101.334
137.500,turbidity,1.056880,15.867,5.130,-101.389
137.500,h2s,2.123863,15.867,5.130,-101.389
137.600,temperature,3.220845,15.931,5.327,-101.444
137.750,turbidity,1.462752,16.025,5.619,-101.526
137.800,temperature,3.161085,16.056,5.716,-101.554
138.000,temperature,3.042737,16.180,6.101,-101.663
138.000,turbidity,0.730097,16.180,6.101,-101.663
138.000,h2s,1.659186,16.180,6.101,-101.663
138.000,ph,7.868302,16.180,6.101,-101.663
138.200,temperature,2.943616,16.303,6.481,-101.772
138.250,turbidity,0.778186,16.333,6.576,-101.800
138.400,temperature,2.736387,16.423,6.856,-101.881
138.500,turbidity,0.719715,16.483,7.042,-101.935
138.500,h2s,1.685980,16.483,7.042,-101.935
138.600,temperature,2.756197,16.542,7.226,-101.990
138.750,turbidity,1.086152,16.629,7.500,-102.071
138.800,temperature,2.674684,16.658,7.591,-102.098
139.000,temperature,2.673553,16.773,7.949,-102.205
139.000,turbidity,0.676755,16.773,7.949,-102.205
139.000,h2s,1.070318,16.773,7.949,-102.205
139.000,ph,7.907904,16.773,7.949,-102.205
139.200,temperature,2.396423,16.887,8.301,-102.312
139.250,turbidity,0.746372,16.915,8.388,-102.339
139.400,temperature,2.476935,16.998,8.646,-102.419
139.500,turbidity,0.205832,17.053,8.817,-102.472
139.500,h2s,0.979016,17.053,8.817,-102.472
139.600,temperature,2.440388,17.107,8.985,-102.525
139.750,turbidity,0.919210,17.188,9.235,-102.605
139.800,temperature,2.336614,17.215,9.317,-102.631
140.000,temperature,2.304804,17.321,9.642,-102.736
140.000,turbidity,0.686769,17.321,9.642,-102.736
140.000,h2s,0.985851,17.321,9.642,-102.736
140.000,ph,7.979111,17.321,9.642,-102.736
140.200,temperature,2.388153,17.424,9.959,-102.841
140.250,turbidity,0.291292,17.450,10.037,-102.867
140.400,temperature,2.304777,17.526,10.268,-102.945
140.500,turbidity,0.098603,17.576,10.420,-102.997
140.500,h2s,0.641498,17.576,10.420,-102.997
140.600,temperature,2.345537,17.626,10.570,-103.049
140.750,turbidity,0.856921,17.700,10.790,-103.126
140.800,temperature,2.217116,17.724,10.863,-103.152
141.000,temperature,2.132346,17.820,11.147,-103.254
141.000,turbidity,0.531463,17.820,11.147,-103.254
141.000,h2s,0.530144,17.820,11.147,-103.254
141.000,ph,7.999102,17.820,11.147,-103.254
141.200,temperature,2.165743,17.914,11.423,-103.356
141.250,turbidity,0.636281,17.937,11.491,-103.381
141.400,temperature,2.138725,18.006,11.690,-103.457
141.500,turbidity,1.129411,18.052,11.820,-103.507
141.500,h2s,0.359279,18.052,11.820,-103.507
141.600,temperature,2.181438,18.097,11.948,-103.557
141.750,turbidity,0.797746,18.163,12.135,-103.632
141.800,temperature,2.164510,18.185,12.197,-103.657
142.000,temperature,2.144431,18.271,12.436,-103.756
142.000,turbidity,0.939951,18.271,12.436,-103.756
142.000,h2s,0.380417,18.271,12.436,-103.756
142.000,ph,7.934594,18.271,12.436,-103.756
142.200,temperature,2.218561,18.355,12.665,-103.854
142.250,turbidity,0.559042,18.376,12.721,-103.878
142.400,temperature,2.159724,18.437,12.884,-103.952
142.500,turbidity,0.711676,18.478,12.990,-104.000
142.500,h2s,0.198572,18.478,12.990,-104.000
142.600,temperature,2.044828,18.517,13.094,-104.048
142.750,turbidity,0.703106,18.576,13.244,-104.120
142.800,temperature,2.128998,18.596,13.293,-104.144
143.000,temperature,2.073327,18.672,13.482,-104.239
143.000,turbidity,0.351897,18.672,13.482,-104.239
143.000,h2s,0.757191,18.672,13.482,-104.239
143.000,ph,7.963798,18.672,13.482,-104.239
143.200,temperature,2.054970,18.746,13.660,-104.334
143.250,turbidity,0.823086,18.764,13.703,-104.357
143.400,temperature,2.129736,18.818,13.828,-104.427
143.500,turbidity,0.307306,18.853,13.908,-104.474
143.500,h2s,-0.060631,18.853,13.908,-104.474
143.600,temperature,2.008980,18.888,13.985,-104.520
143.750,turbidity,0.744313,18.939,14.095,-104.589
143.800,temperature,2.096053,18.955,14.131,-104.611
144.000,temperature,2.083218,19.021,14.266,-104.702
144.000,turbidity,0.629066,19.021,14.266,-104.702
144.000,h2s,0.152851,19.021,14.266,-104.702
144.000,ph,7.998600,19.021,14.266,-104.702
144.200,temperature,1.995888,19.085,14.390,-104.792
144.250,turbidity,0.493446,19.100,14.419,-104.815
144.400,temperature,1.957355,19.146,14.502,-104.881
144.500,turbidity,0.426783,19.176,14.554,-104.925
144.500,h2s,0.278503,19.176,14.554,-104.925
144.600,temperature,2.032099,19.206,14.604,-104.969
144.750,turbidity,0.223308,19.249,14.672,-105.035
144.800,temperature,1.885947,19.263,14.694,-105.056
145.000,temperature,2.087506,19.319,14.772,-105.142
145.000,turbidity,0.285146,19.319,14.772,-105.142
145.000,h2s,0.256129,19.319,14.772,-105.142
145.000,ph,7.973459,19.319,14.772,-105.142
145.200,temperature,2.047477,19.372,14.839,-105.227
145.250,turbidity,0.492515,19.385,14.854,-105.248
145.400,temperature,2.099589,19.423,14.894,-105.311
145.500,turbidity,0.330149,19.447,14.918,-105.353
145.500,h2s,0.094108,19.447,14.918,-105.353
145.600,temperature,2.040560,19.472,14.938,-105.394
145.750,turbidity,0.572487,19.507,14.963,-105.456
145.800,temperature,2.100462,19.518,14.970,-105.476
146.000,temperature,1.993720,19.563,14.991,-105.557
146.000,turbidity,0.602821,19.563,14.991,-105.557
146.000,h2s,-0.179434,19.563,14.991,-105.557
146.000,ph,7.997482,19.563,14.991,-105.557
146.200,temperature,2.047761,19.605,15.000,-105.637
146.250,turbidity,1.546778,19.616,15.000,-105.657
146.400,temperature,2.001518,19.646,14.997,-105.716
146.500,turbidity,0.395812,19.665,14.991,-105.755
146.500,h2s,-0.090983,19.665,14.991,-105.755
146.600,temperature,2.014700,19.684,14.982,-105.793
146.750,turbidity,-0.042793,19.711,14.963,-105.851
146.800,temperature,2.024186,19.720,14.956,-105.870
147.000,temperature,2.036849,19.754,14.918,-105.945
147.000,turbidity,1.107441,19.754,14.918,-105.945
147.000,h2s,0.179445,19.754,14.918,-105.945
147.000,ph,7.987327,19.754,14.918,-105.945
147.200,temperature,1.982177,19.785,14.868,-106.019
147.250,turbidity,-0.011218,19.793,14.854,-106.038
147.400,temperature,2.040898,19.815,14.807,-106.092
147.500,turbidity,0.944849,19.829,14.772,-106.128
147.500,h2s,-0.239620,19.829,14.772,-106.128
147.600,temperature,2.019507,19.842,14.734,-106.164
147.750,turbidity,0.256612,19.861,14.672,-106.217
147.800,temperature,1.949133,19.867,14.650,-106.235
148.000,temperature,1.928483,19.890,14.554,-106.304
148.000,turbidity,0.340185,19.890,14.554,-106.304
148.000,h2s,0.259626,19.890,14.554,-106.304
148.000,ph,7.995906,19.890,14.554,-106.304
148.200,temperature,2.072896,19.911,14.447,-106.372
148.250,turbidity,0.909426,19.916,14.419,-106.389
148.400,temperature,1.903462,19.930,14.329,-106.439
148.500,turbidity,0.644687,19.938,14.266,-106.472
148.500,h2s,0.371203,19.938,14.266,-106.472
148.600,temperature,2.008238,19.946,14.200,-106.505
148.750,turbidity,0.109461,19.957,14.095,-106.553
148.800,temperature,1.943470,19.961,14.059,-106.569
149.000,temperature,2.101620,19.973,13.908,-106.632
149.000,turbidity,0.104196,19.973,13.908,-106.632
149.000,h2s,0.294793,19.973,13.908,-106.632
149.000,ph,7.982233,19.973,13.908,-106.632
149.200,temperature,2.044545,19.982,13.745,-106.694
149.250,turbidity,0.599117,19.985,13.703,-106.709
149.400,temperature,2.032977,19.990,13.572,-106.755
149.500,turbidity,0.200665,19.993,13.482,-106.784
149.500,h2s,0.336259,19.993,13.482,-106.784
149.600,temperature,1.976156,19.996,13.389,-106.814
149.750,turbidity,0.659147,19.998,13.244,-106.857
149.800,temperature,1.948178,19.999,13.195,-106.872
150.000,temperature,2.026012,20.000,12.990,-106.928
150.000,turbidity,0.690312,20.000,12.990,-106.928
150.000,h2s,-0.327315,20.000,12.990,-106.928
150.000,ph,7.996758,20.000,12.990,-106.928
150.200,temperature,2.016236,19.999,12.776,-106.983
150.250,turbidity,0.284518,19.998,12.721,-106.997
150.400,temperature,1.964129,19.996,12.551,-107.037
150.500,turbidity,0.355331,19.993,12.436,-107.064
150.500,h2s,-0.232986,19.993,12.436,-107.064
150.600,temperature,1.962907,19.990,12.317,-107.090
150.750,turbidity,0.609835,19.985,12.135,-107.128
150.800,temperature,1.961044,19.982,12.073,-107.141
151.000,temperature,1.959966,19.973,11.820,-107.190
151.000,turbidity,0.273436,19.973,11.820,-107.190
151.000,h2s,0.089110,19.973,11.820,-107.190
151.000,ph,8.010361,19.973,11.820,-107.190
151.200,temperature,1.988353,19.961,11.558,-107.239
151.250,turbidity,0.533234,19.957,11.491,-107.250
151.400,temperature,2.036692,19.946,11.286,-107.285
151.500,turbidity,1.216584,19.938,11.147,-107.308
151.500,h2s,-0.049545,19.938,11.147,-107.308
151.600,temperature,2.045761,19.930,11.006,-107.331
151.750,turbidity,0.625546,19.916,10.790,-107.364
151.800,temperature,2.019369,19.911,10.717,-107.375
152.000,temperature,2.028897,19.890,10.420,-107.417
152.000,turbidity,0.400416,19.890,10.420,-107.417
152.000,h2s,-0.154024,19.890,10.420,-107.417
152.000,ph,7.944087,19.890,10.420,-107.417
152.200,temperature,2.050495,19.867,10.115,-107.459
152.250,turbidity,1.147686,19.861,10.037,-107.469
152.400,temperature,1.924079,19.842,9.801,-107.498
152.500,turbidity,0.758296,19.829,9.642,-107.518
152.500,h2s,0.057199,19.829,9.642,-107.518
152.600,temperature,2.035387,19.815,9.480,-107.536
152.750,turbidity,0.211292,19.793,9.235,-107.564
152.800,temperature,2.091449,19.785,9.152,-107.573
153.000,temperature,1.930152,19.754,8.817,-107.608
153.000,turbidity,0.259962,19.754,8.817,-107.608
153.000,h2s,0.461993,19.754,8.817,-107.608
153.000,ph,8.022223,19.754,8.817,-107.608
153.200,temperature,1.890481,19.720,8.475,-107.642
153.250,turbidity,0.021741,19.711,8.388,-107.650
153.400,temperature,2.019687,19.684,8.126,-107.675
153.500,turbidity,0.609742,19.665,7.949,-107.690
153.500,h2s,0.529041,19.665,7.949,-107.690
153.600,temperature,2.084244,19.646,7.770,-107.705
153.750,turbidity,-0.081760,19.616,7.500,-107.727
153.800,temperature,2.023027,19.605,7.409,-107.735
154.000,temperature,2.063707,19.563,7.042,-107.762
154.000,turbidity,1.151789,19.563,7.042,-107.762
154.000,h2s,-0.007081,19.563,7.042,-107.762
154.000,ph,8.033806,19.563,7.042,-107.762
154.200,temperature,2.049656,19.518,6.670,-107.789
154.250,turbidity,0.439379,19.507,6.576,-107.795
154.400,temperature,1.977334,19.472,6.292,-107.813
154.500,turbidity,0.783729,19.447,6.101,-107.825
154.500,h2s,0.182265,19.447,6.101,-107.825
154.600,temperature,1.989034,19.423,5.909,-107.837
154.750,turbidity,0.415229,19.385,5.619,-107.853
154.800,temperature,1.954106,19.372,5.522,-107.858
155.000,temperature,2.115793,19.319,5.130,-107.878
155.000,turbidity,0.609372,19.319,5.130,-107.878
155.000,h2s,0.251463,19.319,5.130,-107.878
155.000,ph,7.969350,19.319,5.130,-107.878
155.200,temperature,2.083500,19.263,4.735,-107.897
155.250,turbidity,0.480184,19.249,4.635,-107.902
155.400,temperature,2.037808,19.206,4.335,-107.914
155.500,turbidity,0.536349,19.176,4.135,-107.922
155.500,h2s,0.130166,19.176,4.135,-107.922
155.600,temperature,2.032792,19.146,3.933,-107.930
155.750,turbidity,0.884845,19.100,3.629,-107.940
155.800,temperature,2.006043,19.085,3.527,-107.944
156.000,temperature,2.067565,19.021,3.119,-107.956
156.000,turbidity,1.038672,19.021,3.119,-107.956
156.000,h2s,-2.327599,19.021,3.119,-107.956
156.000,ph,7.994494,19.021,3.119,-107.956
156.200,temperature,2.013154,18.955,2.708,-107.967
156.250,turbidity,1.010780,18.939,2.605,-107.970
156.400,temperature,2.032670,18.888,2.295,-107.976
156.500,turbidity,1.506135,18.853,2.088,-107.981
156.500,h2s,0.069857,18.853,2.088,-107.981
156.600,temperature,2.021081,18.818,1.880,-107.984
156.750,turbidity,0.318949,18.764,1.568,-107.989
156.800,temperature,2.092607,18.746,1.464,-107.990
157.000,temperature,2.048241,18.672,1.046,-107.995
157.000,turbidity,0.645825,18.672,1.046,-107.995
157.000,h2s,-0.091569,18.672,1.046,-107.995
157.000,ph,8.026308,18.672,1.046,-107.995
157.200,temperature,2.063990,18.596,0.628,-107.998
157.250,turbidity,0.327017,18.576,0.523,-107.999
157.400,temperature,2.001071,18.517,0.209,-108.000
157.500,turbidity,0.877108,18.478,0.000,-108.000
157.500,h2s,0.494248,18.478,0.000,-108.000
157.600,temperature,2.028039,18.437,-0.209,-108.000
157.750,turbidity,0.240870,18.376,-0.523,-107.999
157.800,temperature,2.069193,18.355,-0.628,-107.998
158.000,temperature,1.982985,18.271,-1.046,-107.995
158.000,turbidity,0.898720,18.271,-1.046,-107.995
158.000,h2s,0.184598,18.271,-1.046,-107.995
158.000,ph,8.002085,18.271,-1.046,-107.995
158.200,temperature,2.052525,18.185,-1.464,-107.990
158.250,turbidity,0.591932,18.163,-1.568,-107.989
158.400,temperature,2.063988,18.097,-1.880,-107.984
158.500,turbidity,0.507658,18.052,-2.088,-107.981
158.500,h2s,-0.291490,18.052,-2.088,-107.981
158.600,temperature,7.660849,18.006,-2.295,-107.976
158.750,turbidity,0.541214,17.937,-2.605,-107.970
158.800,temperature,1.955928,17.914,-2.708,-107.967
159.000,temperature,2.127005,17.820,-3.119,-107.956
159.000,turbidity,0.196058,17.820,-3.119,-107.956
159.000,h2s,0.175768,17.820,-3.119,-107.956
159.000,ph,7.965998,17.820,-3.119,-107.956
159.200,temperature,2.095844,17.724,-3.527,-107.944
159.250,turbidity,0.218314,17.700,-3.629,-107.940
159.400,temperature,2.063098,17.626,-3.933,-107.930
159.500,turbidity,0.599954,17.576,-4.135,-107.922
159.500,h2s,0.247238,17.576,-4.135,-107.922
159.600,temperature,1.952506,17.526,-4.335,-107.914
159.750,turbidity,0.598284,17.450,-4.635,-107.902
159.800,temperature,2.021058,17.424,-4.735,-107.897
160.000,temperature,2.001499,17.321,-5.130,-107.878
160.000,turbidity,0.345798,17.321,-5.130,-107.878
160.000,h2s,-0.211461,17.321,-5.130,-107.878
160.000,ph,7.993028,17.321,-5.130,-107.878
160.200,temperature,2.062577,17.215,-5.522,-107.858
160.250,turbidity,0.453945,17.188,-5.619,-107.853
160.400,temperature,2.090554,17.107,-5.909,-107.837
160.500,turbidity,0.679193,17.053,-6.101,-107.825
160.500,h2s,0.263527,17.053,-6.101,-107.825
160.600,temperature,2.088028,16.998,-6.292,-107.813
160.750,turbidity,0.297496,16.915,-6.576,-107.795
160.800,temperature,2.151154,16.887,-6.670,-107.789
161.000,temperature,2.069755,16.773,-7.042,-107.762
161.000,turbidity,0.013574,16.773,-7.042,-107.762
161.000,h2s,0.022766,16.773,-7.042,-107.762
161.000,ph,8.000923,16.773,-7.042,-107.762
161.200,temperature,2.135929,16.658,-7.409,-107.735
161.250,turbidity,0.988260,16.629,-7.500,-107.727
161.400,temperature,2.057256,16.542,-7.770,-107.705
161.500,turbidity,0.622560,16.483,-7.949,-107.690
161.500,h2s,0.261501,16.483,-7.949,-107.690
161.600,temperature,2.098429,16.423,-8.126,-107.675
161.750,turbidity,0.395065,16.333,-8.388,-107.650
161.800,temperature,2.062279,16.303,-8.475,-107.642
162.000,temperature,2.087708,16.180,-8.817,-107.608
162.000,turbidity,0.333838,16.180,-8.817,-107.608
162.000,h2s,0.257909,16.180,-8.817,-107.608
162.000,ph,7.994142,16.180,-8.817,-107.608
162.200,temperature,2.071308,16.056,-9.152,-107.573
162.250,turbidity,0.295466,16.025,-9.235,-107.564
162.400,temperature,2.039686,15.931,-9.480,-107.536
162.500,turbidity,0.882755,15.867,-9.642,-107.518
162.500,h2s,0.262903,15.867,-9.642,-107.518
162.600,temperature,2.219479,15.803,-9.801,-107.498
162.750,turbidity,0.154107,15.706,-10.037,-107.469
162.800,temperature,2.090178,15.674,-10.115,-107.459
163.000,temperature,2.103100,15.543,-10.420,-107.417
163.000,turbidity,0.654010,15.543,-10.420,-107.417
163.000,h2s,0.391576,15.543,-10.420,-107.417
163.000,ph,8.012834,15.543,-10.420,-107.417
163.200,temperature,2.112628,15.410,-10.717,-107.375
163.250,turbidity,0.653935,15.377,-10.790,-107.364
163.400,temperature,2.084524,15.276,-11.006,-107.331
163.500,turbidity,0.765910,15.208,-11.147,-107.308
163.500,h2s,-0.376982,15.208,-11.147,-107.308
163.600,temperature,1.958130,15.140,-11.286,-107.285
163.750,turbidity,0.422865,15.037,-11.491,-107.250
163.800,temperature,2.094623,15.002,-11.558,-107.239
164.000,temperature,2.015498,14.863,-11.820,-107.190
164.000,turbidity,0.959251,14.863,-11.820,-107.190
164.000,h2s,0.021690,14.863,-11.820,-107.190
164.000,ph,8.013997,14.863,-11.820,-107.190
164.200,temperature,2.084517,14.722,-12.073,-107.141
164.250,turbidity,0.776519,14.686,-12.135,-107.128
164.400,temperature,2.092221,14.579,-12.317,-107.090
164.500,turbidity,0.414597,14.507,-12.436,-107.064
164.500,h2s,0.187969,14.507,-12.436,-107.064
164.600,temperature,1.990786,14.435,-12.551,-107.037
164.750,turbidity,0.324102,14.326,-12.721,-106.997
164.800,temperature,2.080588,14.289,-12.776,-106.983
165.000,temperature,2.007906,14.142,-12.990,-106.928
165.000,turbidity,0.499983,14.142,-12.990,-106.928
165.000,h2s,-0.097808,14.142,-12.990,-106.928
165.000,ph,7.987501,14.142,-12.990,-106.928
165.200,temperature,1.962221,13.993,-13.195,-106.872
165.250,turbidity,0.407438,13.956,-13.244,-106.857
165.400,temperature,2.009981,13.843,-13.389,-106.814
165.500,turbidity,0.281328,13.767,-13.482,-106.784
165.500,h2s,-5.683906,13.767,-13.482,-106.784
165.600,temperature,2.080501,13.691,-13.572,-106.755
165.750,turbidity,0.564681,13.576,-13.703,-106.709
165.800,temperature,2.079634,13.538,-13.745,-106.694
166.000,temperature,2.065602,13.383,-13.908,-106.632
166.000,turbidity,0.465221,13.383,-13.908,-106.632
166.000,h2s,0.049615,13.383,-13.908,-106.632
166.000,ph,8.004283,13.383,-13.908,-106.632
166.200,temperature,2.120394,13.226,-14.059,-106.569
166.250,turbidity,1.048529,13.187,-14.095,-106.553
166.400,temperature,2.084714,13.068,-14.200,-106.505
166.500,turbidity,0.414097,12.989,-14.266,-106.472
166.500,h2s,-0.045219,12.989,-14.266,-106.472
166.600,temperature,2.119259,12.909,-14.329,-106.439
166.750,turbidity,0.332518,12.789,-14.419,-106.389
166.800,temperature,2.141100,12.748,-14.447,-106.372
167.000,temperature,2.226947,12.586,-14.554,-106.304
167.000,turbidity,0.554722,12.586,-14.554,-106.304
167.000,h2s,0.239119,12.586,-14.554,-106.304
167.000,ph,7.977360,12.586,-14.554,-106.304
167.200,temperature,2.107013,12.423,-14.650,-106.235
167.250,turbidity,0.632296,12.382,-14.672,-106.217
167.400,temperature,2.176768,12.258,-14.734,-106.164
167.500,turbidity,0.658442,12.175,-14.772,-106.128
167.500,h2s,-0.049727,12.175,-14.772,-106.128
167.600,temperature,2.134010,12.092,-14.807,-106.092
167.750,turbidity,0.659054,11.966,-14.854,-106.038
167.800,temperature,2.143144,11.924,-14.868,-106.019
168.000,temperature,2.131504,11.756,-14.918,-105.945
168.000,turbidity,0.578301,11.756,-14.918,-105.945
168.000,h2s,0.056851,11.756,-14.918,-105.945
168.000,ph,7.986108,11.756,-14.918,-105.945
168.200,temperature,2.150416,11.586,-14.956,-105.870
168.250,turbidity,0.561338,11.543,-14.963,-105.851
168.400,temperature,2.140833,11.414,-14.982,-105.793
168.500,turbidity,0.759189,11.328,-14.991,-105.755
168.500,h2s,0.083638,11.328,-14.991,-105.755
168.600,temperature,2.211124,11.242,-14.997,-105.716
168.750,turbidity,0.297057,11.111,-15.000,-105.657
168.800,temperature,2.135950,11.068,-15.000,-105.637
169.000,temperature,2.108954,10.893,-14.991,-105.557
169.000,turbidity,0.373557,10.893,-14.991,-105.557
169.000,h2s,0.412182,10.893,-14.991,-105.557
169.000,ph,7.973305,10.893,-14.991,-105.557
169.200,temperature,2.170156,10.717,-14.970,-105.476
169.250,turbidity,0.147559,10.672,-14.963,-105.456
169.400,temperature,2.179609,10.539,-14.938,-105.394
169.500,turbidity,0.325374,10.450,-14.918,-105.353
169.500,h2s,0.622072,10.450,-14.918,-105.353
169.600,temperature,2.200859,10.361,-14.894,-105.311
169.750,turbidity,0.929258,10.226,-14.854,-105.248
169.800,temperature,2.238748,10.181,-14.839,-105.227
170.000,temperature,2.239193,10.000,-14.772,-105.142
170.000,turbidity,0.798171,10.000,-14.772,-105.142
170.000,h2s,0.594830,10.000,-14.772,-105.142
170.000,ph,7.960521,10.000,-14.772,-105.142
170.200,temperature,2.280609,9.818,-14.694,-105.056
170.250,turbidity,1.192369,9.772,-14.672,-105.035
170.400,temperature,2.286817,9.635,-14.604,-104.969
170.500,turbidity,1.115529,9.543,-14.554,-104.925
170.500,h2s,0.911192,9.543,-14.554,-104.925
170.600,temperature,2.361874,9.451,-14.502,-104.881
170.750,turbidity,0.848135,9.312,-14.419,-104.815
170.800,temperature,2.491308,9.266,-14.390,-104.792
171.000,temperature,2.417626,9.080,-14.266,-104.702
171.000,turbidity,0.741050,9.080,-14.266,-104.702
171.000,h2s,0.691574,9.080,-14.266,-104.702
171.000,ph,7.954355,9.080,-14.266,-104.702
171.200,temperature,2.421725,8.893,-14.131,-104.611
171.250,turbidity,0.727989,8.846,-14.095,-104.589
171.400,temperature,2.373644,8.705,-13.985,-104.520
171.500,turbidity,0.134920,8.610,-13.908,-104.474
171.500,h2s,0.861093,8.610,-13.908,-104.474
171.600,temperature,2.633676,8.516,-13.828,-104.427
171.750,turbidity,0.753441,8.373,-13.703,-104.357
171.800,temperature,2.605829,8.326,-13.660,-104.334
172.000,temperature,2.645287,8.135,-13.482,-104.239
172.000,turbidity,0.645575,8.135,-13.482,-104.239
172.000,h2s,0.984127,8.135,-13.482,-104.239
172.000,ph,7.900972,8.135,-13.482,-104.239
172.200,temperature,2.607396,7.943,-13.293,-104.144
172.250,turbidity,0.586736,7.895,-13.244,-104.120
172.400,temperature,2.791051,7.750,-13.094,-104.048
172.500,turbidity,1.024221,7.654,-12.990,-104.000
172.500,h2s,1.866907,7.654,-12.990,-104.000
172.600,temperature,2.887244,7.557,-12.884,-103.952
172.750,turbidity,0.896259,7.411,-12.721,-103.878
172.800,temperature,2.948290,7.362,-12.665,-103.854
173.000,temperature,3.012171,7.167,-12.436,-103.756
173.000,turbidity,1.044644,7.167,-12.436,-103.756
173.000,h2s,1.557665,7.167,-12.436,-103.756
173.000,ph,7.890391,7.167,-12.436,-103.756
173.200,temperature,3.125222,6.971,-12.197,-103.657
173.250,turbidity,0.780339,6.922,-12.135,-103.632
173.400,temperature,3.420029,6.775,-11.948,-103.557
173.500,turbidity,1.422025,6.676,-11.820,-103.507
173.500,h2s,2.484789,6.676,-11.820,-103.507
173.600,temperature,3.471481,6.577,-11.690,-103.457
173.750,turbidity,1.125736,6.429,-11.491,-103.381
173.800,temperature,3.598037,6.379,-11.423,-103.356
174.000,temperature,3.800736,6.180,-11.147,-103.254
174.000,turbidity,1.469191,6.180,-11.147,-103.254
174.000,h2s,3.153541,6.180,-11.147,-103.254
174.000,ph,7.776647,6.180,-11.147,-103.254
174.200,temperature,3.989445,5.981,-10.863,-103.152
174.250,turbidity,1.369225,5.931,-10.790,-103.126
174.400,temperature,4.130103,5.781,-10.570,-103.049
174.500,turbidity,0.955459,5.680,-10.420,-102.997
174.500,h2s,3.970728,5.680,-10.420,-102.997
174.600,temperature,4.479545,5.580,-10.268,-102.945
174.750,turbidity,1.892898,5.429,-10.037,-102.867
174.800,temperature,4.677620,5.378,-9.959,-102.841
175.000,temperature,4.968830,5.176,-9.642,-102.736
175.000,turbidity,1.881198,5.176,-9.642,-102.736
175.000,h2s,4.694720,5.176,-9.642,-102.736
175.000,ph,7.663236,5.176,-9.642,-102.736
175.200,temperature,5.337287,4.974,-9.317,-102.631
175.250,turbidity,1.637902,4.923,-9.235,-102.605
175.400,temperature,5.522945,4.771,-8.985,-102.525
175.500,turbidity,1.964250,4.669,-8.817,-102.472
175.500,h2s,5.877726,4.669,-8.817,-102.472
175.600,temperature,5.900676,4.567,-8.646,-102.419
175.750,turbidity,2.788210,4.414,-8.388,-102.339
175.800,temperature,6.332301,4.363,-8.301,-102.312
176.000,temperature,6.765085,4.158,-7.949,-102.205
176.000,turbidity,2.311684,4.158,-7.949,-102.205
176.000,h2s,7.633431,4.158,-7.949,-102.205
176.000,ph,7.416543,4.158,-7.949,-102.205
176.200,temperature,7.119944,3.953,-7.591,-102.098
176.250,turbidity,2.884329,3.902,-7.500,-102.071
176.400,temperature,7.579298,3.748,-7.226,-101.990
176.500,turbidity,3.889287,3.645,-7.042,-101.935
176.500,h2s,9.577091,3.645,-7.042,-101.935
176.600,temperature,8.121167,3.542,-6.856,-101.881
176.750,turbidity,3.746759,3.387,-6.576,-101.800
176.800,temperature,8.709484,3.335,-6.481,-101.772
177.000,temperature,9.128515,3.129,-6.101,-101.663
177.000,turbidity,4.136679,3.129,-6.101,-101.663
177.000,h2s,11.392616,3.129,-6.101,-101.663
177.000,ph,7.137445,3.129,-6.101,-101.663
177.200,temperature,9.635304,2.922,-5.716,-101.554
177.250,turbidity,4.165882,2.870,-5.619,-101.526
177.400,temperature,10.188073,2.714,-5.327,-101.444
177.500,turbidity,4.105647,2.611,-5.130,-101.389
177.500,h2s,13.701043,2.611,-5.130,-101.389
177.600,temperature,10.814752,2.507,-4.933,-101.334
177.750,turbidity,5.001849,2.351,-4.635,-101.251
177.800,temperature,11.455609,2.299,-4.536,-101.224
178.000,temperature,12.151739,2.091,-4.135,-101.113
178.000,turbidity,4.982779,2.091,-4.135,-101.113
178.000,h2s,16.013870,2.091,-4.135,-101.113
178.000,ph,6.777979,2.091,-4.135,-101.113
178.200,temperature,12.594959,1.882,-3.730,-101.003
178.250,turbidity,5.316211,1.830,-3.629,-100.975
178.400,temperature,13.209719,1.674,-3.323,-100.892
178.500,turbidity,6.040211,1.569,-3.119,-100.836
178.500,h2s,18.532479,1.569,-3.119,-100.836
178.600,temperature,13.877944,1.465,-2.914,-100.781
178.750,turbidity,6.062891,1.308,-2.605,-100.697
178.800,temperature,14.379229,1.256,-2.502,-100.669
179.000,temperature,14.926059,1.047,-2.088,-100.558
179.000,turbidity,6.684907,1.047,-2.088,-100.558
179.000,h2s,20.782852,1.047,-2.088,-100.558
179.000,ph,6.428801,1.047,-2.088,-100.558
179.200,temperature,15.513336,0.838,-1.672,-100.447
179.250,turbidity,6.806276,0.785,-1.568,-100.419
179.400,temperature,15.937475,0.628,-1.255,-100.335
179.500,turbidity,7.274561,0.524,-1.046,-100.279
179.500,h2s,23.092766,0.524,-1.046,-100.279
179.600,temperature,16.338265,0.419,-0.837,-100.223
179.750,turbidity,7.396294,0.262,-0.523,-100.140
179.800,temperature,16.859853,0.209,-0.419,-100.112
180.000,temperature,17.083666,0.000,-0.000,-100.000
180.000,turbidity,7.761725,0.000,-0.000,-100.000
180.000,h2s,24.490025,0.000,-0.000,-100.000
180.000,ph,6.165746,0.000,-0.000,-100.000
180.200,temperature,17.526191,-0.209,0.419,-99.888
180.250,turbidity,8.390059,-0.262,0.523,-99.860
180.400,temperature,17.731726,-0.419,0.837,-99.777
180.500,turbidity,8.326539,-0.524,1.046,-99.721
180.500,h2s,25.211441,-0.524,1.046,-99.721
180.600,temperature,17.915548,-0.628,1.255,-99.665
180.750,turbidity,8.149738,-0.785,1.568,-99.581
180.800,temperature,18.052530,-0.838,1.672,-99.553
181.000,temperature,18.138250,-1.047,2.088,-99.442
181.000,turbidity,8.620713,-1.047,2.088,-99.442
181.000,h2s,25.716266,-1.047,2.088,-99.442
181.000,ph,6.045796,-1.047,2.088,-99.442
181.200,temperature,18.138658,-1.256,2.502,-99.331
181.250,turbidity,8.364519,-1.308,2.605,-99.303
181.400,temperature,18.136967,-1.465,2.914,-99.219
181.500,turbidity,8.560188,-1.569,3.119,-99.164
181.500,h2s,25.970044,-1.569,3.119,-99.164
181.600,temperature,17.988669,-1.674,3.323,-99.108
181.750,turbidity,7.701626,-1.830,3.629,-99.025
181.800,temperature,17.749861,-1.882,3.730,-98.997
182.000,temperature,17.627976,-2.091,4.135,-98.887
182.000,turbidity,7.700275,-2.091,4.135,-98.887
182.000,h2s,25.120705,-2.091,4.135,-98.887
182.000,ph,6.104118,-2.091,4.135,-98.887
182.200,temperature,17.407008,-2.299,4.536,-98.776
182.250,turbidity,7.887607,-2.351,4.635,-98.749
182.400,temperature,16.944187,-2.507,4.933,-98.666
182.500,turbidity,7.580295,-2.611,5.130,-98.611
182.500,h2s,24.300824,-2.611,5.130,-98.611
182.600,temperature,16.683881,-2.714,5.327,-98.556
182.750,turbidity,7.391365,-2.870,5.619,-98.474
182.800,temperature,16.264777,-2.922,5.716,-98.446
183.000,temperature,15.905513,-3.129,6.101,-98.337
183.000,turbidity,7.310911,-3.129,6.101,-98.337
183.000,h2s,22.684572,-3.129,6.101,-98.337
183.000,ph,6.337991,-3.129,6.101,-98.337
183.200,temperature,15.389362,-3.335,6.481,-98.228
183.250,turbidity,6.930806,-3.387,6.576,-98.200
183.400,temperature,14.962100,-3.542,6.856,-98.119
183.500,turbidity,6.839561,-3.645,7.042,-98.065
183.500,h2s,20.221517,-3.645,7.042,-98.065
183.600,temperature,14.459917,-3.748,7.226,-98.010
183.750,turbidity,6.528187,-3.902,7.500,-97.929
183.800,temperature,13.953182,-3.953,7.591,-97.902
184.000,temperature,13.481688,-4.158,7.949,-97.795
184.000,turbidity,5.685057,-4.158,7.949,-97.795
184.000,h2s,18.418421,-4.158,7.949,-97.795
184.000,ph,6.644159,-4.158,7.949,-97.795
184.200,temperature,12.873530,-4.363,8.301,-97.688
184.250,turbidity,5.014983,-4.414,8.388,-97.661
184.400,temperature,12.369731,-4.567,8.646,-97.581
184.500,turbidity,5.046417,-4.669,8.817,-97.528
184.500,h2s,16.060385,-4.669,8.817,-97.528
184.600,temperature,11.874173,-4.771,8.985,-97.475
184.750,turbidity,4.723893,-4.923,9.235,-97.395
184.800,temperature,11.352265,-4.974,9.317,-97.369
185.000,temperature,10.840056,-5.176,9.642,-97.264
185.000,turbidity,4.755234,-5.176,9.642,-97.264
185.000,h2s,14.420257,-5.176,9.642,-97.264
185.000,ph,6.951342,-5.176,9.642,-97.264
185.200,temperature,10.326223,-5.378,9.959,-97.159
185.250,turbidity,4.463521,-5.429,10.037,-97.133
185.400,temperature,9.905254,-5.580,10.268,-97.055
185.500,turbidity,4.111207,-5.680,10.420,-97.003
185.500,h2s,12.746650,-5.680,10.420,-97.003
185.600,temperature,9.380115,-5.781,10.570,-96.951
185.750,turbidity,4.044013,-5.931,10.790,-96.874
185.800,temperature,8.921492,-5.981,10.863,-96.848
186.000,temperature,8.554921,-6.180,11.147,-96.746
186.000,turbidity,4.413960,-6.180,11.147,-96.746
186.000,h2s,10.721102,-6.180,11.147,-96.746
186.000,ph,7.174107,-6.180,11.147,-96.746
186.200,temperature,8.251061,-6.379,11.423,-96.644
186.250,turbidity,3.358657,-6.429,11.491,-96.619
186.400,temperature,7.856771,-6.577,11.690,-96.543
186.500,turbidity,3.283497,-6.676,11.820,-96.493
186.500,h2s,9.099202,-6.676,11.820,-96.493
186.600,temperature,7.526201,-6.775,11.948,-96.443
186.750,turbidity,2.999823,-6.922,12.135,-96.368
186.800,temperature,7.125464,-6.971,12.197,-96.343
187.000,temperature,6.899513,-7.167,12.436,-96.244
187.000,turbidity,2.641623,-7.167,12.436,-96.244
187.000,h2s,7.948612,-7.167,12.436,-96.244
187.000,ph,7.413583,-7.167,12.436,-96.244
187.200,temperature,6.484116,-7.362,12.665,-96.146
187.250,turbidity,2.813672,-7.411,12.721,-96.122
187.400,temperature,6.225194,-7.557,12.884,-96.048
187.500,turbidity,2.397046,-7.654,12.990,-96.000
187.500,h2s,6.936636,-7.654,12.990,-96.000
187.600,temperature,6.074267,-7.750,13.094,-95.952
187.750,turbidity,2.099196,-7.895,13.244,-95.880
187.800,temperature,5.792020,-7.943,13.293,-95.856
188.000,temperature,5.595868,-8.135,13.482,-95.761
188.000,turbidity,1.984666,-8.135,13.482,-95.761
188.000,h2s,5.998800,-8.135,13.482,-95.761
188.000,ph,7.565912,-8.135,13.482,-95.761
188.200,temperature,5.367386,-8.326,13.660,-95.666
188.250,turbidity,2.353125,-8.373,13.703,-95.643
188.400,temperature,5.136243,-8.516,13.828,-95.573
188.500,turbidity,2.129339,-8.610,13.908,-95.526
188.500,h2s,4.953617,-8.610,13.908,-95.526
188.600,temperature,4.927573,-8.705,13.985,-95.480
188.750,turbidity,1.719422,-8.846,14.095,-95.411
188.800,temperature,4.732237,-8.893,14.131,-95.389
189.000,temperature,4.763071,-9.080,14.266,-95.298
189.000,turbidity,1.899652,-9.080,14.266,-95.298
189.000,h2s,4.264213,-9.080,14.266,-95.298
189.000,ph,7.707364,-9.080,14.266,-95.298
189.200,temperature,4.452107,-9.266,14.390,-95.208
189.250,turbidity,1.687599,-9.312,14.419,-95.185
189.400,temperature,4.476363,-9.451,14.502,-95.119
189.500,turbidity,1.694465,-9.543,14.554,-95.075
189.500,h2s,3.913643,-9.543,14.554,-95.075
189.600,temperature,4.292512,-9.635,14.604,-95.031
189.750,turbidity,1.366308,-9.772,14.672,-94.965
189.800,temperature,4.192606,-9.818,14.694,-94.944
190.000,temperature,4.090075,-10.000,14.772,-94.858
190.000,turbidity,1.183319,-10.000,14.772,-94.858
190.000,h2s,3.375700,-10.000,14.772,-94.858
190.000,ph,7.746385,-10.000,14.772,-94.858
190.200,temperature,4.016441,-10.181,14.839,-94.773
190.250,turbidity,1.348491,-10.226,14.854,-94.752
190.400,temperature,3.867147,-10.361,14.894,-94.689
190.500,turbidity,1.125388,-10.450,14.918,-94.647
190.500,h2s,3.349110,-10.450,14.918,-94.647
190.600,temperature,3.722780,-10.539,14.938,-94.606
190.750,turbidity,1.062616,-10.672,14.963,-94.544
190.800,temperature,3.732543,-10.717,14.970,-94.524
191.000,temperature,3.721616,-10.893,14.991,-94.443
191.000,turbidity,0.903588,-10.893,14.991,-94.443
191.000,h2s,2.763621,-10.893,14.991,-94.443
191.000,ph,7.795520,-10.893,14.991,-94.443
191.200,temperature,3.588394,-11.068,15.000,-94.363
191.250,turbidity,0.636140,-11.111,15.000,-94.343
191.400,temperature,3.644437,-11.242,14.997,-94.284
191.500,turbidity,1.102170,-11.328,14.991,-94.245
191.500,h2s,2.636623,-11.328,14.991,-94.245
191.600,temperature,3.538173,-11.414,14.982,-94.207
191.750,turbidity,1.552008,-11.543,14.963,-94.149
191.800,temperature,3.445207,-11.586,14.956,-94.130
192.000,temperature,3.473666,-11.756,14.918,-94.055
192.000,turbidity,1.442907,-11.756,14.918,-94.055
192.000,h2s,2.533843,-11.756,14.918,-94.055
192.000,ph,7.797071,-11.756,14.918,-94.055
192.200,temperature,3.455307,-11.924,14.868,-93.981
192.250,turbidity,1.664935,-11.966,14.854,-93.962
192.400,temperature,3.430187,-12.092,14.807,-93.908
192.500,turbidity,0.865590,-12.175,14.772,-93.872
192.500,h2s,2.063956,-12.175,14.772,-93.872
192.600,temperature,3.233693,-12.258,14.734,-93.836
192.750,turbidity,1.335890,-12.382,14.672,-93.783
192.800,temperature,3.205501,-12.423,14.650,-93.765
193.000,temperature,3.390760,-12.586,14.554,-93.696
193.000,turbidity,1.092154,-12.586,14.554,-93.696
193.000,h2s,2.146556,-12.586,14.554,-93.696
193.000,ph,7.824120,-12.586,14.554,-93.696
193.200,temperature,3.250889,-12.748,14.447,-93.628
193.250,turbidity,0.909396,-12.789,14.419,-93.611
193.400,temperature,3.363178,-12.909,14.329,-93.561
193.500,turbidity,1.413604,-12.989,14.266,-93.528
193.500,h2s,2.590413,-12.989,14.266,-93.528
193.600,temperature,3.358691,-13.068,14.200,-93.495
193.750,turbidity,1.074572,-13.187,14.095,-93.447
193.800,temperature,3.235661,-13.226,14.059,-93.431
194.000,temperature,3.239955,-13.383,13.908,-93.368
194.000,turbidity,0.597947,-13.383,13.908,-93.368
194.000,h2s,2.354171,-13.383,13.908,-93.368
194.000,ph,7.817073,-13.383,13.908,-93.368
194.200,temperature,3.325343,-13.538,13.745,-93.306
194.250,turbidity,1.354109,-13.576,13.703,-93.291
194.400,temperature,3.268695,-13.691,13.572,-93.245
194.500,turbidity,1.214592,-13.767,13.482,-93.216
194.500,h2s,2.106351,-13.767,13.482,-93.216
194.600,temperature,3.355837,-13.843,13.389,-93.186
194.750,turbidity,1.143698,-13.956,13.244,-93.143
194.800,temperature,3.375679,-13.993,13.195,-93.128
195.000,temperature,3.243585,-14.142,12.990,-93.072
195.000,turbidity,0.768610,-14.142,12.990,-93.072
195.000,h2s,2.339039,-14.142,12.990,-93.072
195.000,ph,7.846109,-14.142,12.990,-93.072
195.200,temperature,3.269611,-14.289,12.776,-93.017
195.250,turbidity,1.186355,-14.326,12.721,-93.003
195.400,temperature,3.324128,-14.435,12.551,-92.963
195.500,turbidity,1.565361,-14.507,12.436,-92.936
195.500,h2s,2.476926,-14.507,12.436,-92.936
195.600,temperature,3.221630,-14.579,12.317,-92.910
195.750,turbidity,1.230265,-14.686,12.135,-92.872
195.800,temperature,3.253215,-14.722,12.073,-92.859
196.000,temperature,3.311936,-14.863,11.820,-92.810
196.000,turbidity,3.632575,-14.863,11.820,-92.810
196.000,h2s,2.243469,-14.863,11.820,-92.810
196.000,ph,7.865935,-14.863,11.820,-92.810
196.200,temperature,3.472663,-15.002,11.558,-92.761
196.250,turbidity,0.886397,-15.037,11.491,-92.750
196.400,temperature,3.401161,-15.140,11.286,-92.715
196.500,turbidity,0.838768,-15.208,11.147,-92.692
196.500,h2s,2.514188,-15.208,11.147,-92.692
196.600,temperature,3.373377,-15.276,11.006,-92.669
196.750,turbidity,1.498693,-15.377,10.790,-92.636
196.800,temperature,3.372783,-15.410,10.717,-92.625
197.000,temperature,3.382394,-15.543,10.420,-92.583
197.000,turbidity,0.636574,-15.543,10.420,-92.583
197.000,h2s,2.555257,-15.543,10.420,-92.583
197.000,ph,7.812380,-15.543,10.420,-92.583
197.200,temperature,3.432157,-15.674,10.115,-92.541
197.250,turbidity,1.373206,-15.706,10.037,-92.531
197.400,temperature,3.448593,-15.803,9.801,-92.502
197.500,turbidity,0.407106,-15.867,9.642,-92.482
197.500,h2s,2.272628,-15.867,9.642,-92.482
197.600,temperature,3.488004,-15.931,9.480,-92.464
197.750,turbidity,1.267768,-16.025,9.235,-92.436
197.800,temperature,3.543090,-16.056,9.152,-92.427
198.000,temperature,3.533053,-16.180,8.817,-92.392
198.000,turbidity,1.536479,-16.180,8.817,-92.392
198.000,h2s,2.532679,-16.180,8.817,-92.392
198.000,ph,7.811651,-16.180,8.817,-92.392
198.200,temperature,3.595366,-16.303,8.475,-92.358
198.250,turbidity,1.042233,-16.333,8.388,-92.350
198.400,temperature,3.557446,-16.423,8.126,-92.325
198.500,turbidity,1.793205,-16.483,7.949,-92.310
198.500,h2s,2.964580,-16.483,7.949,-92.310
198.600,temperature,3.673815,-16.542,7.770,-92.295
198.750,turbidity,1.376068,-16.629,7.500,-92.273
198.800,temperature,3.642420,-16.658,7.409,-92.265
199.000,temperature,3.628245,-16.773,7.042,-92.238
199.000,turbidity,1.513793,-16.773,7.042,-92.238
199.000,h2s,3.080211,-16.773,7.042,-92.238
199.000,ph,7.789300,-16.773,7.042,-92.238
199.200,temperature,3.653563,-16.887,6.670,-92.211
199.250,turbidity,1.476497,-16.915,6.576,-92.205
199.400,temperature,3.610937,-16.998,6.292,-92.187
199.500,turbidity,1.384227,-17.053,6.101,-92.175
199.500,h2s,2.919607,-17.053,6.101,-92.175
199.600,temperature,3.634065,-17.107,5.909,-92.163
199.750,turbidity,1.442815,-17.188,5.619,-92.147
199.800,temperature,3.637573,-17.215,5.522,-92.142
200.000,temperature,3.616621,-17.321,5.130,-92.122
200.000,turbidity,0.372482,-17.321,5.130,-92.122
200.000,h2s,2.645051,-17.321,5.130,-92.122
200.000,ph,7.790184,-17.321,5.130,-92.122
200.200,temperature,3.587247,-17.424,4.735,-92.103
200.250,turbidity,1.486998,-17.450,4.635,-92.098
200.400,temperature,3.680034,-17.526,4.335,-92.086
200.500,turbidity,1.022729,-17.576,4.135,-92.078
200.500,h2s,2.328612,-17.576,4.135,-92.078
200.600,temperature,3.695658,-17.626,3.933,-92.070
200.750,turbidity,1.257114,-17.700,3.629,-92.060
200.800,temperature,3.658677,-17.724,3.527,-92.056
201.000,temperature,3.623169,-17.820,3.119,-92.044
201.000,turbidity,1.374730,-17.820,3.119,-92.044
201.000,h2s,2.576068,-17.820,3.119,-92.044
201.000,ph,7.807396,-17.820,3.119,-92.044
201.200,temperature,3.724097,-17.914,2.708,-92.033
201.250,turbidity,1.585825,-17.937,2.605,-92.030
201.400,temperature,3.562721,-18.006,2.295,-92.024
201.500,turbidity,0.991975,-18.052,2.088,-92.019
201.500,h2s,2.401939,-18.052,2.088,-92.019
201.600,temperature,3.588258,-18.097,1.880,-92.016
201.750,turbidity,1.104941,-18.163,1.568,-92.011
201.800,temperature,3.608549,-18.185,1.464,-92.010
202.000,temperature,3.470820,-18.271,1.046,-92.005
202.000,turbidity,1.126727,-18.271,1.046,-92.005
202.000,h2s,2.894885,-18.271,1.046,-92.005
202.000,ph,7.855946,-18.271,1.046,-92.005
202.200,temperature,3.528936,-18.355,0.628,-92.002
202.250,turbidity,1.259855,-18.376,0.523,-92.001
202.400,temperature,3.555292,-18.437,0.209,-92.000
202.500,turbidity,1.107406,-18.478,0.000,-92.000
202.500,h2s,2.087729,-18.478,0.000,-92.000
202.600,temperature,3.432380,-18.517,-0.209,-92.000
202.750,turbidity,1.326804,-18.576,-0.523,-92.001
202.800,temperature,3.405193,-18.596,-0.628,-92.002
203.000,temperature,3.326656,-18.672,-1.046,-92.005
203.000,turbidity,0.640651,-18.672,-1.046,-92.005
203.000,h2s,2.068602,-18.672,-1.046,-92.005
203.000,ph,7.864490,-18.672,-1.046,-92.005
203.200,temperature,3.344286,-18.746,-1.464,-92.010
203.250,turbidity,1.075026,-18.764,-1.568,-92.011
203.400,temperature,3.240329,-18.818,-1.880,-92.016
203.500,turbidity,1.568120,-18.853,-2.088,-92.019
203.500,h2s,2.171822,-18.853,-2.088,-92.019
203.600,temperature,3.234553,-18.888,-2.295,-92.024
203.750,turbidity,0.991116,-18.939,-2.605,-92.030
203.800,temperature,3.121767,-18.955,-2.708,-92.033
204.000,temperature,3.021931,-19.021,-3.119,-92.044
204.000,turbidity,1.162040,-19.021,-3.119,-92.044
204.000,h2s,1.957756,-19.021,-3.119,-92.044
204.000,ph,7.895955,-19.021,-3.119,-92.044
204.200,temperature,3.084396,-19.085,-3.527,-92.056
204.250,turbidity,1.287332,-19.100,-3.629,-92.060
204.400,temperature,3.039750,-19.146,-3.933,-92.070
204.500,turbidity,1.099493,-19.176,-4.135,-92.078
204.500,h2s,2.090851,-19.176,-4.135,-92.078
204.600,temperature,3.000782,-19.206,-4.335,-92.086
204.750,turbidity,1.541362,-19.249,-4.635,-92.098
204.800,temperature,3.013975,-19.263,-4.735,-92.103
205.000,temperature,2.983972,-19.319,-5.130,-92.122
205.000,turbidity,0.961631,-19.319,-5.130,-92.122
205.000,h2s,1.728595,-19.319,-5.130,-92.122
205.000,ph,7.906926,-19.319,-5.130,-92.122
205.200,temperature,2.906576,-19.372,-5.522,-92.142
205.250,turbidity,1.090291,-19.385,-5.619,-92.147
205.400,temperature,2.883410,-19.423,-5.909,-92.163
205.500,turbidity,0.955321,-19.447,-6.101,-92.175
205.500,h2s,1.414737,-19.447,-6.101,-92.175
205.600,temperature,2.771808,-19.472,-6.292,-92.187
205.750,turbidity,1.263710,-19.507,-6.576,-92.205
205.800,temperature,2.720976,-19.518,-6.670,-92.211
206.000,temperature,2.757551,-19.563,-7.042,-92.238
206.000,turbidity,0.722041,-19.563,-7.042,-92.238
206.000,h2s,1.537474,-19.563,-7.042,-92.238
206.000,ph,7.907977,-19.563,-7.042,-92.238
206.200,temperature,2.639812,-19.605,-7.409,-92.265
206.250,turbidity,1.427058,-19.616,-7.500,-92.273
206.400,temperature,2.599445,-19.646,-7.770,-92.295
206.500,turbidity,0.609118,-19.665,-7.949,-92.310
206.500,h2s,1.067057,-19.665,-7.949,-92.310
206.600,temperature,2.769743,-19.684,-8.126,-92.325
206.750,turbidity,1.286871,-19.711,-8.388,-92.350
206.800,temperature,2.597262,-19.720,-8.475,-92.358
207.000,temperature,2.539166,-19.754,-8.817,-92.392
207.000,turbidity,0.469807,-19.754,-8.817,-92.392
207.000,h2s,1.344315,-19.754,-8.817,-92.392
207.000,ph,7.925586,-19.754,-8.817,-92.392
207.200,temperature,2.504454,-19.785,-9.152,-92.427
207.250,turbidity,0.930477,-19.793,-9.235,-92.436
207.400,temperature,2.434563,-19.815,-9.480,-92.464
207.500,turbidity,0.724376,-19.829,-9.642,-92.482
207.500,h2s,0.736280,-19.829,-9.642,-92.482
207.600,temperature,2.494409,-19.842,-9.801,-92.502
207.750,turbidity,0.975668,-19.861,-10.037,-92.531
207.800,temperature,2.440676,-19.867,-10.115,-92.541
208.000,temperature,2.481194,-19.890,-10.420,-92.583
208.000,turbidity,0.824389,-19.890,-10.420,-92.583
208.000,h2s,0.271273,-19.890,-10.420,-92.583
208.000,ph,7.933637,-19.890,-10.420,-92.583
208.200,temperature,2.437781,-19.911,-10.717,-92.625
208.250,turbidity,0.931023,-19.916,-10.790,-92.636
208.400,temperature,2.373817,-19.930,-11.006,-92.669
208.500,turbidity,0.373011,-19.938,-11.147,-92.692
208.500,h2s,0.717328,-19.938,-11.147,-92.692
208.600,temperature,2.273070,-19.946,-11.286,-92.715
208.750,turbidity,0.202585,-19.957,-11.491,-92.750
208.800,temperature,2.357119,-19.961,-11.558,-92.761
209.000,temperature,2.336161,-19.973,-11.820,-92.810
209.000,turbidity,0.308848,-19.973,-11.820,-92.810
209.000,h2s,0.252353,-19.973,-11.820,-92.810
209.000,ph,7.912350,-19.973,-11.820,-92.810
209.200,temperature,2.214877,-19.982,-12.073,-92.859
209.250,turbidity,0.293327,-19.985,-12.135,-92.872
209.400,temperature,2.328985,-19.990,-12.317,-92.910
209.500,turbidity,0.331790,-19.993,-12.436,-92.936
209.500,h2s,0.785151,-19.993,-12.436,-92.936
209.600,temperature,2.237980,-19.996,-12.551,-92.963
209.750,turbidity,0.455951,-19.998,-12.721,-93.003
209.800,temperature,2.334876,-19.999,-12.776,-93.017
210.000,temperature,2.268083,-20.000,-12.990,-93.072
210.000,turbidity,0.446904,-20.000,-12.990,-93.072
210.000,h2s,0.582392,-20.000,-12.990,-93.072
210.000,ph,7.962849,-20.000,-12.990,-93.072
210.200,temperature,2.231426,-19.999,-13.195,-93.128
210.250,turbidity,0.619368,-19.998,-13.244,-93.143
210.400,temperature,2.263604,-19.996,-13.389,-93.186
210.500,turbidity,0.369220,-19.993,-13.482,-93.216
210.500,h2s,0.842323,-19.993,-13.482,-93.216
210.600,temperature,2.252266,-19.990,-13.572,-93.245
210.750,turbidity,0.385713,-19.985,-13.703,-93.291
210.800,temperature,2.243056,-19.982,-13.745,-93.306
211.000,temperature,2.275315,-19.973,-13.908,-93.368
211.000,turbidity,0.540377,-19.973,-13.908,-93.368
211.000,h2s,0.436519,-19.973,-13.908,-93.368
211.000,ph,8.001343,-19.973,-13.908,-93.368
211.200,temperature,2.135578,-19.961,-14.059,-93.431
211.250,turbidity,0.905402,-19.957,-14.095,-93.447
211.400,temperature,2.233764,-19.946,-14.200,-93.495
211.500,turbidity,0.470543,-19.938,-14.266,-93.528
211.500,h2s,0.184604,-19.938,-14.266,-93.528
211.600,temperature,2.180895,-19.930,-14.329,-93.561
211.750,turbidity,0.577467,-19.916,-14.419,-93.611
211.800,temperature,2.198944,-19.911,-14.447,-93.628
212.000,temperature,2.279985,-19.890,-14.554,-93.696
212.000,turbidity,0.621921,-19.890,-14.554,-93.696
212.000,h2s,0.542374,-19.890,-14.554,-93.696
212.000,ph,8.003694,-19.890,-14.554,-93.696
212.200,temperature,2.167703,-19.867,-14.650,-93.765
212.250,turbidity,0.315942,-19.861,-14.672,-93.783
212.400,temperature,2.225450,-19.842,-14.734,-93.836
212.500,turbidity,0.490974,-19.829,-14.772,-93.872
212.500,h2s,0.337377,-19.829,-14.772,-93.872
212.600,temperature,2.250447,-19.815,-14.807,-93.908
212.750,turbidity,0.389773,-19.793,-14.854,-93.962
212.800,temperature,2.228950,-19.785,-14.868,-93.981
213.000,temperature,2.207853,-19.754,-14.918,-94.055
213.000,turbidity,0.863970,-19.754,-14.918,-94.055
213.000,h2s,0.597230,-19.754,-14.918,-94.055
213.000,ph,8.023381,-19.754,-14.918,-94.055
213.200,temperature,2.216357,-19.720,-14.956,-94.130
213.250,turbidity,0.837417,-19.711,-14.963,-94.149
213.400,temperature,2.234903,-19.684,-14.982,-94.207
213.500,turbidity,0.363820,-19.665,-14.991,-94.245
213.500,h2s,0.283333,-19.665,-14.991,-94.245
213.600,temperature,2.168906,-19.646,-14.997,-94.284
213.750,turbidity,0.570810,-19.616,-15.000,-94.343
213.800,temperature,2.210873,-19.605,-15.000,-94.363
214.000,temperature,2.326230,-19.563,-14.991,-94.443
214.000,turbidity,0.771099,-19.563,-14.991,-94.443
214.000,h2s,0.743535,-19.563,-14.991,-94.443
214.000,ph,7.978276,-19.563,-14.991,-94.443
214.200,temperature,2.241399,-19.518,-14.970,-94.524
214.250,turbidity,0.688962,-19.507,-14.963,-94.544
214.400,temperature,2.230350,-19.472,-14.938,-94.606
214.500,turbidity,0.724220,-19.447,-14.918,-94.647
214.500,h2s,0.494377,-19.447,-14.918,-94.647
214.600,temperature,2.212540,-19.423,-14.894,-94.689
214.750,turbidity,0.331655,-19.385,-14.854,-94.752
214.800,temperature,2.198369,-19.372,-14.839,-94.773
215.000,temperature,2.258551,-19.319,-14.772,-94.858
215.000,turbidity,1.102364,-19.319,-14.772,-94.858
215.000,h2s,0.481165,-19.319,-14.772,-94.858
215.000,ph,7.947095,-19.319,-14.772,-94.858
215.200,temperature,2.270842,-19.263,-14.694,-94.944
215.250,turbidity,0.436509,-19.249,-14.672,-94.965
215.400,temperature,2.259978,-19.206,-14.604,-95.031
215.500,turbidity,0.434894,-19.176,-14.554,-95.075
215.500,h2s,0.814256,-19.176,-14.554,-95.075
215.600,temperature,2.410895,-19.146,-14.502,-95.119
215.750,turbidity,0.251718,-19.100,-14.419,-95.185
215.800,temperature,2.251904,-19.085,-14.390,-95.208
216.000,temperature,2.254228,-19.021,-14.266,-95.298
216.000,turbidity,0.586153,-19.021,-14.266,-95.298
216.000,h2s,0.787394,-19.021,-14.266,-95.298
216.000,ph,7.992722,-19.021,-14.266,-95.298
216.200,temperature,2.298028,-18.955,-14.131,-95.389
216.250,turbidity,0.985844,-18.939,-14.095,-95.411
216.400,temperature,2.329464,-18.888,-13.985,-95.480
216.500,turbidity,0.743484,-18.853,-13.908,-95.526
216.500,h2s,0.521196,-18.853,-13.908,-95.526
216.600,temperature,2.308315,-18.818,-13.828,-95.573
216.750,turbidity,0.639036,-18.764,-13.703,-95.643
216.800,temperature,2.381626,-18.746,-13.660,-95.666
217.000,temperature,2.408673,-18.672,-13.482,-95.761
217.000,turbidity,0.903041,-18.672,-13.482,-95.761
217.000,h2s,0.926051,-18.672,-13.482,-95.761
217.000,ph,7.964164,-18.672,-13.482,-95.761
217.200,temperature,2.449573,-18.596,-13.293,-95.856
217.250,turbidity,1.026270,-18.576,-13.244,-95.880
217.400,temperature,2.415438,-18.517,-13.094,-95.952
217.500,turbidity,0.956390,-18.478,-12.990,-96.000
217.500,h2s,0.980682,-18.478,-12.990,-96.000
217.600,temperature,2.534707,-18.437,-12.884,-96.048
217.750,turbidity,0.192560,-18.376,-12.721,-96.122
217.800,temperature,2.530513,-18.355,-12.665,-96.146
218.000,temperature,2.674155,-18.271,-12.436,-96.244
218.000,turbidity,0.973688,-18.271,-12.436,-96.244
218.000,h2s,0.951963,-18.271,-12.436,-96.244
218.000,ph,7.975362,-18.271,-12.436,-96.244
218.200,temperature,2.532678,-18.185,-12.197,-96.343
218.250,turbidity,0.904612,-18.163,-12.135,-96.368
218.400,temperature,2.566116,-18.097,-11.948,-96.443
218.500,turbidity,0.560069,-18.052,-11.820,-96.493
218.500,h2s,1.287788,-18.052,-11.820,-96.493
218.600,temperature,2.635889,-18.006,-11.690,-96.543
218.750,turbidity,0.956593,-17.937,-11.491,-96.619
218.800,temperature,2.713162,-17.914,-11.423,-96.644
219.000,temperature,2.769482,-17.820,-11.147,-96.746
219.000,turbidity,1.190634,-17.820,-11.147,-96.746
219.000,h2s,1.589720,-17.820,-11.147,-96.746
219.000,ph,7.942741,-17.820,-11.147,-96.746
219.200,temperature,2.828235,-17.724,-10.863,-96.848
219.250,turbidity,0.714622,-17.700,-10.790,-96.874
219.400,temperature,2.960564,-17.626,-10.570,-96.951
219.500,turbidity,1.184976,-17.576,-10.420,-97.003
219.500,h2s,1.518771,-17.576,-10.420,-97.003
219.600,temperature,2.821691,-17.526,-10.268,-97.055
219.750,turbidity,1.048288,-17.450,-10.037,-97.133
219.800,temperature,2.892077,-17.424,-9.959,-97.159
220.000,temperature,3.041341,-17.321,-9.642,-97.264
220.000,turbidity,0.179083,-17.321,-9.642,-97.264
220.000,h2s,1.780663,-17.321,-9.642,-97.264
220.000,ph,7.865368,-17.321,-9.642,-97.264
220.200,temperature,3.220379,-17.215,-9.317,-97.369
220.250,turbidity,1.031259,-17.188,-9.235,-97.395
220.400,temperature,3.232598,-17.107,-8.985,-97.475
220.500,turbidity,1.167425,-17.053,-8.817,-97.528
220.500,h2s,2.071643,-17.053,-8.817,-97.528
220.600,temperature,3.226798,-16.998,-8.646,-97.581
220.750,turbidity,1.046578,-16.915,-8.388,-97.661
220.800,temperature,3.369759,-16.887,-8.301,-97.688
221.000,temperature,3.440170,-16.773,-7.949,-97.795
221.000,turbidity,1.293064,-16.773,-7.949,-97.795
221.000,h2s,2.286125,-16.773,-7.949,-97.795
221.000,ph,7.804341,-16.773,-7.949,-97.795
221.200,temperature,3.529995,-16.658,-7.591,-97.902
221.250,turbidity,1.203976,-16.629,-7.500,-97.929
221.400,temperature,3.608536,-16.542,-7.226,-98.010
221.500,turbidity,1.980861,-16.483,-7.042,-98.065
221.500,h2s,2.796423,-16.483,-7.042,-98.065
221.600,temperature,3.737639,-16.423,-6.856,-98.119
221.750,turbidity,1.251282,-16.333,-6.576,-98.200
221.800,temperature,3.887112,-16.303,-6.481,-98.228
222.000,temperature,3.912103,-16.180,-6.101,-98.337
222.000,turbidity,1.194415,-16.180,-6.101,-98.337
222.000,h2s,3.175889,-16.180,-6.101,-98.337
222.000,ph,7.745564,-16.180,-6.101,-98.337
222.200,temperature,4.068581,-16.056,-5.716,-98.446
222.250,turbidity,1.734672,-16.025,-5.619,-98.474
222.400,temperature,4.181318,-15.931,-5.327,-98.556
222.500,turbidity,1.471771,-15.867,-5.130,-98.611
222.500,h2s,3.578601,-15.867,-5.130,-98.611
222.600,temperature,4.310056,-15.803,-4.933,-98.666
222.750,turbidity,1.583463,-15.706,-4.635,-98.749
222.800,temperature,4.304962,-15.674,-4.536,-98.776
223.000,temperature,4.449973,-15.543,-4.135,-98.887
223.000,turbidity,1.619317,-15.543,-4.135,-98.887
223.000,h2s,3.984848,-15.543,-4.135,-98.887
223.000,ph,7.692812,-15.543,-4.135,-98.887
223.200,temperature,4.515525,-15.410,-3.730,-98.997
223.250,turbidity,1.960587,-15.377,-3.629,-99.025
223.400,temperature,4.647768,-15.276,-3.323,-99.108
223.500,turbidity,1.475588,-15.208,-3.119,-99.164
223.500,h2s,4.195279,-15.208,-3.119,-99.164
223.600,temperature,4.738251,-15.140,-2.914,-99.219
223.750,turbidity,2.103289,-15.037,-2.605,-99.303
223.800,temperature,4.764565,-15.002,-2.502,-99.331
224.000,temperature,4.906601,-14.863,-2.088,-99.442
224.000,turbidity,2.043126,-14.863,-2.088,-99.442
224.000,h2s,1.573144,-14.863,-2.088,-99.442
224.000,ph,7.641557,-14.863,-2.088,-99.442
224.200,temperature,5.080932,-14.722,-1.672,-99.553
224.250,turbidity,2.470018,-14.686,-1.568,-99.581
224.400,temperature,5.060780,-14.579,-1.255,-99.665
224.500,turbidity,2.022074,-14.507,-1.046,-99.721
224.500,h2s,5.250681,-14.507,-1.046,-99.721
224.600,temperature,5.028664,-14.435,-0.837,-99.777
224.750,turbidity,1.706057,-14.326,-0.523,-99.860
224.800,temperature,5.094297,-14.289,-0.419,-99.888
225.000,temperature,5.176438,-14.142,-0.000,-100.000
225.000,turbidity,2.079380,-14.142,-0.000,-100.000
225.000,h2s,5.436506,-14.142,-0.000,-100.000
225.000,ph,7.613046,-14.142,-0.000,-100.000
225.200,temperature,5.161243,-13.993,0.419,-100.112
225.250,turbidity,2.131988,-13.956,0.523,-100.140
225.400,temperature,5.285578,-13.843,0.837,-100.223
225.500,turbidity,2.411663,-13.767,1.046,-100.279
225.500,h2s,5.167488,-13.767,1.046,-100.279
225.600,temperature,5.161770,-13.691,1.255,-100.335
225.750,turbidity,1.753698,-13.576,1.568,-100.419
225.800,temperature,5.252987,-13.538,1.672,-100.447
226.000,temperature,5.135853,-13.383,2.088,-100.558
226.000,turbidity,1.593748,-13.383,2.088,-100.558
226.000,h2s,5.292167,-13.383,2.088,-100.558
226.000,ph,7.628129,-13.383,2.088,-100.558
226.200,temperature,5.188710,-13.226,2.502,-100.669
226.250,turbidity,2.088334,-13.187,2.605,-100.697
226.400,temperature,5.106339,-13.068,2.914,-100.781
226.500,turbidity,2.557828,-12.989,3.119,-100.836
226.500,h2s,5.264482,-12.989,3.119,-100.836
226.600,temperature,5.149343,-12.909,3.323,-100.892
226.750,turbidity,2.173564,-12.789,3.629,-100.975
226.800,temperature,5.115944,-12.748,3.730,-101.003
227.000,temperature,5.021417,-12.586,4.135,-101.113
227.000,turbidity,2.156814,-12.586,4.135,-101.113
227.000,h2s,4.793418,-12.586,4.135,-101.113
227.000,ph,7.633220,-12.586,4.135,-101.113
227.200,temperature,4.992221,-12.423,4.536,-101.224
227.250,turbidity,1.509911,-12.382,4.635,-101.251
227.400,temperature,4.745686,-12.258,4.933,-101.334
227.500,turbidity,1.865759,-12.175,5.130,-101.389
227.500,h2s,4.806277,-12.175,5.130,-101.389
227.600,temperature,4.792220,-12.092,5.327,-101.444
227.750,turbidity,2.175025,-11.966,5.619,-101.526
227.800,temperature,4.724989,-11.924,5.716,-101.554
228.000,temperature,4.643222,-11.756,6.101,-101.663
228.000,turbidity,1.848093,-11.756,6.101,-101.663
228.000,h2s,4.282948,-11.756,6.101,-101.663
228.000,ph,7.687986,-11.756,6.101,-101.663
228.200,temperature,4.428908,-11.586,6.481,-101.772
228.250,turbidity,1.231986,-11.543,6.576,-101.800
228.400,temperature,4.448032,-11.414,6.856,-101.881
228.500,turbidity,1.645755,-11.328,7.042,-101.935
228.500,h2s,3.710555,-11.328,7.042,-101.935
228.600,temperature,4.363125,-11.242,7.226,-101.990
228.750,turbidity,1.758198,-11.111,7.500,-102.071
228.800,temperature,4.241367,-11.068,7.591,-102.098
229.000,temperature,4.074401,-10.893,7.949,-102.205
229.000,turbidity,0.593240,-10.893,7.949,-102.205
229.000,h2s,3.616713,-10.893,7.949,-102.205
229.000,ph,7.714189,-10.893,7.949,-102.205
229.200,temperature,4.014731,-10.717,8.301,-102.312
229.250,turbidity,1.439843,-10.672,8.388,-102.339
229.400,temperature,4.008633,-10.539,8.646,-102.419
229.500,turbidity,1.147708,-10.450,8.817,-102.472
229.500,h2s,3.010063,-10.450,8.817,-102.472
229.600,temperature,3.908516,-10.361,8.985,-102.525
229.750,turbidity,1.610358,-10.226,9.235,-102.605
229.800,temperature,3.784640,-10.181,9.317,-102.631
230.000,temperature,3.707469,-10.000,9.642,-102.736
230.000,turbidity,1.175020,-10.000,9.642,-102.736
230.000,h2s,2.546759,-10.000,9.642,-102.736
230.000,ph,7.784905,-10.000,9.642,-102.736
230.200,temperature,3.634800,-9.818,9.959,-102.841
230.250,turbidity,1.373869,-9.772,10.037,-102.867
230.400,temperature,3.525278,-9.635,10.268,-102.945
230.500,turbidity,1.197701,-9.543,10.420,-102.997
230.500,h2s,2.666280,-9.543,10.420,-102.997
230.600,temperature,3.483028,-9.451,10.570,-103.049
230.750,turbidity,1.016661,-9.312,10.790,-103.126
230.800,temperature,3.404499,-9.266,10.863,-103.152
231.000,temperature,3.401756,-9.080,11.147,-103.254
231.000,turbidity,1.704195,-9.080,11.147,-103.254
231.000,h2s,2.096478,-9.080,11.147,-103.254
231.000,ph,7.832004,-9.080,11.147,-103.254
231.200,temperature,3.178220,-8.893,11.423,-103.356
231.250,turbidity,0.899116,-8.846,11.491,-103.381
231.400,temperature,3.113145,-8.705,11.690,-103.457
231.500,turbidity,1.051053,-8.610,11.820,-103.507
231.500,h2s,1.463969,-8.610,11.820,-103.507
231.600,temperature,2.937184,-8.516,11.948,-103.557
231.750,turbidity,0.989602,-8.373,12.135,-103.632
231.800,temperature,3.035003,-8.326,12.197,-103.657
232.000,temperature,3.058011,-8.135,12.436,-103.756
232.000,turbidity,1.013842,-8.135,12.436,-103.756
232.000,h2s,2.258365,-8.135,12.436,-103.756
232.000,ph,7.852548,-8.135,12.436,-103.756
232.200,temperature,2.973904,-7.943,12.665,-103.854
232.250,turbidity,1.494775,-7.895,12.721,-103.878
232.400,temperature,2.902084,-7.750,12.884,-103.952
232.500,turbidity,1.076269,-7.654,12.990,-104.000
232.500,h2s,1.416449,-7.654,12.990,-104.000
232.600,temperature,2.883800,-7.557,13.094,-104.048
232.750,turbidity,0.734695,-7.411,13.244,-104.120
232.800,temperature,2.797823,-7.362,13.293,-104.144
233.000,temperature,2.719188,-7.167,13.482,-104.239
233.000,turbidity,1.293046,-7.167,13.482,-104.239
233.000,h2s,1.602830,-7.167,13.482,-104.239
233.000,ph,7.905290,-7.167,13.482,-104.239
233.200,temperature,2.808700,-6.971,13.660,-104.334
233.250,turbidity,1.057782,-6.922,13.703,-104.357
233.400,temperature,2.683988,-6.775,13.828,-104.427
233.500,turbidity,0.674767,-6.676,13.908,-104.474
233.500,h2s,0.704054,-6.676,13.908,-104.474
233.600,temperature,2.688581,-6.577,13.985,-104.520
233.750,turbidity,1.177740,-6.429,14.095,-104.589
233.800,temperature,2.483336,-6.379,14.131,-104.611
234.000,temperature,2.464721,-6.180,14.266,-104.702
234.000,turbidity,0.381635,-6.180,14.266,-104.702
234.000,h2s,1.535498,-6.180,14.266,-104.702
234.000,ph,7.901824,-6.180,14.266,-104.702
234.200,temperature,2.559483,-5.981,14.390,-104.792
234.250,turbidity,0.435424,-5.931,14.419,-104.815
234.400,temperature,2.483220,-5.781,14.502,-104.881
234.500,turbidity,0.264150,-5.680,14.554,-104.925
234.500,h2s,0.697396,-5.680,14.554,-104.925
234.600,temperature,-0.182910,-5.580,14.604,-104.969
234.750,turbidity,0.132272,-5.429,14.672,-105.035
234.800,temperature,2.492734,-5.378,14.694,-105.056
235.000,temperature,2.512870,-5.176,14.772,-105.142
235.000,turbidity,1.086275,-5.176,14.772,-105.142
235.000,h2s,0.597692,-5.176,14.772,-105.142
235.000,ph,7.935442,-5.176,14.772,-105.142
235.200,temperature,2.497553,-4.974,14.839,-105.227
235.250,turbidity,0.773029,-4.923,14.854,-105.248
235.400,temperature,2.431544,-4.771,14.894,-105.311
235.500,turbidity,0.247696,-4.669,14.918,-105.353
235.500,h2s,0.603895,-4.669,14.918,-105.353
235.600,temperature,2.418701,-4.567,14.938,-105.394
235.750,turbidity,0.688305,-4.414,14.963,-105.456
235.800,temperature,2.368037,-4.363,14.970,-105.476
236.000,temperature,2.371575,-4.158,14.991,-105.557
236.000,turbidity,0.965669,-4.158,14.991,-105.557
236.000,h2s,0.578306,-4.158,14.991,-105.557
236.000,ph,7.954298,-4.158,14.991,-105.557
236.200,temperature,2.434446,-3.953,15.000,-105.637
236.250,turbidity,0.468262,-3.902,15.000,-105.657
236.400,temperature,2.419974,-3.748,14.997,-105.716
236.500,turbidity,0.588519,-3.645,14.991,-105.755
236.500,h2s,1.013635,-3.645,14.991,-105.755
236.600,temperature,2.391747,-3.542,14.982,-105.793
236.750,turbidity,1.292224,-3.387,14.963,-105.851
236.800,temperature,2.266526,-3.335,14.956,-105.870
237.000,temperature,2.386984,-3.129,14.918,-105.945
237.000,turbidity,0.607573,-3.129,14.918,-105.945
237.000,h2s,0.581414,-3.129,14.918,-105.945
237.000,ph,7.985063,-3.129,14.918,-105.945
237.200,temperature,2.445203,-2.922,14.868,-106.019
237.250,turbidity,0.235787,-2.870,14.854,-106.038
237.400,temperature,2.313464,-2.714,14.807,-106.092
237.500,turbidity,0.515071,-2.611,14.772,-106.128
237.500,h2s,0.304936,-2.611,14.772,-106.128
237.600,temperature,2.384954,-2.507,14.734,-106.164
237.750,turbidity,0.193845,-2.351,14.672,-106.217
237.800,temperature,2.433327,-2.299,14.650,-106.235
238.000,temperature,2.339102,-2.091,14.554,-106.304
238.000,turbidity,0.871962,-2.091,14.554,-106.304
238.000,h2s,0.695978,-2.091,14.554,-106.304
238.000,ph,7.940839,-2.091,14.554,-106.304
238.200,temperature,2.397866,-1.882,14.447,-106.372
238.250,turbidity,0.410977,-1.830,14.419,-106.389
238.400,temperature,2.347165,-1.674,14.329,-106.439
238.500,turbidity,0.402819,-1.569,14.266,-106.472
238.500,h2s,0.563432,-1.569,14.266,-106.472
238.600,temperature,2.440114,-1.465,14.200,-106.505
238.750,turbidity,-8.180430,-1.308,14.095,-106.553
238.800,temperature,2.240584,-1.256,14.059,-106.569
239.000,temperature,2.330351,-1.047,13.908,-106.632
239.000,turbidity,0.729446,-1.047,13.908,-106.632
239.000,h2s,0.540983,-1.047,13.908,-106.632
239.000,ph,7.958644,-1.047,13.908,-106.632
239.200,temperature,2.364383,-0.838,13.745,-106.694
239.250,turbidity,0.317740,-0.785,13.703,-106.709
239.400,temperature,2.412295,-0.628,13.572,-106.755
239.500,turbidity,0.546728,-0.524,13.482,-106.784
239.500,h2s,0.484153,-0.524,13.482,-106.784
239.600,temperature,2.351611,-0.419,13.389,-106.814
239.750,turbidity,0.856579,-0.262,13.244,-106.857
239.800,temperature,2.352049,-0.209,13.195,-106.872
240.000,temperature,2.422059,-0.000,12.990,-106.928
240.000,turbidity,0.356866,-0.000,12.990,-106.928
240.000,h2s,1.141312,-0.000,12.990,-106.928
240.000,ph,7.941357,-0.000,12.990,-106.928
240.200,temperature,2.392826,0.209,12.776,-106.983
240.250,turbidity,0.772051,0.262,12.721,-106.997
240.400,temperature,2.437361,0.419,12.551,-107.037
240.500,turbidity,0.611251,0.524,12.436,-107.064
240.500,h2s,0.679969,0.524,12.436,-107.064
240.600,temperature,2.425006,0.628,12.317,-107.090
240.750,turbidity,0.594815,0.785,12.135,-107.128
240.800,temperature,2.359565,0.838,12.073,-107.141
241.000,temperature,2.416837,1.047,11.820,-107.190
241.000,turbidity,1.182300,1.047,11.820,-107.190
241.000,h2s,0.492215,1.047,11.820,-107.190
241.000,ph,15.675003,1.047,11.820,-107.190
241.200,temperature,2.464302,1.256,11.558,-107.239
241.250,turbidity,1.063630,1.308,11.491,-107.250
241.400,temperature,2.493117,1.465,11.286,-107.285
241.500,turbidity,0.275278,1.569,11.147,-107.308
241.500,h2s,1.062463,1.569,11.147,-107.308
241.600,temperature,2.418802,1.674,11.006,-107.331
241.750,turbidity,0.471223,1.830,10.790,-107.364
241.800,temperature,2.492332,1.882,10.717,-107.375
242.000,temperature,2.391234,2.091,10.420,-107.417
242.000,turbidity,0.700245,2.091,10.420,-107.417
242.000,h2s,0.917046,2.091,10.420,-107.417
242.000,ph,7.968985,2.091,10.420,-107.417
242.200,temperature,2.466118,2.299,10.115,-107.459
242.250,turbidity,1.110031,2.351,10.037,-107.469
242.400,temperature,2.467395,2.507,9.801,-107.498
242.500,turbidity,0.605989,2.611,9.642,-107.518
242.500,h2s,1.251157,2.611,9.642,-107.518
242.600,temperature,2.583320,2.714,9.480,-107.536
242.750,turbidity,0.767066,2.870,9.235,-107.564
242.800,temperature,2.442767,2.922,9.152,-107.573
243.000,temperature,2.592832,3.129,8.817,-107.608
243.000,turbidity,0.806876,3.129,8.817,-107.608
243.000,h2s,0.927597,3.129,8.817,-107.608
243.000,ph,7.931755,3.129,8.817,-107.608
243.200,temperature,2.503322,3.335,8.475,-107.642
243.250,turbidity,1.130113,3.387,8.388,-107.650
243.400,temperature,2.428186,3.542,8.126,-107.675
243.500,turbidity,0.474993,3.645,7.949,-107.690
243.500,h2s,0.794723,3.645,7.949,-107.690
243.600,temperature,2.539707,3.748,7.770,-107.705
243.750,turbidity,0.740499,3.902,7.500,-107.727
243.800,temperature,2.540651,3.953,7.409,-107.735
244.000,temperature,2.627215,4.158,7.042,-107.762
244.000,turbidity,0.923992,4.158,7.042,-107.762
244.000,h2s,0.738486,4.158,7.042,-107.762
244.000,ph,7.927928,4.158,7.042,-107.762
244.200,temperature,2.549069,4.363,6.670,-107.789
244.250,turbidity,0.451734,4.414,6.576,-107.795
244.400,temperature,2.675603,4.567,6.292,-107.813
244.500,turbidity,0.812677,4.669,6.101,-107.825
244.500,h2s,1.060485,4.669,6.101,-107.825
244.600,temperature,2.641579,4.771,5.909,-107.837
244.750,turbidity,0.769640,4.923,5.619,-107.853
244.800,temperature,2.600047,4.974,5.522,-107.858
245.000,temperature,2.550688,5.176,5.130,-107.878
245.000,turbidity,1.079160,5.176,5.130,-107.878
245.000,h2s,1.113706,5.176,5.130,-107.878
245.000,ph,7.929739,5.176,5.130,-107.878
245.200,temperature,2.517325,5.378,4.735,-107.897
245.250,turbidity,1.037136,5.429,4.635,-107.902
245.400,temperature,2.616284,5.580,4.335,-107.914
245.500,turbidity,0.394764,5.680,4.135,-107.922
245.500,h2s,1.039949,5.680,4.135,-107.922
245.600,temperature,2.596067,5.781,3.933,-107.930
245.750,turbidity,1.125621,5.931,3.629,-107.940
245.800,temperature,2.629913,5.981,3.527,-107.944
246.000,temperature,2.635819,6.180,3.119,-107.956
246.000,turbidity,0.884313,6.180,3.119,-107.956
246.000,h2s,1.261202,6.180,3.119,-107.956
246.000,ph,7.918948,6.180,3.119,-107.956
246.200,temperature,2.725160,6.379,2.708,-107.967
246.250,turbidity,1.102010,6.429,2.605,-107.970
246.400,temperature,2.566882,6.577,2.295,-107.976
246.500,turbidity,0.508219,6.676,2.088,-107.981
246.500,h2s,1.326575,6.676,2.088,-107.981
246.600,temperature,2.624225,6.775,1.880,-107.984
246.750,turbidity,0.938104,6.922,1.568,-107.989
246.800,temperature,2.555297,6.971,1.464,-107.990
247.000,temperature,2.525006,7.167,1.046,-107.995
247.000,turbidity,0.571384,7.167,1.046,-107.995
247.000,h2s,0.956532,7.167,1.046,-107.995
247.000,ph,7.943165,7.167,1.046,-107.995
247.200,temperature,2.560594,7.362,0.628,-107.998
247.250,turbidity,0.264298,7.411,0.523,-107.999
247.400,temperature,2.514480,7.557,0.209,-108.000
247.500,turbidity,0.472460,7.654,-0.000,-108.000
247.500,h2s,0.637824,7.654,-0.000,-108.000
247.600,temperature,2.436420,7.750,-0.209,-108.000
247.750,turbidity,0.594202,7.895,-0.523,-107.999
247.800,temperature,2.453166,7.943,-0.628,-107.998
248.000,temperature,2.445086,8.135,-1.046,-107.995
248.000,turbidity,0.515102,8.135,-1.046,-107.995
248.000,h2s,0.983116,8.135,-1.046,-107.995
248.000,ph,7.961419,8.135,-1.046,-107.995
248.200,temperature,2.450767,8.326,-1.464,-107.990
248.250,turbidity,1.299902,8.373,-1.568,-107.989
248.400,temperature,2.539884,8.516,-1.880,-107.984
248.500,turbidity,0.829875,8.610,-2.088,-107.981
248.500,h2s,1.096221,8.610,-2.088,-107.981
248.600,temperature,2.458309,8.705,-2.295,-107.976
248.750,turbidity,0.966872,8.846,-2.605,-107.970
248.800,temperature,2.419157,8.893,-2.708,-107.967
249.000,temperature,2.453029,9.080,-3.119,-107.956
249.000,turbidity,0.454488,9.080,-3.119,-107.956
249.000,h2s,0.729276,9.080,-3.119,-107.956
249.000,ph,7.951686,9.080,-3.119,-107.956
249.200,temperature,2.408444,9.266,-3.527,-107.944
249.250,turbidity,0.146517,9.312,-3.629,-107.940
249.400,temperature,2.399910,9.451,-3.933,-107.930
249.500,turbidity,1.302230,9.543,-4.135,-107.922
249.500,h2s,0.833529,9.543,-4.135,-107.922
249.600,temperature,2.358034,9.635,-4.335,-107.914
249.750,turbidity,0.034882,9.772,-4.635,-107.902
249.800,temperature,2.310794,9.818,-4.735,-107.897
250.000,temperature,2.336078,10.000,-5.130,-107.878
250.000,turbidity,0.390951,10.000,-5.130,-107.878
250.000,h2s,0.443516,10.000,-5.130,-107.878
250.000,ph,7.916411,10.000,-5.130,-107.878
250.200,temperature,2.315445,10.181,-5.522,-107.858
250.250,turbidity,0.840150,10.226,-5.619,-107.853
250.400,temperature,2.347202,10.361,-5.909,-107.837
250.500,turbidity,0.496021,10.450,-6.101,-107.825
250.500,h2s,0.645768,10.450,-6.101,-107.825
250.600,temperature,2.288750,10.539,-6.292,-107.813
250.750,turbidity,0.670813,10.672,-6.576,-107.795
250.800,temperature,2.238304,10.717,-6.670,-107.789
251.000,temperature,2.220342,10.893,-7.042,-107.762
251.000,turbidity,0.291281,10.893,-7.042,-107.762
251.000,h2s,0.641793,10.893,-7.042,-107.762
251.000,ph,7.960481,10.893,-7.042,-107.762
251.200,temperature,2.354579,11.068,-7.409,-107.735
251.250,turbidity,0.717337,11.111,-7.500,-107.727
251.400,temperature,2.120612,11.242,-7.770,-107.705
251.500,turbidity,0.183258,11.328,-7.949,-107.690
251.500,h2s,0.534303,11.328,-7.949,-107.690
251.600,temperature,2.278634,11.414,-8.126,-107.675
251.750,turbidity,-0.222020,11.543,-8.388,-107.650
251.800,temperature,2.216910,11.586,-8.475,-107.642
252.000,temperature,2.216743,11.756,-8.817,-107.608
252.000,turbidity,0.406350,11.756,-8.817,-107.608
252.000,h2s,0.822112,11.756,-8.817,-107.608
252.000,ph,7.988327,11.756,-8.817,-107.608
252.200,temperature,2.227179,11.924,-9.152,-107.573
252.250,turbidity,0.754168,11.966,-9.235,-107.564
252.400,temperature,2.188465,12.092,-9.480,-107.536
252.500,turbidity,0.365679,12.175,-9.642,-107.518
252.500,h2s,0.675871,12.175,-9.642,-107.518
252.600,temperature,2.145107,12.258,-9.801,-107.498
252.750,turbidity,0.632338,12.382,-10.037,-107.469
252.800,temperature,2.236349,12.423,-10.115,-107.459
253.000,temperature,2.182395,12.586,-10.420,-107.417
253.000,turbidity,1.138394,12.586,-10.420,-107.417
253.000,h2s,0.488861,12.586,-10.420,-107.417
253.000,ph,7.988420,12.586,-10.420,-107.417
253.200,temperature,2.104540,12.748,-10.717,-107.375
253.250,turbidity,0.689152,12.789,-10.790,-107.364
253.400,temperature,2.197934,12.909,-11.006,-107.331
253.500,turbidity,0.641477,12.989,-11.147,-107.308
253.500,h2s,0.525322,12.989,-11.147,-107.308
253.600,temperature,2.033362,13.068,-11.286,-107.285
253.750,turbidity,0.802834,13.187,-11.491,-107.250
253.800,temperature,2.201361,13.226,-11.558,-107.239
254.000,temperature,2.133217,13.383,-11.820,-107.190
254.000,turbidity,0.531151,13.383,-11.820,-107.190
254.000,h2s,0.484793,13.383,-11.820,-107.190
254.000,ph,7.997656,13.383,-11.820,-107.190
254.200,temperature,2.010274,13.538,-12.073,-107.141
254.250,turbidity,0.344298,13.576,-12.135,-107.128
254.400,temperature,0.086314,13.691,-12.317,-107.090
254.500,turbidity,0.867641,13.767,-12.436,-107.064
254.500,h2s,0.317504,13.767,-12.436,-107.064
254.600,temperature,2.144217,13.843,-12.551,-107.037
254.750,turbidity,0.775814,13.956,-12.721,-106.997
254.800,temperature,2.143009,13.993,-12.776,-106.983
255.000,temperature,2.093696,14.142,-12.990,-106.928
255.000,turbidity,0.271282,14.142,-12.990,-106.928
255.000,h2s,0.237280,14.142,-12.990,-106.928
255.000,ph,8.000671,14.142,-12.990,-106.928
255.200,temperature,2.068925,14.289,-13.195,-106.872
255.250,turbidity,0.447008,14.326,-13.244,-106.857
255.400,temperature,2.030713,14.435,-13.389,-106.814
255.500,turbidity,0.663391,14.507,-13.482,-106.784
255.500,h2s,0.146866,14.507,-13.482,-106.784
255.600,temperature,1.989959,14.579,-13.572,-106.755
255.750,turbidity,0.055867,14.686,-13.703,-106.709
255.800,temperature,2.099750,14.722,-13.745,-106.694
256.000,temperature,2.085979,14.863,-13.908,-106.632
256.000,turbidity,0.658890,14.863,-13.908,-106.632
256.000,h2s,0.004101,14.863,-13.908,-106.632
256.000,ph,8.010150,14.863,-13.908,-106.632
256.200,temperature,2.102627,15.002,-14.059,-106.569
256.250,turbidity,0.620711,15.037,-14.095,-106.553
256.400,temperature,2.036799,15.140,-14.200,-106.505
256.500,turbidity,0.147607,15.208,-14.266,-106.472
256.500,h2s,0.518488,15.208,-14.266,-106.472
256.600,temperature,2.160318,15.276,-14.329,-106.439
256.750,turbidity,1.030182,15.377,-14.419,-106.389
256.800,temperature,2.082623,15.410,-14.447,-106.372
257.000,temperature,2.050775,15.543,-14.554,-106.304
257.000,turbidity,0.401198,15.543,-14.554,-106.304
257.000,h2s,0.613973,15.543,-14.554,-106.304
257.000,ph,8.045480,15.543,-14.554,-106.304
257.200,temperature,1.950687,15.674,-14.650,-106.235
257.250,turbidity,0.373102,15.706,-14.672,-106.217
257.400,temperature,2.034876,15.803,-14.734,-106.164
257.500,turbidity,0.790663,15.867,-14.772,-106.128
257.500,h2s,0.210722,15.867,-14.772,-106.128
257.600,temperature,2.094978,15.931,-14.807,-106.092
257.750,turbidity,0.853240,16.025,-14.854,-106.038
257.800,temperature,2.126804,16.056,-14.868,-106.019
258.000,temperature,2.054070,16.180,-14.918,-105.945
258.000,turbidity,0.211843,16.180,-14.918,-105.945
258.000,h2s,0.211488,16.180,-14.918,-105.945
258.000,ph,8.023699,16.180,-14.918,-105.945
258.200,temperature,2.135525,16.303,-14.956,-105.870
258.250,turbidity,-0.262606,16.333,-14.963,-105.851
258.400,temperature,2.004133,16.423,-14.982,-105.793
258.500,turbidity,0.473528,16.483,-14.991,-105.755
258.500,h2s,0.318869,16.483,-14.991,-105.755
258.600,temperature,2.073155,16.542,-14.997,-105.716
258.750,turbidity,-0.041284,16.629,-15.000,-105.657
258.800,temperature,2.074782,16.658,-15.000,-105.637
259.000,temperature,2.083612,16.773,-14.991,-105.557
259.000,turbidity,0.770955,16.773,-14.991,-105.557
259.000,h2s,0.171073,16.773,-14.991,-105.557
259.000,ph,8.015028,16.773,-14.991,-105.557
259.200,temperature,2.061231,16.887,-14.970,-105.476
259.250,turbidity,0.509254,16.915,-14.963,-105.456
259.400,temperature,2.071791,16.998,-14.938,-105.394
259.500,turbidity,0.084122,17.053,-14.918,-105.353
259.500,h2s,0.006033,17.053,-14.918,-105.353
259.600,temperature,2.005358,17.107,-14.894,-105.311
259.750,turbidity,0.294706,17.188,-14.854,-105.248
259.800,temperature,2.123167,17.215,-14.839,-105.227
260.000,temperature,2.104143,17.321,-14.772,-105.142
260.000,turbidity,0.189514,17.321,-14.772,-105.142
260.000,h2s,-0.045030,17.321,-14.772,-105.142
260.000,ph,8.005826,17.321,-14.772,-105.142
260.200,temperature,2.074125,17.424,-14.694,-105.056
260.250,turbidity,0.280318,17.450,-14.672,-105.035
260.400,temperature,2.108454,17.526,-14.604,-104.969
260.500,turbidity,-0.013854,17.576,-14.554,-104.925
260.500,h2s,0.610280,17.576,-14.554,-104.925
260.600,temperature,2.131066,17.626,-14.502,-104.881
260.750,turbidity,0.941513,17.700,-14.419,-104.815
260.800,temperature,2.093822,17.724,-14.390,-104.792
261.000,temperature,2.172848,17.820,-14.266,-104.702
261.000,turbidity,0.228362,17.820,-14.266,-104.702
261.000,h2s,-0.097162,17.820,-14.266,-104.702
261.000,ph,8.023790,17.820,-14.266,-104.702
261.200,temperature,2.103130,17.914,-14.131,-104.611
261.250,turbidity,0.531819,17.937,-14.095,-104.589
261.400,temperature,2.029191,18.006,-13.985,-104.520
261.500,turbidity,0.660253,18.052,-13.908,-104.474
261.500,h2s,0.299266,18.052,-13.908,-104.474
261.600,temperature,2.087816,18.097,-13.828,-104.427
261.750,turbidity,0.865045,18.163,-13.703,-104.357
261.800,temperature,2.128851,18.185,-13.660,-104.334
262.000,temperature,2.151310,18.271,-13.482,-104.239
262.000,turbidity,0.548111,18.271,-13.482,-104.239
262.000,h2s,-0.050690,18.271,-13.482,-104.239
262.000,ph,8.009030,18.271,-13.482,-104.239
262.200,temperature,2.095153,18.355,-13.293,-104.144
262.250,turbidity,0.459462,18.376,-13.244,-104.120
262.400,temperature,2.044608,18.437,-13.094,-104.048
262.500,turbidity,-7.821439,18.478,-12.990,-104.000
262.500,h2s,0.245068,18.478,-12.990,-104.000
262.600,temperature,2.084640,18.517,-12.884,-103.952
262.750,turbidity,0.787816,18.576,-12.721,-103.878
262.800,temperature,2.033351,18.596,-12.665,-103.854
263.000,temperature,2.146986,18.672,-12.436,-103.756
263.000,turbidity,0.485314,18.672,-12.436,-103.756
263.000,h2s,0.218633,18.672,-12.436,-103.756
263.000,ph,7.985593,18.672,-12.436,-103.756
263.200,temperature,2.092600,18.746,-12.197,-103.657
263.250,turbidity,0.662101,18.764,-12.135,-103.632
263.400,temperature,2.085211,18.818,-11.948,-103.557
263.500,turbidity,0.826239,18.853,-11.820,-103.507
263.500,h2s,0.043137,18.853,-11.820,-103.507
263.600,temperature,2.173198,18.888,-11.690,-103.457
263.750,turbidity,0.929691,18.939,-11.491,-103.381
263.800,temperature,2.217670,18.955,-11.423,-103.356
264.000,temperature,2.109402,19.021,-11.147,-103.254
264.000,turbidity,0.554254,19.021,-11.147,-103.254
264.000,h2s,0.474023,19.021,-11.147,-103.254
264.000,ph,7.987245,19.021,-11.147,-103.254
264.200,temperature,2.163551,19.085,-10.863,-103.152
264.250,turbidity,0.491410,19.100,-10.790,-103.126
264.400,temperature,2.155339,19.146,-10.570,-103.049
264.500,turbidity,0.592557,19.176,-10.420,-102.997
264.500,h2s,0.177999,19.176,-10.420,-102.997
264.600,temperature,2.247247,19.206,-10.268,-102.945
264.750,turbidity,0.608616,19.249,-10.037,-102.867
264.800,temperature,2.183406,19.263,-9.959,-102.841
265.000,temperature,2.148579,19.319,-9.642,-102.736
265.000,turbidity,0.389328,19.319,-9.642,-102.736
265.000,h2s,0.140310,19.319,-9.642,-102.736
265.000,ph,7.968935,19.319,-9.642,-102.736
265.200,temperature,2.211311,19.372,-9.317,-102.631
265.250,turbidity,0.411367,19.385,-9.235,-102.605
265.400,temperature,2.285374,19.423,-8.985,-102.525
265.500,turbidity,0.545251,19.447,-8.817,-102.472
265.500,h2s,0.639042,19.447,-8.817,-102.472
265.600,temperature,2.229074,19.472,-8.646,-102.419
265.750,turbidity,1.012082,19.507,-8.388,-102.339
265.800,temperature,2.226092,19.518,-8.301,-102.312
266.000,temperature,2.267340,19.563,-7.949,-102.205
266.000,turbidity,0.410248,19.563,-7.949,-102.205
266.000,h2s,0.484969,19.563,-7.949,-102.205
266.000,ph,7.991016,19.563,-7.949,-102.205
266.200,temperature,2.241065,19.605,-7.591,-102.098
266.250,turbidity,1.249905,19.616,-7.500,-102.071
266.400,temperature,2.299018,19.646,-7.226,-101.990
266.500,turbidity,0.795659,19.665,-7.042,-101.935
266.500,h2s,0.476056,19.665,-7.042,-101.935
266.600,temperature,2.299815,19.684,-6.856,-101.881
266.750,turbidity,0.662819,19.711,-6.576,-101.800
266.800,temperature,2.464466,19.720,-6.481,-101.772
267.000,temperature,2.269896,19.754,-6.101,-101.663
267.000,turbidity,0.599270,19.754,-6.101,-101.663
267.000,h2s,0.864203,19.754,-6.101,-101.663
267.000,ph,7.968013,19.754,-6.101,-101.663
267.200,temperature,2.343949,19.785,-5.716,-101.554
267.250,turbidity,1.380985,19.793,-5.619,-101.526
267.400,temperature,2.376961,19.815,-5.327,-101.444
267.500,turbidity,0.393479,19.829,-5.130,-101.389
267.500,h2s,0.566556,19.829,-5.130,-101.389
267.600,temperature,2.380069,19.842,-4.933,-101.334
267.750,turbidity,1.194874,19.861,-4.635,-101.251
267.800,temperature,2.471690,19.867,-4.536,-101.224
268.000,temperature,2.435947,19.890,-4.135,-101.113
268.000,turbidity,-5.846951,19.890,-4.135,-101.113
268.000,h2s,0.534036,19.890,-4.135,-101.113
268.000,ph,7.925239,19.890,-4.135,-101.113
268.200,temperature,2.421285,19.911,-3.730,-101.003
268.250,turbidity,1.006124,19.916,-3.629,-100.975
268.400,temperature,2.520328,19.930,-3.323,-100.892
268.500,turbidity,0.674041,19.938,-3.119,-100.836
268.500,h2s,1.212281,19.938,-3.119,-100.836
268.600,temperature,-1.084361,19.946,-2.914,-100.781
268.750,turbidity,0.708369,19.957,-2.605,-100.697
268.800,temperature,2.591359,19.961,-2.502,-100.669
269.000,temperature,2.554048,19.973,-2.088,-100.558
269.000,turbidity,0.780261,19.973,-2.088,-100.558
269.000,h2s,1.401773,19.973,-2.088,-100.558
269.000,ph,7.955277,19.973,-2.088,-100.558
269.200,temperature,2.585049,19.982,-1.672,-100.447
269.250,turbidity,1.282833,19.985,-1.568,-100.419
269.400,temperature,2.694236,19.990,-1.255,-100.335
269.500,turbidity,1.041015,19.993,-1.046,-100.279
269.500,h2s,1.092873,19.993,-1.046,-100.279
269.600,temperature,2.545204,19.996,-0.837,-100.223
269.750,turbidity,0.598024,19.998,-0.523,-100.140
269.800,temperature,2.712321,19.999,-0.419,-100.112
270.000,temperature,2.716009,20.000,-0.000,-100.000
270.000,turbidity,0.871161,20.000,-0.000,-100.000
270.000,h2s,0.631446,20.000,-0.000,-100.000
270.000,ph,7.917350,20.000,-0.000,-100.000
270.200,temperature,2.606132,19.999,0.419,-99.888
270.250,turbidity,0.729768,19.998,0.523,-99.860
270.400,temperature,2.605295,19.996,0.837,-99.777
270.500,turbidity,0.682332,19.993,1.046,-99.721
270.500,h2s,1.208433,19.993,1.046,-99.721
270.600,temperature,2.768613,19.990,1.255,-99.665
270.750,turbidity,0.985505,19.985,1.568,-99.581
270.800,temperature,2.649820,19.982,1.672,-99.553
271.000,temperature,2.718473,19.973,2.088,-99.442
271.000,turbidity,0.925414,19.973,2.088,-99.442
271.000,h2s,1.447559,19.973,2.088,-99.442
271.000,ph,7.930765,19.973,2.088,-99.442
271.200,temperature,2.797727,19.961,2.502,-99.331
271.250,turbidity,0.568957,19.957,2.605,-99.303
271.400,temperature,2.756939,19.946,2.914,-99.219
271.500,turbidity,0.856107,19.938,3.119,-99.164
271.500,h2s,1.522398,19.938,3.119,-99.164
271.600,temperature,2.754520,19.930,3.323,-99.108
271.750,turbidity,0.691304,19.916,3.629,-99.025
271.800,temperature,2.778705,19.911,3.730,-98.997
272.000,temperature,2.776944,19.890,4.135,-98.887
272.000,turbidity,0.976928,19.890,4.135,-98.887
272.000,h2s,1.095389,19.890,4.135,-98.887
272.000,ph,7.897917,19.890,4.135,-98.887
272.200,temperature,2.743452,19.867,4.536,-98.776
272.250,turbidity,0.677013,19.861,4.635,-98.749
272.400,temperature,2.749135,19.842,4.933,-98.666
272.500,turbidity,0.794183,19.829,5.130,-98.611
272.500,h2s,1.222135,19.829,5.130,-98.611
272.600,temperature,2.739008,19.815,5.327,-98.556
272.750,turbidity,0.699755,19.793,5.619,-98.474
272.800,temperature,2.714804,19.785,5.716,-98.446
273.000,temperature,2.705811,19.754,6.101,-98.337
273.000,turbidity,0.336042,19.754,6.101,-98.337
273.000,h2s,1.303403,19.754,6.101,-98.337
273.000,ph,7.931611,19.754,6.101,-98.337
273.200,temperature,2.693583,19.720,6.481,-98.228
273.250,turbidity,1.310748,19.711,6.576,-98.200
273.400,temperature,2.696517,19.684,6.856,-98.119
273.500,turbidity,0.829684,19.665,7.042,-98.065
273.500,h2s,1.376926,19.665,7.042,-98.065
273.600,temperature,2.731994,19.646,7.226,-98.010
273.750,turbidity,1.310479,19.616,7.500,-97.929
273.800,temperature,2.677333,19.605,7.591,-97.902
274.000,temperature,2.569733,19.563,7.949,-97.795
274.000,turbidity,0.829091,19.563,7.949,-97.795
274.000,h2s,1.307063,19.563,7.949,-97.795
274.000,ph,7.900301,19.563,7.949,-97.795
274.200,temperature,2.614631,19.518,8.301,-97.688
274.250,turbidity,1.005979,19.507,8.388,-97.661
274.400,temperature,2.585737,19.472,8.646,-97.581
274.500,turbidity,0.605538,19.447,8.817,-97.528
274.500,h2s,1.220807,19.447,8.817,-97.528
274.600,temperature,2.709878,19.423,8.985,-97.475
274.750,turbidity,0.604534,19.385,9.235,-97.395
274.800,temperature,2.546046,19.372,9.317,-97.369
275.000,temperature,2.677587,19.319,9.642,-97.264
275.000,turbidity,0.767811,19.319,9.642,-97.264
275.000,h2s,1.293780,19.319,9.642,-97.264
275.000,ph,7.945691,19.319,9.642,-97.264
275.200,temperature,2.576702,19.263,9.959,-97.159
275.250,turbidity,1.260740,19.249,10.037,-97.133
275.400,temperature,2.517701,19.206,10.268,-97.055
275.500,turbidity,0.496519,19.176,10.420,-97.003
275.500,h2s,1.000221,19.176,10.420,-97.003
275.600,temperature,2.675029,19.146,10.570,-96.951
275.750,turbidity,0.193689,19.100,10.790,-96.874
275.800,temperature,2.496996,19.085,10.863,-96.848
276.000,temperature,2.485997,19.021,11.147,-96.746
276.000,turbidity,1.058132,19.021,11.147,-96.746
276.000,h2s,1.268502,19.021,11.147,-96.746
276.000,ph,7.943299,19.021,11.147,-96.746
276.200,temperature,2.566944,18.955,11.423,-96.644
276.250,turbidity,0.964230,18.939,11.491,-96.619
276.400,temperature,2.557190,18.888,11.690,-96.543
276.500,turbidity,0.610200,18.853,11.820,-96.493
276.500,h2s,0.808583,18.853,11.820,-96.493
276.600,temperature,2.486040,18.818,11.948,-96.443
276.750,turbidity,1.351642,18.764,12.135,-96.368
276.800,temperature,2.431889,18.746,12.197,-96.343
277.000,temperature,2.455575,18.672,12.436,-96.244
277.000,turbidity,1.362812,18.672,12.436,-96.244
277.000,h2s,1.020494,18.672,12.436,-96.244
277.000,ph,7.916791,18.672,12.436,-96.244
277.200,temperature,2.472412,18.596,12.665,-96.146
277.250,turbidity,0.200815,18.576,12.721,-96.122
277.400,temperature,2.399027,18.517,12.884,-96.048
277.500,turbidity,0.517822,18.478,12.990,-96.000
277.500,h2s,0.764077,18.478,12.990,-96.000
277.600,temperature,2.468427,18.437,13.094,-95.952
277.750,turbidity,0.696499,18.376,13.244,-95.880
277.800,temperature,2.489175,18.355,13.293,-95.856
278.000,temperature,2.359263,18.271,13.482,-95.761
278.000,turbidity,0.826845,18.271,13.482,-95.761
278.000,h2s,0.799837,18.271,13.482,-95.761
278.000,ph,7.943773,18.271,13.482,-95.761
278.200,temperature,2.479936,18.185,13.660,-95.666
278.250,turbidity,0.777230,18.163,13.703,-95.643
278.400,temperature,2.397005,18.097,13.828,-95.573
278.500,turbidity,0.706001,18.052,13.908,-95.526
278.500,h2s,0.814050,18.052,13.908,-95.526
278.600,temperature,2.516452,18.006,13.985,-95.480
278.750,turbidity,0.391637,17.937,14.095,-95.411
278.800,temperature,2.465338,17.914,14.131,-95.389
279.000,temperature,2.454643,17.820,14.266,-95.298
279.000,turbidity,0.857807,17.820,14.266,-95.298
279.000,h2s,0.706213,17.820,14.266,-95.298
279.000,ph,7.973686,17.820,14.266,-95.298
279.200,temperature,2.417557,17.724,14.390,-95.208
279.250,turbidity,0.875486,17.700,14.419,-95.185
279.400,temperature,2.558430,17.626,14.502,-95.119
279.500,turbidity,0.986317,17.576,14.554,-95.075
279.500,h2s,1.041857,17.576,14.554,-95.075
279.600,temperature,2.405498,17.526,14.604,-95.031
279.750,turbidity,0.355305,17.450,14.672,-94.965
279.800,temperature,2.381234,17.424,14.694,-94.944
280.000,temperature,2.402958,17.321,14.772,-94.858
280.000,turbidity,0.643396,17.321,14.772,-94.858
280.000,h2s,0.742368,17.321,14.772,-94.858
280.000,ph,7.959075,17.321,14.772,-94.858
280.200,temperature,2.494745,17.215,14.839,-94.773
280.250,turbidity,0.569140,17.188,14.854,-94.752
280.400,temperature,2.452871,17.107,14.894,-94.689
280.500,turbidity,0.360498,17.053,14.918,-94.647
280.500,h2s,0.838785,17.053,14.918,-94.647
280.600,temperature,2.453365,16.998,14.938,-94.606
280.750,turbidity,0.651824,16.915,14.963,-94.544
280.800,temperature,2.443174,16.887,14.970,-94.524
281.000,temperature,2.471195,16.773,14.991,-94.443
281.000,turbidity,0.428621,16.773,14.991,-94.443
281.000,h2s,0.997140,16.773,14.991,-94.443
281.000,ph,7.939078,16.773,14.991,-94.443
281.200,temperature,2.463396,16.658,15.000,-94.363
281.250,turbidity,0.335684,16.629,15.000,-94.343
281.400,temperature,2.537313,16.542,14.997,-94.284
281.500,turbidity,0.967530,16.483,14.991,-94.245
281.500,h2s,1.436921,16.483,14.991,-94.245
281.600,temperature,2.506839,16.423,14.982,-94.207
281.750,turbidity,0.624808,16.333,14.963,-94.149
281.800,temperature,2.505725,16.303,14.956,-94.130
282.000,temperature,2.606747,16.180,14.918,-94.055
282.000,turbidity,0.553765,16.180,14.918,-94.055
282.000,h2s,1.135441,16.180,14.918,-94.055
282.000,ph,7.941378,16.180,14.918,-94.055
282.200,temperature,2.531860,16.056,14.868,-93.981
282.250,turbidity,1.140718,16.025,14.854,-93.962
282.400,temperature,2.611630,15.931,14.807,-93.908
282.500,turbidity,0.977986,15.867,14.772,-93.872
282.500,h2s,1.124482,15.867,14.772,-93.872
282.600,temperature,2.538418,15.803,14.734,-93.836
282.750,turbidity,0.222249,15.706,14.672,-93.783
282.800,temperature,2.596396,15.674,14.650,-93.765
283.000,temperature,2.681248,15.543,14.554,-93.696
283.000,turbidity,0.953364,15.543,14.554,-93.696
283.000,h2s,0.871353,15.543,14.554,-93.696
283.000,ph,7.927711,15.543,14.554,-93.696
283.200,temperature,-0.233295,15.410,14.447,-93.628
283.250,turbidity,0.974877,15.377,14.419,-93.611
283.400,temperature,2.705890,15.276,14.329,-93.561
283.500,turbidity,0.802095,15.208,14.266,-93.528
283.500,h2s,1.372750,15.208,14.266,-93.528
283.600,temperature,2.862602,15.140,14.200,-93.495
283.750,turbidity,0.820439,15.037,14.095,-93.447
283.800,temperature,2.798482,15.002,14.059,-93.431
284.000,temperature,2.964910,14.863,13.908,-93.368
284.000,turbidity,0.470996,14.863,13.908,-93.368
284.000,h2s,1.480914,14.863,13.908,-93.368
284.000,ph,7.868627,14.863,13.908,-93.368
284.200,temperature,2.992647,14.722,13.745,-93.306
284.250,turbidity,1.597465,14.686,13.703,-93.291
284.400,temperature,3.151345,14.579,13.572,-93.245
284.500,turbidity,0.954074,14.507,13.482,-93.216
284.500,h2s,1.809179,14.507,13.482,-93.216
284.600,temperature,3.049569,14.435,13.389,-93.186
284.750,turbidity,1.173179,14.326,13.244,-93.143
284.800,temperature,3.167639,14.289,13.195,-93.128
285.000,temperature,3.350207,14.142,12.990,-93.072
285.000,turbidity,1.069124,14.142,12.990,-93.072
285.000,h2s,2.114388,14.142,12.990,-93.072
285.000,ph,7.867134,14.142,12.990,-93.072
285.200,temperature,3.422936,13.993,12.776,-93.017
285.250,turbidity,0.973793,13.956,12.721,-93.003
285.400,temperature,3.531566,13.843,12.551,-92.963
285.500,turbidity,1.495579,13.767,12.436,-92.936
285.500,h2s,2.728797,13.767,12.436,-92.936
285.600,temperature,3.678943,13.691,12.317,-92.910
285.750,turbidity,1.364112,13.576,12.135,-92.872
285.800,temperature,3.736451,13.538,12.073,-92.859
286.000,temperature,3.910795,13.383,11.820,-92.810
286.000,turbidity,1.334091,13.383,11.820,-92.810
286.000,h2s,3.097171,13.383,11.820,-92.810
286.000,ph,7.744304,13.383,11.820,-92.810
286.200,temperature,3.997478,13.226,11.558,-92.761
286.250,turbidity,1.591020,13.187,11.491,-92.750
286.400,temperature,4.164056,13.068,11.286,-92.715
286.500,turbidity,1.564496,12.989,11.147,-92.692
286.500,h2s,3.591788,12.989,11.147,-92.692
286.600,temperature,4.407095,12.909,11.006,-92.669
286.750,turbidity,2.217037,12.789,10.790,-92.636
286.800,temperature,4.549776,12.748,10.717,-92.625
287.000,temperature,4.830884,12.586,10.420,-92.583
287.000,turbidity,2.061539,12.586,10.420,-92.583
287.000,h2s,4.722041,12.586,10.420,-92.583
287.000,ph,7.672393,12.586,10.420,-92.583
287.200,temperature,4.942211,12.423,10.115,-92.541
287.250,turbidity,2.105870,12.382,10.037,-92.531
287.400,temperature,5.217702,12.258,9.801,-92.502
287.500,turbidity,1.659789,12.175,9.642,-92.482
287.500,h2s,5.234494,12.175,9.642,-92.482
287.600,temperature,5.458431,12.092,9.480,-92.464
287.750,turbidity,2.422407,11.966,9.235,-92.436
287.800,temperature,5.674365,11.924,9.152,-92.427
288.000,temperature,5.999135,11.756,8.817,-92.392
288.000,turbidity,2.587527,11.756,8.817,-92.392
288.000,h2s,6.584891,11.756,8.817,-92.392
288.000,ph,7.508201,11.756,8.817,-92.392
288.200,temperature,6.292890,11.586,8.475,-92.358
288.250,turbidity,2.329709,11.543,8.388,-92.350
288.400,temperature,6.700058,11.414,8.126,-92.325
288.500,turbidity,2.373529,11.328,7.949,-92.310
288.500,h2s,7.844063,11.328,7.949,-92.310
288.600,temperature,7.023506,11.242,7.770,-92.295
288.750,turbidity,3.262085,11.111,7.500,-92.273
288.800,temperature,7.291873,11.068,7.409,-92.265
289.000,temperature,7.711638,10.893,7.042,-92.238
289.000,turbidity,3.529102,10.893,7.042,-92.238
289.000,h2s,9.414756,10.893,7.042,-92.238
289.000,ph,7.320308,10.893,7.042,-92.238
289.200,temperature,8.169112,10.717,6.670,-92.211
289.250,turbidity,3.321517,10.672,6.576,-92.205
289.400,temperature,8.510680,10.539,6.292,-92.187
289.500,turbidity,3.560361,10.450,6.101,-92.175
289.500,h2s,11.212581,10.450,6.101,-92.175
289.600,temperature,8.962946,10.361,5.909,-92.163
289.750,turbidity,4.057127,10.226,5.619,-92.147
289.800,temperature,9.460017,10.181,5.522,-92.142
290.000,temperature,9.933095,10.000,5.130,-92.122
290.000,turbidity,4.157802,10.000,5.130,-92.122
290.000,h2s,13.292779,10.000,5.130,-92.122
290.000,ph,7.019627,10.000,5.130,-92.122
290.200,temperature,10.354334,9.818,4.735,-92.103
290.250,turbidity,4.107917,9.772,4.635,-92.098
290.400,temperature,10.844588,9.635,4.335,-92.086
290.500,turbidity,4.546772,9.543,4.135,-92.078
290.500,h2s,14.616662,9.543,4.135,-92.078
290.600,temperature,11.266502,9.451,3.933,-92.070
290.750,turbidity,5.215207,9.312,3.629,-92.060
290.800,temperature,11.712492,9.266,3.527,-92.056
291.000,temperature,12.212017,9.080,3.119,-92.044
291.000,turbidity,5.120558,9.080,3.119,-92.044
291.000,h2s,16.334902,9.080,3.119,-92.044
291.000,ph,6.772864,9.080,3.119,-92.044
291.200,temperature,12.641003,8.893,2.708,-92.033
291.250,turbidity,5.955179,8.846,2.605,-92.030
291.400,temperature,13.085233,8.705,2.295,-92.024
291.500,turbidity,6.085313,8.610,2.088,-92.019
291.500,h2s,18.107855,8.610,2.088,-92.019
291.600,temperature,13.598275,8.516,1.880,-92.016
291.750,turbidity,6.294903,8.373,1.568,-92.011
291.800,temperature,13.919054,8.326,1.464,-92.010
292.000,temperature,14.325278,8.135,1.046,-92.005
292.000,turbidity,6.460311,8.135,1.046,-92.005
292.000,h2s,19.734899,8.135,1.046,-92.005
292.000,ph,6.509773,8.135,1.046,-92.005
292.200,temperature,14.770211,7.943,0.628,-92.002
292.250,turbidity,11.381433,7.895,0.523,-92.001
292.400,temperature,15.035982,7.750,0.209,-92.000
292.500,turbidity,6.961622,7.654,-0.000,-92.000
292.500,h2s,21.324107,7.654,-0.000,-92.000
292.600,temperature,15.419200,7.557,-0.209,-92.000
292.750,turbidity,6.770204,7.411,-0.523,-92.001
292.800,temperature,15.573372,7.362,-0.628,-92.002
293.000,temperature,15.843563,7.167,-1.046,-92.005
293.000,turbidity,7.514015,7.167,-1.046,-92.005
293.000,h2s,21.902995,7.167,-1.046,-92.005
293.000,ph,6.320446,7.167,-1.046,-92.005
293.200,temperature,16.063493,6.971,-1.464,-92.010
293.250,turbidity,7.812174,6.922,-1.568,-92.011
293.400,temperature,16.236876,6.775,-1.880,-92.016
293.500,turbidity,7.261657,6.676,-2.088,-92.019
293.500,h2s,22.720603,6.676,-2.088,-92.019
293.600,temperature,16.411932,6.577,-2.295,-92.024
293.750,turbidity,7.621721,6.429,-2.605,-92.030
293.800,temperature,16.354381,6.379,-2.708,-92.033
294.000,temperature,16.399538,6.180,-3.119,-92.044
294.000,turbidity,7.119016,6.180,-3.119,-92.044
294.000,h2s,23.279905,6.180,-3.119,-92.044
294.000,ph,6.268100,6.180,-3.119,-92.044
294.200,temperature,16.360715,5.981,-3.527,-92.056
294.250,turbidity,7.366088,5.931,-3.629,-92.060
294.400,temperature,16.338620,5.781,-3.933,-92.070
294.500,turbidity,7.700939,5.680,-4.135,-92.078
294.500,h2s,23.243654,5.680,-4.135,-92.078
294.600,temperature,16.321220,5.580,-4.335,-92.086
294.750,turbidity,7.709192,5.429,-4.635,-92.098
294.800,temperature,16.084839,5.378,-4.735,-92.103
295.000,temperature,15.950762,5.176,-5.130,-92.122
295.000,turbidity,7.290292,5.176,-5.130,-92.122
295.000,h2s,22.695289,5.176,-5.130,-92.122
295.000,ph,6.317618,5.176,-5.130,-92.122
295.200,temperature,15.849637,4.974,-5.522,-92.142
295.250,turbidity,6.635563,4.923,-5.619,-92.147
295.400,temperature,15.525265,4.771,-5.909,-92.163
295.500,turbidity,19.721254,4.669,-6.101,-92.175
295.500,h2s,21.643830,4.669,-6.101,-92.175
295.600,temperature,15.219499,4.567,-6.292,-92.187
295.750,turbidity,7.394899,4.414,-6.576,-92.205
295.800,temperature,15.008167,4.363,-6.670,-92.211
296.000,temperature,14.809432,4.158,-7.042,-92.238
296.000,turbidity,6.767071,4.158,-7.042,-92.238
296.000,h2s,20.647561,4.158,-7.042,-92.238
296.000,ph,6.465696,4.158,-7.042,-92.238
296.200,temperature,14.409442,3.953,-7.409,-92.265
296.250,turbidity,6.532760,3.902,-7.500,-92.273
296.400,temperature,14.067536,3.748,-7.770,-92.295
296.500,turbidity,6.304298,3.645,-7.949,-92.310
296.500,h2s,19.398131,3.645,-7.949,-92.310
296.600,temperature,13.808159,3.542,-8.126,-92.325
296.750,turbidity,6.332815,3.387,-8.388,-92.350
296.800,temperature,13.409556,3.335,-8.475,-92.358
297.000,temperature,12.953806,3.129,-8.817,-92.392
297.000,turbidity,6.024615,3.129,-8.817,-92.392
297.000,h2s,17.661571,3.129,-8.817,-92.392
297.000,ph,6.663111,3.129,-8.817,-92.392
297.200,temperature,12.633224,2.922,-9.152,-92.427
297.250,turbidity,5.661677,2.870,-9.235,-92.436
297.400,temperature,12.176336,2.714,-9.480,-92.464
297.500,turbidity,5.404681,2.611,-9.642,-92.482
297.500,h2s,16.491401,2.611,-9.642,-92.482
297.600,temperature,11.945524,2.507,-9.801,-92.502
297.750,turbidity,5.167568,2.351,-10.037,-92.531
297.800,temperature,11.567910,2.299,-10.115,-92.541
298.000,temperature,11.140335,2.091,-10.420,-92.583
298.000,turbidity,4.893699,2.091,-10.420,-92.583
298.000,h2s,14.536027,2.091,-10.420,-92.583
298.000,ph,6.961422,2.091,-10.420,-92.583
298.200,temperature,10.871118,1.882,-10.717,-92.625
298.250,turbidity,4.353756,1.830,-10.790,-92.636
298.400,temperature,10.517848,1.674,-11.006,-92.669
298.500,turbidity,4.659380,1.569,-11.147,-92.692
298.500,h2s,13.226105,1.569,-11.147,-92.692
298.600,temperature,10.257100,1.465,-11.286,-92.715
298.750,turbidity,4.144721,1.308,-11.491,-92.750
298.800,temperature,15.623284,1.256,-11.558,-92.761
299.000,temperature,9.557027,1.047,-11.820,-92.810
299.000,turbidity,4.426083,1.047,-11.820,-92.810
299.000,h2s,12.148651,1.047,-11.820,-92.810
299.000,ph,7.065237,1.047,-11.820,-92.810
299.200,temperature,9.234861,0.838,-12.073,-92.859
299.250,turbidity,10.836880,0.785,-12.135,-92.872
299.400,temperature,8.996907,0.628,-12.317,-92.910
299.500,turbidity,3.204466,0.524,-12.436,-92.936
299.500,h2s,10.739204,0.524,-12.436,-92.936
299.600,temperature,8.643631,0.419,-12.551,-92.963
299.750,turbidity,3.499298,0.262,-12.721,-93.003
299.800,temperature,8.447567,0.209,-12.776,-93.017
